# Alpha Persei Stellar Mass Catalogue
#
# Astrometric and photometric catalogue of candidate cluster members.
#
# Coordinate system: ICRS
# Astrometry: Gaia DR3
# Supplementary photometry: UKIDSS where available.
#
# ra            Right ascension (ICRS, J2000)                     deg
# dec           Declination (ICRS, J2000)                         deg
# par           Parallax                                          mas
# epar          Uncertainty in parallax                           mas
# pmra          Proper motion in RA x cos(Dec)                    mas yr^-1
# epmra         Uncertainty in pmra                               mas yr^-1
# pmdec         Proper motion in Declination                      mas yr^-1
# epmdec        Uncertainty in pmdec                              mas yr^-1
# gmag          Gaia G-band apparent magnitude                    mag
# g_flux        Gaia G-band flux                                  e- s^-1
# g_flux_err    Uncertainty in Gaia G-band flux                   e- s^-1
# bmag          Gaia BP-band apparent magnitude                   mag
# b_flux        Gaia BP-band flux                                 e- s^-1
# b_flux_err    Uncertainty in Gaia BP-band flux                  e- s^-1
# rmag          Gaia RP-band apparent magnitude                   mag
# r_flux        Gaia RP-band flux                                 e- s^-1
# r_flux_err    Uncertainty in Gaia RP-band flux                  e- s^-1
# g_r           Gaia G-RP colour                                  mag
# rv            Radial velocity                                   km s^-1
# rv_err        Uncertainty in radial velocity                    km s^-1
# egmag         Uncertainty in G-band magnitude                   mag
# ebmag         Uncertainty in BP-band magnitude                  mag
# ermag         Uncertainty in RP-band magnitude                  mag
# eg_r          Uncertainty in G-RP colour                        mag
# Survey        Source of supplementary infrared photometry       -
# zmag          UKIDSS Z-band magnitude                           mag
# ezmag         Uncertainty in Z-band magnitude                   mag
# ymag          UKIDSS Y-band magnitude                           mag
# eymag         Uncertainty in Y-band magnitude                   mag
# jmag          UKIDSS J-band magnitude                           mag
# ejmag         Uncertainty in J-band magnitude                   mag
# hmag          UKIDSS H-band magnitude                           mag
# ehmag         Uncertainty in H-band magnitude                   mag
# kmag          UKIDSS K-band magnitude                           mag
# ekmag         Uncertainty in K-band magnitude                   mag
# z_y           Z-Y colour                                        mag
# ez_y          Uncertainty in Z-Y colour                         mag
# y_j           Y-J colour                                        mag
# ey_j          Uncertainty in Y-J colour                         mag
# j_h           J-H colour                                        mag
# ej_h          Uncertainty in J-H colour                         mag
# h_k           H-K colour                                        mag
# eh_k          Uncertainty in H-K colour                         mag
# G_ABS         Absolute Gaia G-band magnitude                    mag
# B_ABS         Absolute Gaia BP-band magnitude                   mag
# R_ABS         Absolute Gaia RP-band magnitude                   mag
# eG_ABS        Uncertainty in absolute G magnitude               mag
# eB_ABS        Uncertainty in absolute BP magnitude              mag
# eR_ABS        Uncertainty in absolute RP magnitude              mag
# Mass_pc       Stellar mass from PARSEC isochrones              Msun
# eMass_pc      Uncertainty in PARSEC stellar mass               Msun
# Mass_mst      Stellar mass from MIST isochrones                Msun
# eMass_mst     Uncertainty in MIST stellar mass                 Msun
# Mass_ML       Stellar mass from empirical m-L relation         Msun
# eMass_ML      Uncertainty in empirical stellar mass            Msun
#
# Missing values are represented by NaN.
#
       ra       dec      par     epar      pmra     epmra      pmdec    epmdec      gmag           g_flux    g_flux_err      bmag           b_flux    b_flux_err      rmag           r_flux    r_flux_err       g_r         rv    rv_err    egmag    ebmag    ermag     eg_r Survey      zmag    ezmag      ymag    eymag      jmag              ejmag      hmag              ehmag      kmag    ekmag       z_y     ez_y       y_j               ey_j       j_h               ej_h                h_k               eh_k     G_ABS     B_ABS     R_ABS   eG_ABS   eB_ABS   eR_ABS  Mass_pc  eMass_pc  Mass_mst  eMass_mst  Mass_ML  eMass_ML
47.350999 45.382954 5.413195 0.032097 23.144207  0.036451 -22.754394  0.030553  8.072505  11115905.896455   3224.170700  8.109416   7792024.443220   2533.584700  7.967967   5151947.810403   2313.900600  0.104538  -2.138456  0.993543 0.000315 0.000353 0.000488 0.000580    G+H       NaN      NaN       NaN      NaN       NaN                NaN       NaN                NaN       NaN      NaN       NaN      NaN       NaN                NaN       NaN                NaN                NaN                NaN  1.739773  1.776684  1.635235 0.012880 0.012881 0.012885 2.198947  0.005311  2.240404   0.006042      NaN       NaN
47.928929 52.163356 5.650027 0.030472 23.583882  0.026622 -24.061628  0.027117  6.872711  33563130.936674  10734.816000  6.873466  24323749.677071  17905.998000  6.827776  14724742.354113   8555.444000  0.044934   4.698649  0.843652 0.000347 0.000799 0.000631 0.000720    G+H       NaN      NaN       NaN      NaN       NaN                NaN       NaN                NaN       NaN      NaN       NaN      NaN       NaN                NaN       NaN                NaN                NaN                NaN  0.632963  0.633718  0.588029 0.011716 0.011738 0.011728 3.168310  0.006793  3.240498   0.007245      NaN       NaN
52.359678 46.937752 6.080066 0.031241 23.229755  0.033370 -25.764435  0.030191  6.177663  63662180.654344  16751.234000  6.236502  43733676.191427  40400.344000  6.025448  30830378.921767  24919.775000  0.152215        NaN       NaN 0.000286 0.001003 0.000878 0.000923    G+H       NaN      NaN       NaN      NaN       NaN                NaN       NaN                NaN       NaN      NaN       NaN      NaN       NaN                NaN       NaN                NaN                NaN                NaN  0.097205  0.156043 -0.055010 0.011161 0.011203 0.011192 3.742391  0.006686  3.821367   0.007750      NaN       NaN
51.217193 47.915012 5.579306 0.025415 22.687123  0.025888 -25.059688  0.026028  7.621414  16841512.036055   5510.503000  7.673583  11640825.119405   6871.647500  7.483087   8052362.615604   3801.127400  0.138327   0.622295  0.322562 0.000355 0.000641 0.000513 0.000624      G       NaN      NaN       NaN      NaN       NaN                NaN       NaN                NaN       NaN      NaN       NaN      NaN       NaN                NaN       NaN                NaN                NaN                NaN  1.354315  1.406484  1.215988 0.009898 0.009912 0.009905 2.508685  0.004859  2.557001   0.004990      NaN       NaN
51.407060 47.020531 5.618432 0.018529 23.199369  0.019870 -24.864245  0.017322  8.912530   5127841.969967   1182.746200  9.044127   3294324.940252   1441.700700  8.662431   2717603.322735    748.406900  0.250099   0.073326  0.548273 0.000250 0.000475 0.000299 0.000390    G+U 11.772293 0.000884 11.903736 0.000934 10.319964           0.000577 10.907998           0.000650  9.438492 0.000284 -0.131443 0.001286  1.583772           0.001098 -0.588034           0.000869           1.469506           0.000709  2.660606  2.792202  2.410507 0.007166 0.007177 0.007167 1.671046  0.001708  1.690036   0.001780      NaN       NaN
51.636220 47.266309 5.862284 0.032950 23.317887  0.042465 -26.054597  0.030900  8.152738  10324086.717412   3228.707800  8.233938   6947710.066751   2792.822300  7.975865   5114604.119499   1941.565400  0.176872  -9.204958  0.603911 0.000340 0.000436 0.000412 0.000534    G+H       NaN      NaN       NaN      NaN       NaN                NaN       NaN                NaN       NaN      NaN       NaN      NaN       NaN                NaN       NaN                NaN                NaN                NaN  1.993072  2.074272  1.816200 0.012210 0.012213 0.012212 2.028475  0.004788  2.061127   0.004984      NaN       NaN
47.016219 52.213408 5.371526 0.042070 23.027747  0.031308 -22.840814  0.039156  6.302977  56722591.961473  27827.855000  6.285806  41792146.195246  64289.690000  6.291295  24134619.521928  39744.490000  0.011682        NaN       NaN 0.000533 0.001670 0.001788 0.001866    G+H       NaN      NaN       NaN      NaN       NaN                NaN       NaN                NaN       NaN      NaN       NaN      NaN       NaN                NaN       NaN                NaN                NaN                NaN -0.046535 -0.063706 -0.058217 0.017015 0.017089 0.017101 3.874597  0.010718  3.957478   0.010884      NaN       NaN
48.177889 47.838491 5.880571 0.016466 24.605506  0.016171 -25.113368  0.014684  8.921372   5086251.293134    976.010200  9.080392   3186104.731929   1163.683700  8.628620   2803562.012053    733.680300  0.292752   1.206717  1.291671 0.000208 0.000397 0.000284 0.000352    G+H       NaN      NaN       NaN      NaN       NaN                NaN       NaN                NaN       NaN      NaN       NaN      NaN       NaN                NaN       NaN                NaN                NaN                NaN  2.768469  2.927489  2.475717 0.006084 0.006093 0.006087 1.628955  0.001349  1.644790   0.001355      NaN       NaN
50.947382 48.604307 5.599021 0.041186 25.528837  0.045417 -24.302869  0.038638  6.979063  30431370.558132  12643.741000  6.973479  22183254.634385  12886.472000  6.939473  13285226.939335   6992.080600  0.039590   4.222033  0.782403 0.000451 0.000631 0.000571 0.000728    G+H       NaN      NaN       NaN      NaN       NaN                NaN       NaN                NaN       NaN      NaN       NaN      NaN       NaN                NaN       NaN                NaN                NaN                NaN  0.719623  0.714040  0.680033 0.015980 0.015986 0.015983 3.082799  0.009097  3.149933   0.009906      NaN       NaN
49.947058 48.627809 5.644116 0.030967 23.124966  0.034945 -25.097267  0.033832  7.643894  16496403.537938   5382.656200  7.669612  11683482.439379  10010.178000  7.557180   7521187.030769   3177.491200  0.086714   1.317247  0.842002 0.000354 0.000930 0.000459 0.000580    G+H       NaN      NaN       NaN      NaN       NaN                NaN       NaN                NaN       NaN      NaN       NaN      NaN       NaN                NaN       NaN                NaN                NaN                NaN  1.401873  1.427591  1.315159 0.011919 0.011950 0.011923 2.462736  0.005740  2.510734   0.005939      NaN       NaN
48.272050 49.009294 5.732291 0.031605 22.151227  0.034346 -24.875839  0.026149  7.950803  12434418.114848   4217.877000  7.997701   8636475.696045   4843.666000  7.824770   5878277.249590   1940.525500  0.126033  -1.631029  0.165709 0.000368 0.000609 0.000358 0.000514    G+H       NaN      NaN       NaN      NaN       NaN                NaN       NaN                NaN       NaN      NaN       NaN      NaN       NaN                NaN       NaN                NaN                NaN                NaN  1.742444  1.789342  1.616412 0.011978 0.011988 0.011978 2.199184  0.004948  2.240640   0.005669      NaN       NaN
48.459891 49.568769 5.768468 0.027292 24.465209  0.028178 -24.703150  0.033672  7.137924  26289182.745095   8250.781000  7.148034  18888754.376330  11845.005000  7.075852  11717019.434701   4967.228000  0.062072   6.440671  0.546458 0.000341 0.000681 0.000460 0.000573    G+H       NaN      NaN       NaN      NaN       NaN                NaN       NaN                NaN       NaN      NaN       NaN      NaN       NaN                NaN       NaN                NaN                NaN                NaN  0.943226  0.953336  0.881155 0.010279 0.010296 0.010284 2.869215  0.005528  2.923949   0.005940      NaN       NaN
49.686703 49.769845 5.682154 0.030709 23.477219  0.032356 -24.662142  0.031191  7.937751  12584799.623036   5266.105000  7.983326   8751580.196369   5794.477500  7.823111   5887271.246459   2513.378400  0.114641  -6.726463  1.519950 0.000454 0.000719 0.000464 0.000649    G+H       NaN      NaN       NaN      NaN       NaN                NaN       NaN                NaN       NaN      NaN       NaN      NaN       NaN                NaN       NaN                NaN                NaN                NaN  1.710316  1.755891  1.595676 0.011744 0.011758 0.011745 2.220375  0.004974  2.263649   0.005455      NaN       NaN
53.993856 47.090913 5.766490 0.033272 22.385554  0.033596 -25.759730  0.030965  6.867410  33727398.411927  17125.662000  6.847448  24913661.641187  36455.740000  6.862416  14262370.468158  16386.660000  0.004993        NaN       NaN 0.000551 0.001589 0.001247 0.001364    G+H       NaN      NaN       NaN      NaN       NaN                NaN       NaN                NaN       NaN      NaN       NaN      NaN       NaN                NaN       NaN                NaN                NaN                NaN  0.671967  0.652006  0.666974 0.012541 0.012629 0.012591 3.123853  0.007178  3.193633   0.007724      NaN       NaN
54.565070 47.576859 5.838096 0.110270 21.887712  0.113381 -27.175013  0.093762  7.445138  19810313.261097   7578.961400  7.438660  14452829.370477   8038.674300  7.418984   8542097.663264   5285.762700  0.026155   1.800799  1.273370 0.000415 0.000604 0.000672 0.000790    G+H       NaN      NaN       NaN      NaN       NaN                NaN       NaN                NaN       NaN      NaN       NaN      NaN       NaN                NaN       NaN                NaN                NaN                NaN  1.276495  1.270016  1.250340 0.041017 0.041019 0.041020 2.563221  0.020413  2.611542   0.020493      NaN       NaN
56.364954 47.660235 5.570896 0.034748 20.541684  0.034515 -26.121999  0.028195  7.164807  25646260.469780   7040.625500  7.149186  18868720.260591   8711.325000  7.156385  10879382.883055   6876.737000  0.008422   7.007697  0.594096 0.000298 0.000501 0.000686 0.000748    G+H       NaN      NaN       NaN      NaN       NaN                NaN       NaN                NaN       NaN      NaN       NaN      NaN       NaN                NaN       NaN                NaN                NaN                NaN  0.894432  0.878811  0.886010 0.013548 0.013554 0.013562 2.907411  0.007344  2.962581   0.007683      NaN       NaN
53.342870 47.421930 5.861986 0.030739 22.743462  0.030749 -26.698229  0.029514  8.193308   9945428.020876   2977.740000  8.257850   6796369.017137   4194.612300  8.044343   4801985.378348   1725.219800  0.148965  -5.082845  1.273079 0.000325 0.000670 0.000390 0.000508  G+U+H 11.797034 0.000881 12.694519 0.001303 12.882589           0.001932 12.619334           0.001570 10.250437 0.000406 -0.897485 0.001573 -0.188070           0.002330  0.263255           0.002489           2.368897           0.001621  2.033532  2.098074  1.884567 0.011391 0.011406 0.011393 1.999917  0.004403  2.031552   0.004675      NaN       NaN
52.641763 47.628078 5.532687 0.020887 21.854787  0.018428 -25.011274  0.017237  8.741654   6001847.150563   1681.298300  8.874208   3852419.734306   2798.255100  8.482749   3206702.590185   1523.315000  0.258905   0.238968  2.039416 0.000304 0.000789 0.000516 0.000599      G       NaN      NaN       NaN      NaN       NaN                NaN       NaN                NaN       NaN      NaN       NaN      NaN       NaN                NaN       NaN                NaN                NaN                NaN  2.456335  2.588889  2.197430 0.008203 0.008236 0.008214 1.761193  0.002271  1.786696   0.002526      NaN       NaN
52.888217 47.862299 5.780305 0.045015 22.388664  0.052368 -26.603086  0.041236  6.757468  37321526.613632  13387.899000  6.737034  27580577.389048  12942.195000  6.747827  15849929.524476  12212.396000  0.009641   8.497786  0.936383 0.000389 0.000509 0.000837 0.000923    G+H       NaN      NaN       NaN      NaN       NaN                NaN       NaN                NaN       NaN      NaN       NaN      NaN       NaN                NaN       NaN                NaN                NaN                NaN  0.567222  0.546788  0.557581 0.016915 0.016918 0.016931 3.230469  0.009722  3.304475   0.010181      NaN       NaN
54.122565 48.192516 5.963530 0.133122 22.449023  0.117260 -26.668574  0.110000  4.123160 422360044.186810 398534.030000  4.111847 309512312.248834 461151.100000  4.107095 180434703.890195 260865.730000  0.016065        NaN       NaN 0.001024 0.001618 0.001570 0.001874    G+H       NaN      NaN       NaN      NaN       NaN                NaN       NaN                NaN       NaN      NaN       NaN      NaN       NaN                NaN       NaN                NaN                NaN                NaN -1.999323 -2.010636 -2.015388 0.048484 0.048500 0.048499 5.450246  0.026219  5.485482   0.016463      NaN       NaN
51.982575 47.735813 5.803300 0.029570 23.989831  0.030404 -26.503793  0.026415  7.247358  23768605.300730  11192.077000  7.261230  17018639.121376  23161.496000  7.180887  10636611.615783  11859.552000  0.066471   0.425153  2.180802 0.000511 0.001478 0.001211 0.001314    G+H       NaN      NaN       NaN      NaN       NaN                NaN       NaN                NaN       NaN      NaN       NaN      NaN       NaN                NaN       NaN                NaN                NaN                NaN  1.065733  1.079605  0.999262 0.011076 0.011163 0.011130 2.755958  0.005852  2.806888   0.006079      NaN       NaN
52.654109 48.103484 5.615809 0.119415 21.285008  0.110233 -26.855954  0.110844  5.806673  89593724.158031  57447.120000  5.785555  66251373.742604  66008.570000  5.814310  37448501.679944  43979.777000 -0.007637   7.227358  0.934428 0.000696 0.001082 0.001275 0.001453    G+H       NaN      NaN       NaN      NaN       NaN                NaN       NaN                NaN       NaN      NaN       NaN      NaN       NaN                NaN       NaN                NaN                NaN                NaN -0.446265 -0.467383 -0.438629 0.046180 0.046187 0.046192 4.292843  0.027056  4.367832   0.027457      NaN       NaN
51.709534 47.915989 5.580992 0.027017 22.590995  0.026898 -24.168681  0.026956  7.711511  15500381.693958   4275.941400  7.755590  10793968.504278   7392.367000  7.591017   7290403.316482   2622.896200  0.120494   2.982534  1.028200 0.000300 0.000744 0.000391 0.000492    G+U 13.135564 0.001452 13.082721 0.001442 10.927036           0.000718 11.970914           0.001160 10.050812 0.000357  0.052843 0.002047  2.155685           0.001611 -1.043878           0.001364           1.920102           0.001213  1.445068  1.489147  1.324574 0.010516 0.010538 0.010519 2.430220  0.004989  2.477925   0.005288      NaN       NaN
51.771690 48.205396 5.697890 0.038843 23.512782  0.042153 -25.188178  0.041278  6.831640  34857073.549246  12632.131000  6.819602  25560905.416027  21326.035000  6.807853  14997439.764988   8646.616000  0.023787   5.514539  0.877132 0.000393 0.000906 0.000626 0.000739    G+H       NaN      NaN       NaN      NaN       NaN                NaN       NaN                NaN       NaN      NaN       NaN      NaN       NaN                NaN       NaN                NaN                NaN                NaN  0.610210  0.598172  0.586423 0.014808 0.014831 0.014816 3.189060  0.008601  3.261618   0.009156      NaN       NaN
51.544374 48.221633 5.825912 0.024340 23.454644  0.025398 -25.971426  0.023234  8.482347   7620934.211387   1989.320600  8.564612   5123560.245010   2900.723100  8.307827   3767274.150456   1134.510000  0.174520  -1.527835  0.661632 0.000283 0.000615 0.000327 0.000433    G+U 13.195997 0.001625 13.010569 0.001501       NaN -1000000000.000000 12.925062           0.001699 10.800994 0.000501  0.185429 0.002212       NaN -1000000000.000000       NaN -1000000000.000000           2.124068           0.001772  2.309167  2.391432  2.134647 0.009077 0.009093 0.009078 1.833527  0.002815  1.862392   0.003139      NaN       NaN
51.906777 48.272839 5.773258 0.031083 22.270261  0.032276 -25.963274  0.031540  7.944284  12509307.519127   4829.903300  7.987491   8718077.255501   7690.229000  7.833806   5829563.854187   2329.970700  0.110478  -3.960881  0.789377 0.000419 0.000958 0.000434 0.000603    G+U 12.934872 0.001551 12.663797 0.001209 11.104456           0.000807 11.879384           0.000968 11.606046 0.000764  0.271074 0.001966  1.559341           0.001453 -0.774928           0.001261           0.273338           0.001233  1.751388  1.794596  1.640910 0.011699 0.011730 0.011699 2.190435  0.004715  2.231232   0.005029      NaN       NaN
52.282004 48.302787 5.773459 0.033328 22.858751  0.031928 -25.567853  0.029493  7.363313  21360998.196078   7506.510000  7.356329  15591412.896088   8932.682000  7.334983   9229216.448704   4479.323000  0.028330  -0.405948  1.601683 0.000382 0.000622 0.000527 0.000651      G       NaN      NaN       NaN      NaN       NaN                NaN       NaN                NaN       NaN      NaN       NaN      NaN       NaN                NaN       NaN                NaN                NaN                NaN  1.170493  1.163509  1.142164 0.012541 0.012551 0.012546 2.656897  0.006430  2.705737   0.006617      NaN       NaN
52.974931 48.735040 6.030865 0.079133 23.393422  0.078300 -23.533291  0.075800  6.603465  43009128.246724  15586.949000  6.584735  31733861.955686  21478.885000  6.591231  18309045.892377  13979.460000  0.012234        NaN       NaN 0.000393 0.000735 0.000829 0.000918    G+H       NaN      NaN       NaN      NaN       NaN                NaN       NaN                NaN       NaN      NaN       NaN      NaN       NaN                NaN       NaN                NaN                NaN                NaN  0.505363  0.486633  0.493129 0.028495 0.028502 0.028505 3.292605  0.016427  3.368309   0.016769      NaN       NaN
53.554169 48.617356 5.935589 0.034808 22.303443  0.031394 -26.661573  0.031533  7.366184  21304590.833931   6882.260700  7.367008  15438798.818645   7841.375500  7.323867   9324191.874460   5866.581000  0.042316        NaN       NaN 0.000351 0.000551 0.000683 0.000768    G+H       NaN      NaN       NaN      NaN       NaN                NaN       NaN                NaN       NaN      NaN       NaN      NaN       NaN                NaN       NaN                NaN                NaN                NaN  1.233503  1.234327  1.191186 0.012739 0.012746 0.012752 2.602716  0.006412  2.651008   0.006520      NaN       NaN
53.590096 48.659844 5.903748 0.023157 23.072707  0.021598 -26.920435  0.021333  8.762690   5886687.055095   1432.721100  8.883579   3819313.355836   1434.003500  8.528231   3075148.062104    967.498900  0.234459  -0.031227  0.671925 0.000264 0.000408 0.000342 0.000432      G       NaN      NaN       NaN      NaN       NaN                NaN       NaN                NaN       NaN      NaN       NaN      NaN       NaN                NaN       NaN                NaN                NaN                NaN  2.618329  2.739218  2.383870 0.008521 0.008527 0.008524 1.688483  0.002076  1.708885   0.002516      NaN       NaN
54.646408 48.593371 5.631373 0.024730 21.661336  0.022481 -26.873695  0.019943  8.598094   6850292.234318   1716.568800  8.710408   4479747.601409   2013.564100  8.372939   3547992.229011   1233.668300  0.225155  -1.339450  1.410907 0.000272 0.000488 0.000378 0.000465    G+H       NaN      NaN       NaN      NaN       NaN                NaN       NaN                NaN       NaN      NaN       NaN      NaN       NaN                NaN       NaN                NaN                NaN                NaN  2.351165  2.463479  2.126010 0.009540 0.009548 0.009543 1.812646  0.002857  1.840549   0.003339      NaN       NaN
60.085426 47.571558 5.573559 0.207046 20.273787  0.204320 -26.934654  0.161219  8.324927   8809997.751707   2991.756800  8.420065   5853167.658415   2790.268000  8.110520   4518038.154048   2163.155500  0.214407        NaN       NaN 0.000369 0.000518 0.000520 0.000637    G+H       NaN      NaN       NaN      NaN       NaN                NaN       NaN                NaN       NaN      NaN       NaN      NaN       NaN                NaN       NaN                NaN                NaN                NaN  2.055590  2.150728  1.841183 0.080667 0.080667 0.080667 1.990541  0.030728  2.023063   0.030994      NaN       NaN
60.684453 46.996807 5.517796 0.022953 25.656286  0.023660 -26.615366  0.019325  8.477464   7655285.405108   1879.329500  8.555594   5166298.783012  20738.805000  8.204886   4141937.886457  28309.111000  0.272577   2.638845  0.440566 0.000267 0.004358 0.007421 0.007426    G+H       NaN      NaN       NaN      NaN       NaN                NaN       NaN                NaN       NaN      NaN       NaN      NaN       NaN                NaN       NaN                NaN                NaN                NaN  2.186292  2.264422  1.913714 0.009037 0.010029 0.011690 1.912746  0.003480  1.945072   0.003475      NaN       NaN
51.545383 48.383928 5.832251 0.031943 23.427707  0.029746 -25.697052  0.029592  7.504003  18764859.840475   5735.394000  7.507217  13568445.748312   9481.179000  7.458328   8238095.820680   3699.043000  0.045675        NaN       NaN 0.000332 0.000759 0.000488 0.000590    G+H       NaN      NaN       NaN      NaN       NaN                NaN       NaN                NaN       NaN      NaN       NaN      NaN       NaN                NaN       NaN                NaN                NaN                NaN  1.333184  1.336398  1.287509 0.011898 0.011917 0.011903 2.516667  0.005849  2.564820   0.005976      NaN       NaN
52.012949 49.062754 5.677485 0.124787 22.753757  0.128118 -25.649476  0.123043  4.954242 196449103.020035 185311.390000  4.908152 148647019.835053 166842.720000  5.024127  77536736.240756 104453.330000 -0.069885        NaN       NaN 0.001024 0.001219 0.001463 0.001786    G+H       NaN      NaN       NaN      NaN       NaN                NaN       NaN                NaN       NaN      NaN       NaN      NaN       NaN                NaN       NaN                NaN                NaN                NaN -1.274978 -1.321069 -1.205094 0.047738 0.047743 0.047750 5.022113  0.023424  5.087493   0.019067      NaN       NaN
51.125313 49.139794 5.698609 0.033191 23.585992  0.037035 -24.847457  0.032770  7.871983  13370674.795972   5038.032700  7.896375   9481277.745816   7730.273400  7.796347   6034198.089376   2900.717000  0.075637  -4.938630  0.747903 0.000409 0.000885 0.000522 0.000663    G+H       NaN      NaN       NaN      NaN       NaN                NaN       NaN                NaN       NaN      NaN       NaN      NaN       NaN                NaN       NaN                NaN                NaN                NaN  1.650828  1.675219  1.575191 0.012654 0.012678 0.012658 2.261520  0.005527  2.306305   0.005870      NaN       NaN
51.489253 49.120640 6.095926 0.044436 23.752822  0.051774 -26.656398  0.046466  6.068375  70403889.809330  58421.350000  6.017674  53499189.942439 169168.100000  6.115639  28372837.806836  90552.670000 -0.047264        NaN       NaN 0.000901 0.003433 0.003465 0.003580    G+H       NaN      NaN       NaN      NaN       NaN                NaN       NaN                NaN       NaN      NaN       NaN      NaN       NaN                NaN       NaN                NaN                NaN                NaN -0.006427 -0.057128  0.040837 0.015854 0.016197 0.016204 3.822362  0.009944  3.905781   0.010020      NaN       NaN
51.291937 49.251427 5.634135 0.026736 23.546220  0.025194 -24.952056  0.025639  8.149910  10351012.523967   3647.982400  8.192924   7215182.447362   4664.392000  8.035589   4840859.528594   1988.750000  0.114321  -6.059538  1.703767 0.000383 0.000702 0.000446 0.000588      G       NaN      NaN       NaN      NaN       NaN                NaN       NaN                NaN       NaN      NaN       NaN      NaN       NaN                NaN       NaN                NaN                NaN                NaN  1.904046  1.947060  1.789725 0.010312 0.010328 0.010314 2.083849  0.003827  2.120068   0.004475      NaN       NaN
51.336500 49.316058 5.684303 0.023254 22.875513  0.022609 -24.576319  0.021977  8.405918   8176725.050889   2701.243200  8.484613   5515329.687745   5554.044000  8.235941   4025148.998292   2295.780800  0.169977   0.646963  1.814769 0.000359 0.001093 0.000619 0.000716      G       NaN      NaN       NaN      NaN       NaN                NaN       NaN                NaN       NaN      NaN       NaN      NaN       NaN                NaN       NaN                NaN                NaN                NaN  2.179304  2.257999  2.009327 0.008890 0.008950 0.008905 1.907244  0.003098  1.938720   0.003156      NaN       NaN
52.158425 49.387522 5.601062 0.022169 22.637405  0.019520 -24.759992  0.021143  8.411223   8136872.989772   2338.429000  8.474685   5565995.831857   3155.014200  8.266935   3911866.028105   1320.220500  0.144288  -9.451149  1.181365 0.000312 0.000615 0.000366 0.000481      G       NaN      NaN       NaN      NaN       NaN                NaN       NaN                NaN       NaN      NaN       NaN      NaN       NaN                NaN       NaN                NaN                NaN                NaN  2.152575  2.216037  2.008287 0.008600 0.008617 0.008602 1.922551  0.003050  1.954062   0.003426      NaN       NaN
52.811319 49.706131 5.479462 0.023810 21.658288  0.021367 -24.821695  0.023998  8.579758   6966968.326611   1738.065100  8.662825   4680443.853390   1855.351100  8.403666   3448988.473520   1123.096900  0.176091  -5.560095  1.649189 0.000271 0.000430 0.000354 0.000445    G+H       NaN      NaN       NaN      NaN       NaN                NaN       NaN                NaN       NaN      NaN       NaN      NaN       NaN                NaN       NaN                NaN                NaN                NaN  2.273448  2.356515  2.097356 0.009439 0.009445 0.009442 1.852975  0.003014  1.882459   0.003154      NaN       NaN
52.875922 49.901967 5.707024 0.021127 22.240123  0.019147 -25.329976  0.023616  8.735050   6038466.715480   1311.664700  8.849985   3939335.128865   1078.685300  8.510354   3126198.686526   1063.449300  0.224696  -3.096776  1.119908 0.000236 0.000297 0.000369 0.000438    G+H       NaN      NaN       NaN      NaN       NaN                NaN       NaN                NaN       NaN      NaN       NaN      NaN       NaN                NaN       NaN                NaN                NaN                NaN  2.517098  2.632033  2.292402 0.008042 0.008044 0.008047 1.732091  0.002099  1.754952   0.002301      NaN       NaN
51.912525 49.599805 5.728327 0.035745 21.870455  0.029076 -25.724801  0.029989  6.927946  31898354.830045   9462.694000  6.905986  23605996.104057   8076.635300  6.930574  13394566.453657   5378.871000 -0.002628        NaN       NaN 0.000322 0.000371 0.000436 0.000542    G+H       NaN      NaN       NaN      NaN       NaN                NaN       NaN                NaN       NaN      NaN       NaN      NaN       NaN                NaN       NaN                NaN                NaN                NaN  0.718085  0.696125  0.720713 0.013554 0.013555 0.013557 3.076543  0.007716  3.143204   0.008447      NaN       NaN
52.218189 49.848273 5.786016 0.103861 22.627647  0.078164 -25.220887  0.095642  5.550931 113389863.615318  64172.220000  5.524940  84224927.033154  82676.570000  5.552907  47642585.363930  72605.600000 -0.001976        NaN       NaN 0.000614 0.001066 0.001655 0.001765    G+H       NaN      NaN       NaN      NaN       NaN                NaN       NaN                NaN       NaN      NaN       NaN      NaN       NaN                NaN       NaN                NaN                NaN                NaN -0.637170 -0.663161 -0.635195 0.038983 0.038993 0.039014 4.484098  0.020882  4.569001   0.022361      NaN       NaN
52.077581 49.952759 5.555218 0.044317 22.197516  0.032564 -25.781026  0.037359  8.101775  10820235.333694   3230.658200  8.163590   7412781.070818   2674.575700  7.910370   5432628.679793   2138.077100  0.191405        NaN       NaN 0.000324 0.000392 0.000427 0.000536      G       NaN      NaN       NaN      NaN       NaN                NaN       NaN                NaN       NaN      NaN       NaN      NaN       NaN                NaN       NaN                NaN                NaN                NaN  1.825280  1.887095  1.633876 0.017326 0.017327 0.017328 2.151517  0.007127  2.189870   0.007597      NaN       NaN
50.805138 49.213160 5.681716 0.083615 22.060429  0.104706 -24.958690  0.089840  5.297275 143230944.065514 124740.010000  5.258018 107698509.651974 143181.520000  5.340246  57950865.276471 146501.840000 -0.042971        NaN       NaN 0.000946 0.001443 0.002745 0.002903    G+H       NaN      NaN       NaN      NaN       NaN                NaN       NaN                NaN       NaN      NaN       NaN      NaN       NaN                NaN       NaN                NaN                NaN                NaN -0.930328 -0.969584 -0.887357 0.031970 0.031989 0.032074 4.747744  0.015712  4.831078   0.015390      NaN       NaN
51.080085 49.221149 5.519179 0.040461 23.261304  0.052156 -24.731218  0.041952  8.923435   5076597.146160   1320.645100  9.082783   3179097.908274   1932.379800  8.628737   2803261.437867   1100.591900  0.294699   3.602952  2.192622 0.000282 0.000660 0.000426 0.000511    G+U 12.505832 0.001152 12.438217 0.001113 11.071595           0.000796 12.266304           0.001204 10.500884 0.000423  0.067615 0.001602  1.366622           0.001368 -1.194709           0.001443           1.765420           0.001276  2.632807  2.792155  2.338109 0.015921 0.015933 0.015925 1.682755  0.003836  1.702622   0.004251      NaN       NaN
51.268333 49.795287 5.743321 0.027969 22.851154  0.027248 -25.861762  0.030661  8.980829   4815206.718114    931.365360  9.148071   2993563.102981   1054.068000  8.675249   2685706.389454    769.517900  0.305580   0.887467  5.080036 0.000210 0.000382 0.000311 0.000375      G       NaN      NaN       NaN      NaN       NaN                NaN       NaN                NaN       NaN      NaN       NaN      NaN       NaN                NaN       NaN                NaN                NaN                NaN  2.776644  2.943886  2.471064 0.010577 0.010582 0.010579 1.625892  0.002313  1.642349   0.002609      NaN       NaN
51.664537 50.846389 5.856348 0.034958 22.702037  0.029600 -25.427294  0.030326  7.617272  16905877.619277   5949.601600  7.650474  11891239.872484   8357.907000  7.518015   7797441.335377   4602.722700  0.099257   0.298138  0.807108 0.000382 0.000763 0.000641 0.000746    G+H       NaN      NaN       NaN      NaN       NaN                NaN       NaN                NaN       NaN      NaN       NaN      NaN       NaN                NaN       NaN                NaN                NaN                NaN  1.455407  1.488609  1.356150 0.012968 0.012985 0.012978 2.419429  0.006111  2.467092   0.006357      NaN       NaN
49.781988 50.094861 5.765341 0.089228 22.755686  0.089848 -24.445884  0.115720  5.009382 186721371.469670 120974.680000  4.980562 139056698.895190 122200.586000  5.039084  76475873.492699 169975.390000 -0.029703        NaN       NaN 0.000703 0.000954 0.002413 0.002514    G+H       NaN      NaN       NaN      NaN       NaN                NaN       NaN                NaN       NaN      NaN       NaN      NaN       NaN                NaN       NaN                NaN                NaN                NaN -1.186493 -1.215313 -1.156791 0.033614 0.033620 0.033693 4.951615  0.017278  5.029664   0.014432      NaN       NaN
49.657417 50.222068 5.532595 0.080934 23.008139  0.069033 -24.434866  0.087112  5.124061 168005058.094816 107289.720000  5.089904 125734716.208356  91156.125000  5.150276  69031558.359963 178655.940000 -0.026215        NaN       NaN 0.000693 0.000787 0.002810 0.002894    G+H       NaN      NaN       NaN      NaN       NaN                NaN       NaN                NaN       NaN      NaN       NaN      NaN       NaN                NaN       NaN                NaN                NaN                NaN -1.161294 -1.195451 -1.135079 0.031773 0.031775 0.031889 4.932273  0.014043  5.013013   0.013784      NaN       NaN
49.599794 50.555588 5.959818 0.027580 25.047856  0.021551 -25.815717  0.023468  8.013917  11732209.962667   2838.570600  8.097808   7875783.880948   3054.026100  7.825105   5876466.835553   1927.573700  0.188812  -2.337781  0.847411 0.000263 0.000421 0.000356 0.000443    G+H       NaN      NaN       NaN      NaN       NaN                NaN       NaN                NaN       NaN      NaN       NaN      NaN       NaN                NaN       NaN                NaN                NaN                NaN  1.890082  1.973973  1.701270 0.010052 0.010058 0.010055 2.097868  0.003914  2.135407   0.004381      NaN       NaN
50.026258 50.968648 5.722430 0.034923 22.799517  0.028640 -25.510145  0.037308  7.051008  28480221.672129   8082.667000  7.064404  20401186.110065  11359.237000  6.983452  12757849.656349   6541.806000  0.067556   3.744154  0.697005 0.000308 0.000605 0.000557 0.000636    G+H       NaN      NaN       NaN      NaN       NaN                NaN       NaN                NaN       NaN      NaN       NaN      NaN       NaN                NaN       NaN                NaN                NaN                NaN  0.838910  0.852306  0.771354 0.013256 0.013266 0.013264 2.968534  0.007302  3.026198   0.008489      NaN       NaN
50.929996 51.770249 5.787156 0.069954 22.190956  0.059217 -25.467559  0.065324  7.858462  13538231.375769   4503.678000  7.901480   9436803.782364   5869.043500  7.744847   6327315.356811   2190.950400  0.113615  -4.911398  0.783422 0.000361 0.000675 0.000376 0.000521    G+H       NaN      NaN       NaN      NaN       NaN                NaN       NaN                NaN       NaN      NaN       NaN      NaN       NaN                NaN       NaN                NaN                NaN                NaN  1.670788  1.713806  1.557173 0.026251 0.026257 0.026251 2.250306  0.011365  2.294748   0.011749      NaN       NaN
49.204733 51.218082 5.422942 0.041542 23.630143  0.035737 -23.821112  0.040625  7.173210  25448542.793361   5929.923300  7.186377  18233343.269863  12524.705000  7.101887  11439404.870217   5167.946300  0.071323        NaN       NaN 0.000253 0.000746 0.000490 0.000552    G+H       NaN      NaN       NaN      NaN       NaN                NaN       NaN                NaN       NaN      NaN       NaN      NaN       NaN                NaN       NaN                NaN                NaN                NaN  0.844385  0.857552  0.773062 0.016636 0.016651 0.016642 2.964533  0.009154  3.021843   0.010328      NaN       NaN
52.384107 43.230593 5.438350 0.017090 22.825548  0.022501 -27.081478  0.015579  8.847069   5446522.485389   1253.046000  9.018954   3371592.893656   1552.428300  8.542295   3035571.697520   1044.730800  0.304774   6.481374  0.591717 0.000250 0.000500 0.000374 0.000449    G+H       NaN      NaN       NaN      NaN       NaN                NaN       NaN                NaN       NaN      NaN       NaN      NaN       NaN                NaN       NaN                NaN                NaN                NaN  2.524405  2.696290  2.219630 0.006829 0.006842 0.006834 1.728402  0.001773  1.751095   0.001646      NaN       NaN
49.505119 52.126537 5.494538 0.013713 23.053948  0.012643 -23.370664  0.015079 12.630064    167078.781038    215.678120 13.194586     72041.500233    323.051270 11.910438    136452.979711    498.847560  0.719626  -2.594205  2.136640 0.001402 0.004869 0.003969 0.004209    G+U 11.530760 0.000662 11.513720 0.000644 11.052174           0.000706 10.937309           0.000632 10.441311 0.000423  0.017039 0.000924  0.461547           0.000956  0.114864           0.000948           0.495998           0.000761  6.329720  6.894242  5.610094 0.005598 0.007285 0.006718 0.815040  0.000619  0.823159   0.000702 0.823475  0.005188
48.944751 52.513936 5.676593 0.019931 22.067881  0.018971 -26.082395  0.020894 12.335012    219251.323479    302.493500 12.920256     92750.118315    451.307600 11.596748    182162.508462    620.990800  0.738263 -11.254771  8.023608 0.001498 0.005283 0.003701 0.003993    G+U 11.394232 0.000641 11.224351 0.000596 10.808198           0.000633 10.956394           0.000666 10.067106 0.000358  0.169881 0.000875  0.416153           0.000869 -0.148196           0.000919           0.889288           0.000756  6.105450  6.690695  5.367187 0.007770 0.009276 0.008475 0.849812  0.000727  0.854633   0.000677 0.843130  0.005831
48.965271 52.559745 5.927827 0.014331 24.612499  0.013281 -24.896810  0.015335 12.785024    144856.212006    151.000150 13.399734     59638.055247    219.711580 12.034507    121718.148108    362.572970  0.750517  -2.869919  1.643204 0.001132 0.004000 0.003234 0.003426      G       NaN      NaN       NaN      NaN       NaN                NaN       NaN                NaN       NaN      NaN       NaN      NaN       NaN                NaN       NaN                NaN                NaN                NaN  6.649502  7.264212  5.898985 0.005370 0.006600 0.006166 0.761768  0.000486  0.780863   0.000707 0.791048  0.004683
49.725725 43.134328 5.871314 0.041513 22.310524  0.059669 -25.683403  0.043116 12.234442    240530.433430    342.381770 12.778453    105690.442229    545.128500 11.522527    195050.755052    676.960750  0.711915  -8.054938  5.543130 0.001545 0.005600 0.003768 0.004073      G       NaN      NaN       NaN      NaN       NaN                NaN       NaN                NaN       NaN      NaN       NaN      NaN       NaN                NaN       NaN                NaN                NaN                NaN  6.078119  6.622130  5.366204 0.015431 0.016343 0.015809 0.854329  0.001291  0.858947   0.001426 0.848937  0.005910
50.005471 46.883527 6.079798 0.027674 24.186305  0.030443 -25.315826  0.024416 12.252605    236539.980938    340.469300 12.823361    101408.021070    518.282700 11.523272    194916.982701    713.514100  0.729334  13.177432  8.123813 0.001563 0.005549 0.003974 0.004271    G+U 10.967769 0.000600 11.081710 0.000570 10.511542           0.000622 10.639103           0.000580  9.969073 0.000357 -0.113941 0.000827  0.570168           0.000844 -0.127561           0.000851           0.670030           0.000681  6.172051  6.742807  5.442718 0.010007 0.011335 0.010653 0.840249  0.000947  0.845283   0.000912 0.837751  0.005835
51.716424 47.046712 5.738036 0.028350 22.674609  0.031362 -24.871833  0.030176 14.994267     18933.893630     16.063847 16.246561      4333.037570     17.015348 13.889734     22042.694227     44.967995  1.104533  -9.599341  9.326822 0.000921 0.004264 0.002215 0.002399    G+U 13.081793 0.001591 12.819061 0.001407 12.326001           0.001377 11.662740           0.000948 11.480255 0.000756  0.262732 0.002124  0.493060           0.001969  0.663261           0.001672           0.182485           0.001213  8.788083 10.040377  7.683550 0.010768 0.011545 0.010955 0.552372  0.000376  0.509267   0.001784 0.549825  0.009613
52.190955 45.451319 5.561501 0.026224 21.864444  0.026405 -24.771683  0.026391 14.763488     23418.105300     34.461807 15.907020      5923.918800     41.423836 13.697991     26300.350437    103.144130  1.065496 -15.275485  7.754623 0.001598 0.007592 0.004258 0.004548      G       NaN      NaN       NaN      NaN       NaN                NaN       NaN                NaN       NaN      NaN       NaN      NaN       NaN                NaN       NaN                NaN                NaN                NaN  8.489448  9.632980  7.423951 0.010363 0.012747 0.011089 0.576184  0.000540  0.544316   0.002042 0.588908  0.011116
50.653551 47.152918 5.366296 0.106335 24.281871  0.112824 -25.175296  0.103437 13.791013     57351.076676     56.280040 14.717240     17722.328683     72.559250 12.806496     59780.570109    119.629900  0.984517  -2.150016  4.069700 0.001065 0.004445 0.002173 0.002420    G+U 12.075451 0.000981 11.842258 0.000859 11.395825           0.000899 11.175055           0.000735 10.607710 0.000511  0.233193 0.001304  0.446432           0.001244  0.220771           0.001161           0.567345           0.000895  7.439386  8.365613  6.454869 0.043042 0.043257 0.043083 0.649382  0.001987  0.644689   0.002711 0.697584  0.007557
52.043975 47.423873 5.459785 0.014278 22.040876  0.014490 -24.105926  0.014014 13.036592    114897.285501    249.075030 13.696613     45370.305349    352.085050 12.243835    100374.742447    602.829500  0.792758  -1.009074 10.263670 0.002354 0.008426 0.006521 0.006932    G+U 11.795323 0.000815 11.701380 0.000770 11.239192           0.000828 11.217255           0.000757 10.589602 0.000470  0.093944 0.001121  0.462188           0.001131  0.021937           0.001122           0.627652           0.000891  6.722470  7.382491  5.929712 0.006147 0.010161 0.008647 0.752916  0.000528  0.770717   0.000708 0.780839  0.007121
51.828783 47.423284 6.041224 0.301026 24.065156  0.321693 -26.643820  0.301338 14.083393     43811.626118     95.410070 15.239537     10954.742071     62.540325 12.944135     52662.843705    152.102860  1.139258   2.366104  3.328280 0.002364 0.006198 0.003136 0.003927    G+U 12.196526 0.000975 11.891851 0.000835 11.383741           0.000879 11.250078           0.000762 10.582063 0.000467  0.304674 0.001284  0.508110           0.001213  0.133663           0.001164           0.668015           0.000894  7.989018  9.145162  6.849760 0.108227 0.108379 0.108247 0.609888  0.003752  0.590153   0.005719 0.627875  0.013636
45.785577 49.644317 5.574634 0.053900 22.604272  0.054972 -25.363648  0.069595 14.309945     35560.568509     74.075150 14.945475     14362.402836    245.015200 13.156434     43309.645715    419.549700  1.153511 -25.770803  5.824394 0.002262 0.018522 0.010518 0.010758    G+U 12.713093 0.001207 12.380763 0.001040 11.843035           0.001034 11.199989           0.000746 10.928030 0.000552  0.332330 0.001593  0.537728           0.001466  0.643045           0.001275           0.271959           0.000928  8.041027  8.676557  6.887516 0.021117 0.027998 0.023483 0.618259  0.000875  0.602990   0.002701 0.653348  0.013010
47.738308 51.652443 5.607776 0.109484 23.358864  0.087194 -23.877990  0.103441 14.727159     24214.930364     31.588095 16.008032      5397.646416     29.056671 13.577130     29397.214377     90.684880  1.150028  20.791649  7.530203 0.001416 0.005845 0.003349 0.003636    G+U 12.816476 0.001233 12.467106 0.001029 11.933142           0.001072 11.358815           0.000784 10.950631 0.000584  0.349370 0.001606  0.533964           0.001486  0.574326           0.001329           0.408184           0.000978  8.471112  9.751985  7.321083 0.042419 0.042796 0.042527 0.574737  0.001823  0.542511   0.003795 0.574977  0.011738
56.071613 51.548597 5.750171 0.012395 25.876653  0.012655 -24.996718  0.012376 12.190555    250452.294254     55.816467 12.805158    103122.615683     98.126370 11.443962    209687.937309    118.571010  0.746592 -19.775684  0.572984 0.000242 0.001033 0.000614 0.000660      G       NaN      NaN       NaN      NaN       NaN                NaN       NaN                NaN       NaN      NaN       NaN      NaN       NaN                NaN       NaN                NaN                NaN                NaN  5.988959  6.603562  5.242366 0.004687 0.004793 0.004721 0.865426  0.000456  0.869889   0.000659 0.852802  0.002721
47.839990 45.637396 5.348266 0.036894 20.902470  0.044949 -26.537545  0.042475 14.390566     33015.684766     12.005327 15.448277      9038.701253     25.310476 13.362101     35835.864641     48.350353  1.028465  14.162494  3.787769 0.000395 0.003040 0.001465 0.001517    G+U 12.744257 0.001203 12.437124 0.001002 11.958392           0.001096 11.551259           0.000885 11.141664 0.000606  0.307133 0.001565  0.478732           0.001485  0.407133           0.001409           0.409596           0.001073  8.031631  9.089342  7.003166 0.014985 0.015285 0.015051 0.607748  0.000508  0.586571   0.001714 0.637327  0.006318
47.779882 46.042359 5.777689 0.020173 24.705530  0.019802 -24.052495  0.018134 14.016416     46599.430658     72.702920 14.963572     14124.990011     87.197950 13.041843     48130.534823     98.534225  0.974572 -30.521864  4.480424 0.001694 0.006703 0.002223 0.002795    G+U 12.479542 0.001042 12.249873 0.000917 11.763212           0.000986 11.209539           0.000741 10.868420 0.000531  0.229669 0.001388  0.486661           0.001347  0.553673           0.001234           0.341120           0.000912  7.825187  8.772343  6.850614 0.007769 0.010120 0.007901 0.622951  0.000412  0.611237   0.001007 0.664491  0.008304
48.682494 46.153630 5.871021 0.046093 24.317377  0.054515 -24.899092  0.040904 14.905404     20548.739615     29.076359 16.159132      4696.393303     30.994751 13.789460     24175.432441     99.801650  1.115944   5.019211  7.305651 0.001536 0.007166 0.004482 0.004738    G+U 13.022094 0.001393 12.700954 0.001192 12.192327           0.001235 11.712108           0.000955 11.440062 0.000730  0.321140 0.001834  0.508626           0.001717  0.480220           0.001562           0.272046           0.001202  8.748972 10.002700  7.633028 0.017117 0.018493 0.017627 0.555172  0.000850  0.514340   0.001670 0.552720  0.012512
48.208237 48.050870 5.743191 0.013468 24.079037  0.016341 -24.116964  0.014921 13.257548     93740.506899     62.485954 14.004473     34168.637164     83.081220 12.410256     86110.376400    141.193800  0.847292 -26.590002  3.819399 0.000724 0.002640 0.001780 0.001922    G+U 11.888134 0.000902 11.705325 0.000823 11.278512           0.000852 10.948552           0.000639 10.468173 0.000455  0.182809 0.001221  0.426813           0.001185  0.329960           0.001065           0.480379           0.000784  7.053314  7.800239  6.206022 0.005143 0.005736 0.005394 0.708104  0.000695  0.722005   0.001035 0.746221  0.004282
50.460999 47.675646 5.707378 0.026764 23.480261  0.029682 -24.748372  0.025318 14.792277     22805.298537     18.470312 15.999538      5440.031619     21.327267 13.697147     26320.814599     75.563200  1.095130  -0.666375  9.853786 0.000879 0.004257 0.003117 0.003239    G+U 13.055508 0.001421 12.715744 0.001207 12.185523           0.001251 11.742486           0.000895 11.296726 0.000637  0.339764 0.001864  0.530221           0.001739  0.443037           0.001539           0.445760           0.001099  8.574460  9.781721  7.479330 0.010221 0.011037 0.010649 0.568113  0.000526  0.533411   0.001699 0.574520  0.008952
50.277293 48.436750 5.798157 0.012611 23.661749  0.014565 -25.567984  0.014025 12.600674    171663.179714    316.514430 13.178242     73134.116230    480.523100 11.880874    140219.569370    660.347100  0.719800  -0.846512  2.927532 0.002002 0.007134 0.005113 0.005491    G+U 11.464945 0.000713 11.452011 0.000668 10.999245           0.000740 10.959736           0.000644 10.554755 0.000438  0.012934 0.000977  0.452766           0.000997  0.039509           0.000981           0.404981           0.000779  6.417124  6.994692  5.697324 0.005130 0.008555 0.006961 0.801584  0.000587  0.811193   0.000705 0.814797  0.006210
50.673272 48.268629 6.089902 0.033163 22.385824  0.038578 -25.462684  0.035566 12.622057    168315.411103    150.987870 13.396222     59831.230777    190.103680 11.760964    156593.097920    353.174840  0.861093   1.385242  2.050602 0.000974 0.003450 0.002449 0.002635    G+U 11.456924 0.000706 11.234551 0.000640 10.845354           0.000696 11.199315           0.000708 10.405354 0.000416  0.222372 0.000953  0.389197           0.000946 -0.353961           0.000993           0.793961           0.000821  6.545109  7.319274  5.684016 0.011865 0.012318 0.012076 0.773913  0.001261  0.790413   0.001364 0.787521  0.005275
50.500530 48.396871 5.863324 0.017746 23.458473  0.019150 -25.575397  0.016445 13.787477     57538.203938     50.207756 14.680996     18323.927384     74.439430 12.856435     57093.183584    124.695366  0.931042  -2.223856  2.446506 0.000947 0.004411 0.002371 0.002554    G+U 12.325896 0.001065 12.067786 0.000980 11.614858           0.001020 11.323947           0.000759 10.823309 0.000507  0.258110 0.001447  0.452929           0.001415  0.290911           0.001272           0.500638           0.000913  7.628196  8.521715  6.697154 0.006640 0.007915 0.006987 0.636064  0.000274  0.626449   0.000873 0.686375  0.006339
50.540843 48.567237 5.736023 0.026301 22.508358  0.031965 -25.287683  0.023892 14.814914     22334.755250     21.850729 16.224136      4423.465335     22.919058 13.652050     27437.108557     70.596520  1.162864 -37.258278  7.001550 0.001062 0.005625 0.002794 0.002989    G+U 12.887612 0.001349 12.523590 0.001192 11.980885           0.001184 11.672503           0.000884 11.139995 0.000595  0.364022 0.001800  0.542706           0.001680  0.308381           0.001478           0.532509           0.001066  8.607968 10.017190  7.445104 0.010013 0.011436 0.010341 0.562418  0.000393  0.527386   0.002998 0.550855  0.012054
50.617123 48.827475 5.550322 0.028310 22.831312  0.029731 -24.378084  0.026640 14.831182     22002.603839     19.907314 16.034540      5267.454533     21.212812 13.744264     25203.031185     45.215930  1.086918  -0.256600  4.030218 0.000982 0.004372 0.001948 0.002182    G+U 13.009085 0.001396 12.721838 0.001311 12.205704           0.001300 11.599960           0.000845 11.326263 0.000669  0.287247 0.001916  0.516134           0.001847  0.605743           0.001551           0.273697           0.001078  8.552773  9.756131  7.465855 0.011119 0.011907 0.011246 0.569811  0.000545  0.534233   0.002924 0.577425  0.008978
49.339749 48.371538 5.517970 0.016951 23.084251  0.018565 -23.216511  0.016652 13.813043     56199.151279     68.287155 14.662753     18634.403711     87.473480 12.904295     54631.130126    162.589320  0.908748  20.331564  4.285561 0.001319 0.005097 0.003231 0.003490    G+U 12.380164 0.001096 12.127890 0.000995 11.670568           0.001084 11.263834           0.000731 10.893481 0.000531  0.252275 0.001480  0.457321           0.001471  0.406734           0.001307           0.370353           0.000903  7.521940  8.371650  6.613192 0.006800 0.008395 0.007412 0.644187  0.000281  0.639056   0.000847 0.698743  0.006550
49.332159 48.579609 5.846945 0.013178 24.439752  0.014234 -25.750989  0.012113 12.346906    216862.473640    291.830470 12.898864     94595.716467    447.660060 11.641480    174810.112558    629.171400  0.705426  -1.555894  0.980605 0.001461 0.005138 0.003908 0.004172    G+U 11.289256 0.000645 11.178694 0.000634 10.812105           0.000680 10.929460           0.000604 10.243724 0.000396  0.110562 0.000904  0.366589           0.000929 -0.117354           0.000909           0.685736           0.000722  6.181551  6.733509  5.476124 0.005108 0.007096 0.006263 0.838783  0.000592  0.844943   0.000759 0.838761  0.005387
49.223391 48.534493 5.746402 0.016011 23.844699  0.015972 -24.197978  0.016038 12.991550    119764.042328    254.965100 13.638656     47857.990167    368.165920 12.211181    103439.385080    551.230400  0.780370 -13.414488  8.158611 0.002311 0.008352 0.005786 0.006231    G+U 11.724979 0.000789 11.524549 0.000737 11.126745           0.000822 11.359765           0.000751 10.636150 0.000465  0.200431 0.001079  0.397803           0.001104 -0.233020           0.001114           0.723615           0.000883  6.788530  7.435636  6.008161 0.006477 0.010313 0.008371 0.747510  0.000222  0.762434   0.000711 0.776283  0.006926
50.317086 48.585235 5.343884 0.043427 20.169114  0.047780 -23.989596  0.045828 12.279673    230716.039915    190.874190 12.968073     88753.947381    265.599500 11.465011    205661.911227    441.332520  0.814662 -16.079525 14.768728 0.000898 0.003249 0.002330 0.002497    G+U 10.952700 0.000551 10.819444 0.000527 10.488945           0.000576 10.755856           0.000575  9.883241 0.000336  0.133256 0.000762  0.330499           0.000781 -0.266911           0.000814           0.872615           0.000665  5.918958  6.607358  5.104296 0.017669 0.017943 0.017800 0.874251  0.001523  0.878086   0.001530 0.852491  0.005544
50.304306 48.999330 5.728343 0.031507 23.053507  0.032795 -25.487896  0.028744 14.819121     22248.365107     29.255774 16.008442      5395.603434     29.012823 13.740220     25297.056708     74.647350  1.078901        NaN       NaN 0.001428 0.005838 0.003204 0.003508    G+U 12.993292 0.001403 12.736874 0.001211 12.216408           0.001277 11.689137           0.000903 11.362854 0.000674  0.256418 0.001854  0.520466           0.001759  0.527270           0.001564           0.326283           0.001127  8.609266  9.798587  7.530365 0.012028 0.013294 0.012366 0.565806  0.000567  0.528869   0.001843 0.573643  0.010340
49.744710 48.844982 5.916866 0.014468 23.988064  0.015001 -26.138895  0.014975 12.976180    121471.619320    103.683380 13.713322     44677.424300    148.212780 12.136220    110833.273444    244.575680  0.839960   7.898748 19.569456 0.000927 0.003602 0.002396 0.002569    G+U 11.620673 0.000740 11.411963 0.000714 10.995026           0.000741 10.781870           0.000565 10.282247 0.000392  0.208710 0.001028  0.416938           0.001029  0.213156           0.000932           0.499623           0.000687  6.836639  7.573781  5.996679 0.005390 0.006416 0.005825 0.743718  0.000316  0.754191   0.000670 0.765328  0.004983
49.380983 48.864106 5.670627 0.013476 23.427889  0.014841 -23.630188  0.014697 12.318069    222699.587043    218.708970 12.848542     99083.176657    372.195620 11.628956    176838.082818    472.769130  0.689113  -6.018589  2.462154 0.001066 0.004078 0.002903 0.003092    G+U 11.275690 0.000625 11.145452 0.000619 10.775816           0.000691 10.788558           0.000567 10.225603 0.000382  0.130239 0.000880  0.369636           0.000928 -0.012742           0.000894           0.562955           0.000684  6.086224  6.616697  5.397111 0.005269 0.006577 0.005921 0.853027  0.000482  0.858372   0.000662 0.849767  0.004766
50.215143 49.465846 5.775459 0.013477 23.830961  0.015378 -25.068126  0.014559 12.592055    173031.313355    494.049500 13.144719     75427.419729    750.183600 11.886124    139543.209057   1021.011300  0.705932  -0.850238  6.563851 0.003100 0.010798 0.007944 0.008528    G+U 11.313380 0.000667 11.218825 0.000666 10.840336           0.000719 10.928479           0.000622 10.448260 0.000406  0.094555 0.000942  0.378489           0.000980 -0.088143           0.000951           0.480219           0.000743  6.399987  6.952651  5.694056 0.005940 0.011928 0.009423 0.804380  0.000707  0.814758   0.001184 0.818043  0.007465
46.781080 49.098423 5.755152 0.014101 24.599790  0.014155 -24.454422  0.014367 12.203257    247539.285166    167.362880 12.708308    112744.045795    267.722560 11.539369    192048.413475    335.833280  0.663888  -3.182860  1.462324 0.000734 0.002578 0.001899 0.002036    G+U 11.420782 0.000642 11.898264 0.000801 10.967958           0.000695 11.190161           0.000731 10.480265 0.000362 -0.477482 0.001026  0.930306           0.001060 -0.222203           0.001009           0.709896           0.000816  6.003541  6.508592  5.339653 0.005371 0.005912 0.005649 0.865922  0.000504  0.869895   0.000655 0.860258  0.003724
48.940219 49.011083 5.827580 0.013952 24.525031  0.015046 -25.246707  0.015585 12.821591    140058.743877    139.127990 13.457667     56539.236798    192.228740 12.057360    119183.001371    283.763430  0.764232  -2.799737  2.769095 0.001079 0.003691 0.002585 0.002801    G+U 11.670063 0.000748 11.507236 0.000736 11.131133           0.000788 11.245883           0.000710 10.650002 0.000463  0.162827 0.001050  0.376103           0.001078 -0.114750           0.001060           0.595881           0.000847  6.649032  7.285108  5.884801 0.005310 0.006376 0.005806 0.761423  0.000510  0.780688   0.000839 0.789554  0.004604
48.452247 48.986421 5.425376 0.014195 23.671889  0.015470 -23.771116  0.014514 12.036308    288684.428156    151.224690 12.500059    136581.903142    435.661400 11.379161    222583.914627    476.849200  0.657147  -2.080465  1.138513 0.000569 0.003463 0.002326 0.002395    G+U 10.941533 0.000621 10.937227 0.000597 10.646461           0.000675 10.546800           0.000552 10.135912 0.000385  0.004306 0.000861  0.290766           0.000901  0.099662           0.000872           0.410888           0.000673  5.708457  6.172208  5.051310 0.005710 0.006654 0.006139 0.915154  0.000627  0.915432   0.000664 0.893325  0.004479
49.535820 49.315187 5.559263 0.023308 22.450847  0.022922 -23.972594  0.019367 14.393190     32935.968578     39.998210 15.443734      9076.596643     46.518055 13.371840     35515.823741     97.217250  1.021350   4.221456  9.911028 0.001319 0.005564 0.002972 0.003251    G+U 12.689149 0.001265 12.405777 0.001057 11.869750           0.001102 11.375750           0.000827 11.072324 0.000590  0.283372 0.001648  0.536027           0.001527  0.494000           0.001378           0.303426           0.001016  8.118276  9.168820  7.096927 0.009199 0.010670 0.009577 0.603512  0.000140  0.581458   0.001763 0.630690  0.008398
49.265821 49.336598 5.656303 0.022691 21.373506  0.023247 -25.552428  0.020512 12.583142    174457.546311    181.269230 13.171738     73573.539516    283.379640 11.843267    145161.583741    401.812100  0.739876 -12.912631  7.662697 0.001128 0.004182 0.003005 0.003210    G+U 11.444463 0.000702 11.495609 0.000684 11.045166           0.000745 11.158853           0.000735 10.502536 0.000442 -0.051147 0.000981  0.450443           0.001012 -0.113687           0.001047           0.656317           0.000858  6.345805  6.934401  5.605930 0.008784 0.009663 0.009215 0.812196  0.000796  0.821100   0.000716 0.820008  0.004979
49.268325 49.337388 5.727755 0.013642 23.652875  0.014425 -25.344683  0.012308 12.293365    227824.711373    263.608860 12.795237    104069.164870    424.412260 11.632460    176268.297793    564.854250  0.660905  -2.390652  0.861628 0.001256 0.004428 0.003479 0.003699    G+U 11.375665 0.000680 11.462700 0.000674 11.024339           0.000738 11.173589           0.000740 10.549705 0.000453 -0.087035 0.000958  0.438361           0.000999 -0.149250           0.001045           0.623883           0.000868  6.083287  6.585159  5.422382 0.005322 0.006808 0.006233 0.853552  0.000498  0.858392   0.000649 0.852531  0.004759
49.130552 49.310762 5.649800 0.014196 23.372290  0.017177 -24.590564  0.015564 12.792642    143843.490868    338.882900 13.383981     60509.625885    519.165000 12.057244    119195.703634    700.867700  0.735397 -10.325946  4.219314 0.002558 0.009315 0.006384 0.006877    G+U 11.612180 0.000738 11.482238 0.000696 11.086395           0.000784 11.051005           0.000681 10.605077 0.000364  0.129942 0.001015  0.395843           0.001048  0.035390           0.001039           0.445929           0.000772  6.552807  7.144146  5.817409 0.006026 0.010796 0.008398 0.778309  0.000878  0.793246   0.000789 0.801256  0.007059
49.166339 49.372138 5.653747 0.015985 23.294003  0.016312 -24.067453  0.016367 12.864664    134611.156897    208.644260 13.458050     56519.323149    312.373660 12.124321    112054.663063    430.981320  0.740343   0.402996  4.819671 0.001683 0.006001 0.004176 0.004502    G+U 11.772870 0.000790 11.635834 0.000741 11.213795           0.000826 11.071008           0.000681 10.659442 0.000373  0.137036 0.001083  0.422039           0.001110  0.142787           0.001071           0.411566           0.000776  6.626346  7.219732  5.886003 0.006366 0.008585 0.007425 0.765674  0.000659  0.783992   0.001385 0.794437  0.005634
49.760228 49.560289 5.654585 0.023295 23.694618  0.025455 -24.351738  0.022176 14.665224     25636.401025     36.299690 15.837444      6315.956729     39.351604 13.586088     29155.670639    125.933426  1.079136  43.545124 10.177733 0.001537 0.006765 0.004690 0.004935    G+U 12.873807 0.001318 12.585169 0.001160 12.080594           0.001200 11.508957           0.000857 11.188891 0.000633  0.288638 0.001756  0.504575           0.001670  0.571637           0.001475           0.320066           0.001066  8.427228  9.599448  7.348092 0.009077 0.011216 0.010101 0.580227  0.000437  0.550542   0.002191 0.591766  0.010643
48.944713 49.802481 5.758579 0.018540 24.301237  0.019176 -24.768617  0.017449 13.865526     53547.129349     41.186905 14.753841     17134.844501     58.581665 12.937028     53008.692186     98.250565  0.928498  -0.745521  4.170337 0.000835 0.003712 0.002012 0.002179    G+U 12.350970 0.001011 12.083198 0.000912 11.625788           0.000998 11.214599           0.000749 11.003795 0.000448  0.267773 0.001362  0.457410           0.001352  0.411189           0.001248           0.210804           0.000873  7.667102  8.555417  6.738604 0.007041 0.007915 0.007275 0.633470  0.000334  0.623912   0.000852 0.683514  0.005801
49.281660 49.977688 5.705253 0.013139 23.475839  0.014075 -24.306515  0.014521 13.105429    107838.846783    148.367400 13.769668     42417.983360    209.074940 12.314438     94055.266336    346.363650  0.790991  -6.543941 35.140740 0.001494 0.005352 0.003998 0.004268    G+U 11.648639 0.000843 11.590243 0.000777 11.250607           0.000827 10.967942           0.000676 10.508691 0.000463  0.058395 0.001146  0.339636           0.001134  0.282665           0.001068           0.459251           0.000819  6.886804  7.551043  6.095813 0.005219 0.007325 0.006403 0.739098  0.000536  0.748368   0.000715 0.766668  0.005597
49.408413 49.913261 5.694135 0.051060 23.778336  0.053346 -24.957528  0.052020 14.121986     42281.673046     26.277899 15.350697      9888.681246     30.404493 13.003055     49881.143164     61.506460  1.118932  -3.213142  6.877276 0.000675 0.003338 0.001339 0.001499    G+U 12.119074 0.001050 11.872127 0.000890 11.418003           0.000896 11.007773           0.000685 10.498718 0.000461  0.246947 0.001376  0.454124           0.001262  0.410230           0.001128           0.509055           0.000826  7.899125  9.127836  6.780194 0.019484 0.019756 0.019518 0.613286  0.000759  0.596198   0.001551 0.632252  0.007557
54.407177 45.383532 5.409544 0.021822 21.198875  0.024263 -25.250552  0.020442 14.288382     36273.896031     39.088066 15.259491     10755.251080     54.542740 13.305086     37767.987399    100.919500  0.983295  -1.538096  6.829004 0.001170 0.005506 0.002901 0.003128      G       NaN      NaN       NaN      NaN       NaN                NaN       NaN                NaN       NaN      NaN       NaN      NaN       NaN                NaN       NaN                NaN                NaN                NaN  7.954185  8.925294  6.970889 0.008838 0.010347 0.009228 0.614197  0.000417  0.596202   0.001548 0.651688  0.007732
53.757463 45.702679 5.697375 0.028891 22.496874  0.041589 -26.301384  0.029428 14.773242     23208.645981     22.696833 15.943974      5725.685835     22.586903 13.699597     26261.474299     60.262943  1.073645   0.841689  8.086067 0.001062 0.004283 0.002491 0.002708    G+U 13.068353 0.001369 12.736079 0.001161 12.214283           0.001253 11.650132           0.000889 11.337704 0.000675  0.332273 0.001795  0.521796           0.001709  0.564151           0.001537           0.312428           0.001117  8.551616  9.722348  7.477971 0.011063 0.011815 0.011290 0.570545  0.000589  0.538611   0.001838 0.580735  0.008648
53.815946 46.094410 5.918533 0.023569 22.728629  0.022373 -26.958885  0.019764 14.473472     30588.487408     20.039190 15.591702      7920.196390     31.363670 13.423742     33858.010442     55.145184  1.049729        NaN       NaN 0.000711 0.004299 0.001768 0.001906    G+U 12.695044 0.001137 12.402079 0.000989 11.895813           0.001071 11.563911           0.000851 11.031362 0.000590  0.292965 0.001507  0.506266           0.001458  0.331902           0.001368           0.532550           0.001035  8.334542  9.452772  7.284812 0.008676 0.009657 0.008826 0.587032  0.000345  0.557080   0.002254 0.605662  0.007980
55.242949 47.043496 5.420048 0.016109 20.748408  0.018365 -25.666893  0.015202 12.822558    139934.095081    190.246890 13.405604     59316.429285    266.326230 12.093381    115293.741400    430.290740  0.729178  -1.258065  4.246161 0.001476 0.004875 0.004052 0.004313    G+U 11.754474 0.000747 11.612017 0.000699 11.204840           0.000756 10.858811           0.000604 10.553990 0.000467  0.142457 0.001023  0.407177           0.001030  0.346028           0.000968           0.304821           0.000763  6.492574  7.075620  5.763397 0.006621 0.008088 0.007621 0.789603  0.000762  0.801163   0.000686 0.807287  0.005129
53.392336 46.123757 5.704835 0.022668 21.928135  0.022298 -26.157373  0.021751 14.399830     32735.185642     24.052547 15.478271      8792.420812     32.274560 13.367533     35657.019485     57.487564  1.032297 -63.904266  6.278628 0.000798 0.003985 0.001750 0.001924    G+U 12.737057 0.001177 12.424437 0.001031 11.899225           0.001071 11.455378           0.000818 11.095324 0.000618  0.312620 0.001565  0.525211           0.001487  0.443848           0.001348           0.360054           0.001026  8.181045  9.259487  7.148748 0.008665 0.009504 0.008804 0.595944  0.000618  0.576032   0.001927 0.622848  0.007309
53.837402 46.444101 5.809403 0.013424 22.447995  0.013637 -26.100500  0.012498 12.543678    180915.315343    141.207520 13.088481     79437.276889    223.426530 11.849910    144276.001283    310.651400  0.693769   1.378469  3.857845 0.000847 0.003054 0.002338 0.002487    G+U 11.681772 0.000714 11.707551 0.000706 11.210639           0.000769 11.021310           0.000683 10.483911 0.000452 -0.025779 0.001004  0.496912           0.001044  0.189329           0.001028           0.537399           0.000819  6.364336  6.909139  5.670568 0.005089 0.005874 0.005535 0.809680  0.000479  0.819115   0.000681 0.822206  0.003957
54.012123 46.715874 5.657213 0.026922 22.509361  0.031186 -25.561929  0.026518 14.876393     21105.199788     47.149452 16.132439      4813.286078     51.610516 13.766660     24688.479051    146.251590  1.109734        NaN       NaN 0.002426 0.011642 0.006432 0.006874    G+U 13.040421 0.001298 12.691441 0.001154 12.142242           0.001189 11.557363           0.000836 11.214360 0.000623  0.348980 0.001737  0.549199           0.001657  0.584878           0.001454           0.343003           0.001043  8.639406  9.895452  7.529673 0.010615 0.015567 0.012172 0.563592  0.000524  0.528535   0.001616 0.563707  0.015499
54.393345 47.531588 6.025980 0.018682 23.485476  0.020616 -27.924209  0.015125 13.754112     59333.733936     51.672466 14.639900     19030.797096     81.645490 12.819894     59047.397236    125.360410  0.934218  28.886808  7.859797 0.000946 0.004658 0.002305 0.002491    G+U 12.292884 0.000932 12.103333 0.000846 11.650873           0.000909 11.183970           0.000726 10.821299 0.000543  0.189550 0.001259  0.452460           0.001242  0.466903           0.001163           0.362672           0.000906  7.654250  8.540038  6.720032 0.006798 0.008186 0.007116 0.634529  0.000313  0.626379   0.000919 0.684426  0.006500
54.774941 47.745301 5.864947 0.025224 21.755909  0.027849 -27.119409  0.025415 14.949857     19724.414236     18.629036 16.204325      4504.920349     24.810938 13.837905     23120.454272     44.506350  1.111952  11.261905  8.786672 0.001025 0.005980 0.002090 0.002328    G+U 13.087936 0.001304 12.810095 0.001165 12.269390           0.001203 11.677397           0.000911 11.324754 0.000687  0.277842 0.001748  0.540705           0.001675  0.591993           0.001509           0.352643           0.001141  8.791178 10.045646  7.679226 0.009395 0.011089 0.009570 0.552527  0.000345  0.509267   0.001784 0.548790  0.011419
56.447154 47.406395 5.777220 0.012572 21.147836  0.012673 -26.775815  0.012063 12.713085    154779.260117    157.285340 13.266276     67438.270437    245.500800 12.004923    125080.394247    309.752530  0.708162   0.616652  3.189375 0.001103 0.003952 0.002689 0.002906    G+U 12.373920 0.001053 11.471170 0.000679 11.106850           0.000744 10.779619           0.000628 10.547141 0.000438  0.902750 0.001253  0.364321           0.001007  0.327230           0.000973           0.232478           0.000765  6.521680  7.074871  5.813518 0.004852 0.006160 0.005437 0.784840  0.000628  0.797355   0.000904 0.806817  0.004422
55.141489 48.076492 5.630269 0.012701 21.177721  0.012477 -26.248652  0.011317 12.672153    160725.734121    209.584750 13.219229     70424.740805    324.835850 11.963048    129998.671787    506.645400  0.709106  -2.269075  4.386394 0.001416 0.005008 0.004231 0.004462    G+U 11.513715 0.000663 11.330776 0.000652 11.065945           0.000724 11.127243           0.000694 10.473051 0.000439  0.182939 0.000930  0.264832           0.000974 -0.061298           0.001003           0.654192           0.000821  6.424799  6.971875  5.715694 0.005099 0.007005 0.006473 0.801263  0.000511  0.811150   0.000677 0.815858  0.005054
56.010993 48.666158 5.825349 0.014978 21.520774  0.013568 -27.617422  0.013796 12.713891    154664.348498    133.347180 13.289114     66034.582893    203.652940 11.991485    126638.142803    271.283720  0.722406  -0.452883  2.133635 0.000936 0.003348 0.002326 0.002507    G+U 11.726235 0.000718 11.688667 0.000698 11.169629           0.000749 10.860910           0.000605 10.492107 0.000447  0.037568 0.001002  0.519038           0.001024  0.308719           0.000963           0.368803           0.000752  6.540501  7.115724  5.818095 0.005661 0.006510 0.006048 0.780885  0.000691  0.795123   0.000687 0.803600  0.004172
52.919367 46.923708 5.569087 0.024723 21.964927  0.024015 -24.983307  0.019516 13.473418     76838.609530     27.353890 14.238872     27533.926412     44.622078 12.622212     70839.130676     66.643140  0.851206   0.341278  1.767726 0.000387 0.001760 0.001021 0.001092    G+U 12.123700 0.000868 11.949380 0.000810 11.530165           0.000892 11.302825           0.000757 10.791965 0.000536  0.174320 0.001187  0.419215           0.001205  0.227340           0.001170           0.510860           0.000928  7.202338  7.967792  6.351132 0.009648 0.009799 0.009694 0.676356  0.000789  0.686924   0.001685 0.732612  0.003614
53.080663 47.074039 5.695632 0.012409 22.418464  0.012028 -25.066938  0.010916 12.095674    273323.734385    328.178740 12.581723    126685.757149    545.406860 11.445582    209375.292679    638.963260  0.650091   1.617890  1.634791 0.001304 0.004674 0.003313 0.003561    G+U 11.186412 0.000556 11.130860 0.000545 10.813644           0.000622 10.689051           0.000561 10.137459 0.000384  0.055552 0.000778  0.317216           0.000827  0.124594           0.000838           0.551592           0.000680  5.873384  6.359433  5.223292 0.004907 0.006651 0.005776 0.885945  0.000571  0.888882   0.000650 0.875049  0.005004
53.446607 47.591843 6.036141 0.023782 22.670390  0.027129 -27.234331  0.023418 14.545278     28630.956385     72.512184 15.701378      7159.217972     75.413920 13.472951     32357.713334    195.694890  1.072327        NaN       NaN 0.002750 0.011437 0.006566 0.007119    G+U 12.762052 0.001372 12.471133 0.001246 11.967792           0.001199 11.483035           0.000874 11.136608 0.000609  0.290918 0.001853  0.503342           0.001729  0.484756           0.001484           0.346427           0.001065  8.449075  9.605175  7.376748 0.008987 0.014283 0.010785 0.579499  0.000477  0.550542   0.002191 0.591312  0.013692
52.630103 47.269398 6.088413 0.013331 23.651751  0.013938 -26.970297  0.014217 12.280413    230558.861001    215.504900 12.805787    103062.841799    381.568270 11.595837    182315.411344    479.801120  0.684576   0.178818  1.060865 0.001015 0.004020 0.002857 0.003032    G+U 11.207447 0.000659 11.190609 0.000633 10.807762           0.000703 10.926593           0.000666 10.371465 0.000427  0.016838 0.000913  0.382847           0.000946 -0.118831           0.000968           0.555128           0.000791  6.202933  6.728307  5.518357 0.004862 0.006226 0.005547 0.835803  0.000509  0.841196   0.000668 0.838769  0.004586
53.159941 47.775761 5.644823 0.037553 21.724923  0.049193 -26.692617  0.038392 14.900821     20635.670362     19.374144 16.385170      3813.718445     21.883500 13.706202     26102.233488     49.646954  1.194619        NaN       NaN 0.001019 0.006230 0.002065 0.002303    G+U 12.812384 0.001381 12.486475 0.001159 11.952433           0.001202 11.419756           0.000837 11.070298 0.000610  0.325909 0.001803  0.534042           0.001670  0.532677           0.001465           0.349458           0.001036  8.659073 10.143422  7.464454 0.014482 0.015732 0.014593 0.557412  0.000755  0.519143   0.001605 0.536937  0.013575
54.455881 48.021389 5.394231 0.014708 20.915540  0.014868 -24.747848  0.014824 13.564297     70668.886175    114.342804 14.301965     25979.522071    162.694990 12.719618     64760.653646    266.859680  0.844679   9.394770  3.935456 0.001757 0.006799 0.004474 0.004807    G+U 12.271463 0.000881 12.075299 0.000825 11.633514           0.000883 11.142036           0.000704 10.704262 0.000528  0.196164 0.001207  0.441785           0.001208  0.491479           0.001130           0.437774           0.000880  7.223945  7.961613  6.379266 0.006176 0.009016 0.007421 0.675001  0.000614  0.685829   0.001294 0.732429  0.006797
54.256894 48.222565 5.884732 0.021952 23.009345  0.021952 -26.743525  0.020731 14.561473     28207.054985     13.743019 15.748745      6853.603257     22.446651 13.476673     32246.969367     37.377895  1.084800 -36.221725 17.302319 0.000529 0.003556 0.001258 0.001365    G+U 12.761261 0.001375 12.437389 0.001127 11.938868           0.001128 11.433511           0.000826 11.053762 0.000604  0.323872 0.001778  0.498521           0.001595  0.505358           0.001398           0.379748           0.001023  8.410106  9.597378  7.325306 0.008117 0.008846 0.008197 0.580890  0.000316  0.550542   0.002191 0.591926  0.007794
54.223729 48.399335 5.679895 0.016285 21.772847  0.015168 -25.966751  0.014455 12.077910    277832.082563    322.654880 12.572514    127764.883058    466.113300 11.402392    217871.828345    597.663000  0.675518 -11.870400  8.592218 0.001261 0.003961 0.002978 0.003234    G+U 11.048376 0.000644 11.050882 0.000600 10.721410           0.000646 10.929617           0.000646 10.138710 0.000375 -0.002506 0.000880  0.329473           0.000882 -0.208207           0.000914           0.790907           0.000747  5.849612  6.344216  5.174094 0.006352 0.007379 0.006902 0.890485  0.000678  0.892686   0.000656 0.876019  0.004777
53.668319 48.006118 5.525733 0.012554 21.445632  0.012668 -25.526984  0.012509 12.497242    188820.814330    179.637630 13.013419     85123.487681    280.957180 11.825459    147561.965449    362.760830  0.671782   0.896440  1.002660 0.001033 0.003584 0.002669 0.002862    G+U 11.367968 0.000708 11.286081 0.000711 10.986593           0.000750 10.713050           0.000606 10.464633 0.000442  0.081886 0.001003  0.299488           0.001033  0.273543           0.000964           0.248417           0.000750  6.209191  6.725368  5.537409 0.005040 0.006097 0.005609 0.834841  0.000461  0.841151   0.000695 0.839102  0.004259
52.099089 47.613740 5.819519 0.014792 22.576915  0.015330 -26.106763  0.015065 12.840255    137671.706532    181.423420 13.484509     55158.612381    271.273100 12.070009    117802.532035    394.468260  0.770246   0.152011  3.168461 0.001431 0.005340 0.003636 0.003907    G+U 11.816402 0.000802 11.616417 0.000744 11.160484           0.000812 11.095761           0.000748 10.612877 0.000471  0.199986 0.001094  0.455933           0.001102  0.064723           0.001104           0.482884           0.000884  6.664690  7.308944  5.894444 0.005702 0.007680 0.006609 0.759399  0.000495  0.778804   0.000724 0.787559  0.005573
52.593906 48.411369 5.279546 0.015893 21.310385  0.016925 -23.559397  0.016279 13.638361     66008.863441    119.340890 14.436423     22953.437104    156.724780 12.760131     62388.676919    287.083370  0.878230  -7.675130  6.622569 0.001963 0.007413 0.004996 0.005368    G+U 12.281430 0.000999 12.003669 0.000889 11.588630           0.000959 11.171276           0.000731 10.721000 0.000521  0.277761 0.001337  0.415039           0.001308  0.417354           0.001206           0.450276           0.000897  7.251344  8.049406  6.373114 0.006825 0.009884 0.008227 0.670436  0.000610  0.677448   0.001290 0.725589  0.007525
51.835041 47.990199 5.805099 0.016271 23.299878  0.015897 -26.191925  0.013617 13.054956    112970.349277    204.405940 13.704523     45040.957808    304.047760 12.267667     98195.435507    456.765780  0.787289        NaN       NaN 0.001965 0.007329 0.005050 0.005419    G+U 11.771900 0.000768 11.602814 0.000729 11.180650           0.000796 10.873319           0.000652 10.425267 0.000430  0.169086 0.001059  0.422164           0.001080  0.307331           0.001029           0.448051           0.000780  6.874004  7.523571  6.086715 0.006396 0.009527 0.007909 0.741171  0.000527  0.751116   0.001309 0.768569  0.006480
51.552856 48.152343 5.669897 0.014497 22.834330  0.015334 -25.112631  0.013930 12.562114    177869.464421    123.362410 13.118632     77261.637974    182.199310 11.859199    143047.009070    260.615940  0.702915  -1.221125  1.052921 0.000753 0.002560 0.001978 0.002117    G+U 11.446896 0.000722 11.340307 0.000687 10.943295           0.000759 10.981033           0.000634 10.506405 0.000434  0.106588 0.000996  0.397013           0.001023 -0.037739           0.000989           0.474628           0.000768  6.329990  6.886508  5.627075 0.005603 0.006114 0.005894 0.814648  0.000526  0.823141   0.000689 0.824527  0.003715
51.847322 48.373388 5.639900 0.016361 23.176393  0.016812 -22.969313  0.017886 12.803865    142364.177260    515.891850 13.404468     59378.585000    783.948500 12.051009    119882.133032   1097.323900  0.752856        NaN       NaN 0.003934 0.014334 0.009938 0.010689    G+U 11.604621 0.000811 11.420134 0.000712 11.010603           0.000790 11.003381           0.000642 10.335197 0.000430  0.184487 0.001079  0.409531           0.001064  0.007222           0.001018           0.668183           0.000772  6.560222  7.160825  5.807366 0.007427 0.015658 0.011766 0.777335  0.001121  0.793109   0.000737 0.799437  0.008910
51.911032 48.416317 5.695516 0.026190 22.626182  0.027690 -26.287414  0.027715 14.527084     29114.748457     19.743440 15.887251      6032.764491     18.044117 13.377780     35322.067162     49.422455  1.149304  25.096798  8.651454 0.000736 0.003247 0.001519 0.001688    G+U 12.632395 0.001311 12.262549 0.001056 11.743856           0.001109 11.444240           0.000792 10.868401 0.000560  0.369845 0.001683  0.518693           0.001531  0.299617           0.001363           0.575839           0.000970  8.304749  9.664916  7.155445 0.010012 0.010500 0.010100 0.584601  0.000430  0.557080   0.002254 0.584747  0.008394
52.078003 48.663272 5.763667 0.012068 23.370499  0.012686 -25.878553  0.013036 12.539467    181618.427139    200.739900 13.082109     79904.928166    340.335750 11.844427    145006.465001    396.793120  0.695040  -1.018574  0.880130 0.001200 0.004624 0.002971 0.003204    G+U 11.444272 0.000756 11.340615 0.000654 10.984269           0.000750 10.817145           0.000572 10.346953 0.000409  0.103657 0.001000  0.356346           0.000995  0.167124           0.000943           0.470192           0.000703  6.342961  6.885603  5.647921 0.004703 0.006485 0.005431 0.812883  0.000515  0.821280   0.000792 0.824244  0.004873
53.853069 49.059837 5.582880 0.019431 21.240882  0.018787 -25.350888  0.019284 14.221143     38591.334838     34.669346 15.193964     11424.346401     39.795960 13.244574     39932.719311     88.313736  0.976569  -1.847457  3.385387 0.000975 0.003782 0.002401 0.002592    G+U 12.581251 0.001246 12.343093 0.001138 11.871763           0.001192 11.296241           0.000793 10.992805 0.000589  0.238158 0.001688  0.471330           0.001648  0.575522           0.001431           0.303435           0.000987  7.955435  8.928256  6.978866 0.007620 0.008451 0.007930 0.613965  0.000353  0.596202   0.001548 0.651865  0.006392
53.622433 49.361972 5.661753 0.012914 22.157817  0.012354 -25.843583  0.013232 13.057942    112660.033327    129.080230 13.693648     45494.362199    183.830690 12.290020     96194.487898    276.097320  0.767922   0.104983  5.278168 0.001244 0.004387 0.003116 0.003355    G+U 11.776565 0.000905 11.641783 0.000825 11.287800           0.000886 11.123302           0.000726 10.638119 0.000493  0.134782 0.001224  0.353983           0.001210  0.164497           0.001145           0.485184           0.000878  6.822697  7.458403  6.054775 0.005107 0.006616 0.005852 0.745473  0.000296  0.758248   0.000725 0.774399  0.004924
52.965402 49.333328 5.604076 0.173788 21.319231  0.145450 -27.186346  0.164028 14.525992     29144.040517     30.581514 15.879028      6078.625610     29.596262 13.340841     36544.479112     77.328240  1.185151   7.966932  6.166603 0.001139 0.005286 0.002297 0.002564    G+U 12.525743 0.001177 12.183837 0.001066 11.664388           0.001020 11.192862           0.000751 10.777161 0.000554  0.341906 0.001588  0.519449           0.001475  0.471526           0.001266           0.415701           0.000933  8.268512  9.621548  7.083361 0.067349 0.067547 0.067379 0.587259  0.002514  0.558244   0.004258 0.585972  0.012430
54.558987 48.601815 6.157913 0.159217 21.988856  0.136843 -25.871636  0.126056 12.827847    139254.195242    186.471940 13.493961     54680.495219    164.606350 11.973844    128712.525619    240.973720  0.854003  -6.917996  6.829661 0.001454 0.003268 0.002033 0.002499    G+U 11.419903 0.000733 11.273908 0.000670 10.885300           0.000681 10.855751           0.000615 10.136204 0.000380  0.145995 0.000993  0.388608           0.000955  0.029549           0.000917           0.719547           0.000722  6.775015  7.441129  5.921012 0.056164 0.056240 0.056182 0.749757  0.002591  0.765053   0.004258 0.773249  0.006641
55.779411 50.154116 5.331901 0.025049 23.821221  0.024319 -26.351086  0.021631 14.819953     22231.341468      8.202284 15.875008      6101.180808     12.603797 13.801681     23904.853940     15.033195  1.018272  -0.120045  3.535202 0.000401 0.002243 0.000683 0.000792    G+U 13.232459 0.001413 12.922659 0.001221 12.441462           0.001317 11.819377           0.001092 11.605199 0.000766  0.309800 0.001868  0.481197           0.001796  0.622085           0.001711           0.214178           0.001334  8.454363  9.509418  7.436091 0.010209 0.010445 0.010224 0.579865  0.000442  0.550542   0.002191 0.600915  0.005590
53.934175 49.101895 5.861504 0.029177 22.727979  0.026742 -27.164452  0.026634 12.507357    187069.980743    348.800870 13.058529     81659.270659    527.203000 11.795174    151736.008440    704.038800  0.712183  -6.049674  4.605918 0.002024 0.007010 0.005038 0.005429    G+U 11.288066 0.000682 11.182962 0.000658 10.797565           0.000715 10.797454           0.000622 10.296368 0.000418  0.105103 0.000948  0.385398           0.000972  0.000111           0.000948           0.501086           0.000749  6.347402  6.898574  5.635219 0.010997 0.012883 0.011925 0.812684  0.001055  0.821319   0.000980 0.822727  0.006168
53.458603 49.633193 5.903107 0.021468 23.152391  0.020772 -26.902730  0.021217 14.355854     34088.284055     18.892197 15.421494      9264.437336     21.081648 13.329739     36920.081354     41.162510  1.026115 -12.435803  6.297943 0.000602 0.002471 0.001210 0.001352    G+U 12.670715 0.001295 12.439267 0.001162 11.935058           0.001128 11.315538           0.000800 10.977307 0.000587  0.231448 0.001740  0.504209           0.001620  0.619519           0.001383           0.338231           0.000992  8.211257  9.276898  7.185142 0.007920 0.008275 0.007989 0.594276  0.000271  0.570078   0.002122 0.621370  0.005721
53.547267 49.840552 5.544925 0.022374 21.207289  0.019674 -25.748808  0.019460 14.277704     36632.380907     51.012580 15.280264     10551.427756     57.338990 13.278953     38688.088511    131.366120  0.998752  -4.126864  5.892305 0.001512 0.005900 0.003687 0.003985    G+U 12.618405 0.001309 12.403937 0.001170 11.937978           0.001187 11.282441           0.000782 11.017884 0.000604  0.214468 0.001756  0.465960           0.001667  0.655537           0.001422           0.264557           0.000989  7.997183  8.999743  6.998432 0.008892 0.010563 0.009506 0.610947  0.000389  0.591509   0.001643 0.645315  0.008238
55.818372 50.494842 5.793808 0.021642 21.054479  0.022383 -27.288084  0.021016 14.532114     28980.177397     50.452180 15.642845      7555.772197     55.955837 13.487638     31922.927209    138.554530  1.044476  19.857390  6.597043 0.001890 0.008041 0.004712 0.005077    G+U 12.831942 0.001148 12.549200 0.001021 12.027461           0.001079 11.467565           0.000884 11.210236 0.000653  0.282742 0.001536  0.521739           0.001485  0.559896           0.001395           0.257329           0.001099  8.346934  9.457665  7.302458 0.008329 0.011421 0.009381 0.586620  0.000402  0.557080   0.002254 0.605373  0.010832
55.865851 50.626763 5.539745 0.015935 20.929557  0.017198 -26.224476  0.015377 13.681829     63418.373789     37.933113 14.532660     21006.477794     47.345936 12.771571     61734.734474    102.088620  0.910258  16.992520 12.285159 0.000649 0.002447 0.001795 0.001909    G+U 12.297107 0.000891 12.180957 0.000851 11.663754           0.000895 11.040727           0.000730 10.784248 0.000512  0.116150 0.001232  0.517202           0.001235  0.623028           0.001155           0.256478           0.000892  7.399278  8.250109  6.489020 0.006280 0.006709 0.006499 0.653596  0.000334  0.650918   0.000780 0.708897  0.004557
54.543150 50.273865 5.546462 0.012465 21.356269  0.013925 -25.769502  0.012823 13.065601    111868.073768    119.951750 13.722655     44295.002887    164.197190 12.278917     97183.231063    283.734280  0.786684  -2.170692  2.912313 0.001164 0.004025 0.003170 0.003377    G+U 11.893109 0.000782 11.727135 0.000743 11.334185           0.000811 11.137544           0.000674 10.645533 0.000479  0.165975 0.001078  0.392950           0.001100  0.196641           0.001055           0.492011           0.000827  6.785681  7.442735  5.998997 0.005017 0.006326 0.005819 0.747519  0.000185  0.762433   0.000707 0.775807  0.004862
51.474955 48.519040 5.719627 0.015010 23.363921  0.015990 -25.645315  0.017048 12.763859    147707.738631    273.562680 13.363595     61656.504388    424.483920 12.022864    123030.395879    835.513850  0.740994  -2.990855  3.560959 0.002011 0.007475 0.007373 0.007643    G+U 11.602133 0.000750 11.452126 0.000716 11.066908           0.000773 11.060080           0.000653 10.502763 0.000428  0.150007 0.001037  0.385218           0.001054  0.006828           0.001012           0.557317           0.000781  6.550698  7.150434  5.809703 0.006043 0.009399 0.009319 0.778460  0.000845  0.793114   0.000700 0.800839  0.006394
51.383133 48.502948 5.775586 0.015383 23.546512  0.015686 -24.756540  0.014133 13.235522     95661.637958    110.327600 13.929074     36625.810515    158.669390 12.422881     85114.932017    256.304400  0.812641 -11.946597  4.213843 0.001252 0.004704 0.003269 0.003501    G+U 11.883132 0.000903 11.713593 0.000804 11.302923           0.000890 11.037898           0.000642 10.620397 0.000486  0.169539 0.001209  0.410670           0.001199  0.265025           0.001097           0.417501           0.000805  7.043502  7.737054  6.230861 0.005918 0.007455 0.006644 0.712197  0.000741  0.725148   0.001102 0.751135  0.005395
51.246926 48.619444 5.681324 0.019950 23.873184  0.019996 -24.250579  0.018403 14.047310     45292.136845     43.186110 14.991052     13771.968678     52.540535 13.085857     46218.431288    112.678050  0.961453  -4.549965  5.076496 0.001035 0.004142 0.002647 0.002842    G+U 12.433983 0.001168 12.193156 0.000958 11.734169           0.001061 11.315655           0.000733 10.909249 0.000533  0.240827 0.001511  0.458987           0.001429  0.418514           0.001289           0.406405           0.000907  7.819558  8.763300  6.858105 0.007695 0.008677 0.008071 0.622823  0.000419  0.608125   0.001127 0.665884  0.006479
51.568515 48.841109 5.783524 0.018090 24.589433  0.018275 -24.134156  0.018993 12.567133    177049.041857    276.734920 13.128045     76594.717284    452.257200 11.847162    144641.629495    615.112800  0.719971  -2.756181  3.774199 0.001697 0.006411 0.004617 0.004919    G+U 11.364441 0.000651 11.217748 0.000630 10.836070           0.000679 10.967080           0.000619 10.376242 0.000406  0.146693 0.000906  0.381678           0.000926 -0.131010           0.000919           0.590838           0.000740  6.378096  6.939008  5.658125 0.007001 0.009340 0.008213 0.807953  0.000703  0.817141   0.000695 0.819112  0.005886
52.072032 48.682586 5.913544 0.013199 23.356332  0.013728 -26.061614  0.014001 12.686955    158549.362653    229.778370 13.264258     67563.688553    348.734650 11.962909    130015.318230    468.455050  0.724047  -4.183715  1.928662 0.001574 0.005604 0.003912 0.004217    G+U 11.615726 0.000818 11.473612 0.000696 11.101598           0.000791 10.868140           0.000586 10.465750 0.000433  0.142115 0.001074  0.372014           0.001054  0.233458           0.000985           0.402390           0.000729  6.546194  7.123497  5.822148 0.005096 0.007409 0.006229 0.779649  0.000691  0.795103   0.000700 0.802932  0.005387
52.003498 49.000140 5.899956 0.013377 23.841928  0.016527 -26.562825  0.014077 12.638835    165734.370411    259.835570 13.197256     71864.502098    405.190500 11.933010    133645.468928    539.889300  0.705825  -0.462220  3.202247 0.001702 0.006122 0.004386 0.004705    G+U 11.529582 0.000753 11.406691 0.000697 11.036880           0.000772 10.859928           0.000589 10.428225 0.000453  0.122891 0.001025  0.369811           0.001040  0.176951           0.000971           0.431704           0.000743  6.493079  7.051500  5.787254 0.005209 0.007856 0.006594 0.789546  0.000682  0.801164   0.000686 0.809283  0.005540
51.962830 49.202680 5.592266 0.020435 23.345933  0.017328 -24.820820  0.020139 12.218696    244044.299240    375.749360 12.751924    108304.764798    652.403500 11.505745    198089.025436    892.478400  0.712951  -9.493188 10.810660 0.001672 0.006540 0.004892 0.005169      G       NaN      NaN       NaN      NaN       NaN                NaN       NaN                NaN       NaN      NaN       NaN      NaN       NaN                NaN       NaN                NaN                NaN                NaN  5.956635  6.489863  5.243684 0.008109 0.010283 0.009322 0.873437  0.000802  0.877366   0.000748 0.861534  0.006335
51.108932 48.735205 5.695560 0.031861 23.322080  0.034050 -24.877145  0.031253 14.962173     19501.917809     12.348702 16.240702      4356.484459     15.367449 13.842831     23015.802507     37.051790  1.119343 -48.165550  6.365393 0.000687 0.003830 0.001748 0.001878    G+U 13.106899 0.001535 12.778759 0.001327 12.258350           0.001313 11.646657           0.000878 11.407679 0.000724  0.328140 0.002029  0.520409           0.001867  0.611693           0.001580           0.238978           0.001138  8.739855 10.018384  7.620513 0.012167 0.012737 0.012272 0.555112  0.000625  0.514343   0.001668 0.551475  0.009272
51.104789 48.805757 5.646573 0.017683 22.817988  0.018039 -24.603212  0.016372 13.652839     65134.513492     84.072570 14.458288     22495.806225    106.843690 12.767555     61963.526412    205.911380  0.885283   9.482389  4.845766 0.001401 0.005157 0.003608 0.003871    G+U 12.258692 0.001030 12.027058 0.000929 11.559527           0.000954 11.084523           0.000675 10.836454 0.000542  0.231634 0.001387  0.467530           0.001332  0.475004           0.001169           0.248069           0.000866  7.411764  8.217213  6.526480 0.006943 0.008534 0.007698 0.653597  0.000382  0.650918   0.000780 0.711406  0.006331
50.902766 48.981369 5.845208 0.013583 23.442826  0.013672 -25.113111  0.013901 12.567945    176916.778893    209.742570 13.120235     77147.675364    336.890380 11.865315    142243.326380    399.153320  0.702629  -1.874891  3.271566 0.001287 0.004741 0.003047 0.003307    G+U 11.476674 0.000691 11.405579 0.000655 10.976931           0.000710 10.912306           0.000618 10.426899 0.000425  0.071095 0.000952  0.428648           0.000966  0.064625           0.000942           0.485407           0.000750  6.401945  6.954235  5.699315 0.005208 0.006924 0.005894 0.804082  0.000503  0.813229   0.000737 0.818019  0.004937
51.255818 49.034791 5.623788 0.029928 23.386552  0.032921 -25.612905  0.031325 14.611120     26946.268633     30.269527 15.824561      6391.347776     32.349020 13.516977     31071.868191     79.285194  1.094143  33.840244  7.091662 0.001220 0.005495 0.002770 0.003027    G+U 12.830960 0.001364 12.442478 0.001138 11.917396           0.001206 11.400962           0.000798 11.145052 0.000586  0.388482 0.001776  0.525083           0.001658  0.516434           0.001446           0.255910           0.000989  8.361265  9.574706  7.267122 0.011620 0.012796 0.011883 0.583771  0.000527  0.556969   0.002329 0.593959  0.009828
51.218867 49.070609 5.968445 0.061525 23.764495  0.070564 -24.617309  0.070404 14.556968     28324.321054     22.114674 15.944042      5725.324278     24.010584 13.396602     34715.025732     69.281570  1.160366   3.638145  5.195119 0.000848 0.004553 0.002167 0.002327    G+U 12.634977 0.001251 12.235546 0.001028 11.709003           0.001089 11.285441           0.000748 10.902500 0.000518  0.399431 0.001619  0.526544           0.001498  0.423561           0.001321           0.382941           0.000910  8.436274  9.823348  7.275908 0.022400 0.022843 0.022489 0.574517  0.000973  0.543553   0.002970 0.569493  0.010556
51.615382 49.036647 5.723901 0.029455 21.610224  0.032401 -27.919653  0.031347 12.554356    179144.924590    305.216300 13.127478     76634.784039    469.438260 11.820037    148300.732678    622.770500  0.734319        NaN       NaN 0.001850 0.006651 0.004559 0.004920    G+U 11.480454 0.000693 11.333426 0.000646 10.934202           0.000701 10.925331           0.000682 10.247581 0.000395  0.147029 0.000947  0.399223           0.000953  0.008871           0.000978           0.677751           0.000788  6.342817  6.915939  5.608498 0.011326 0.013004 0.012069 0.813269  0.001084  0.821906   0.001379 0.821225  0.006203
52.638751 49.455793 5.800426 0.014277 22.853855  0.013107 -26.084508  0.014980 12.502744    187866.477189    214.388090 13.049238     82360.972706    333.211330 11.797936    151350.404290    453.605220  0.704807        NaN       NaN 0.001239 0.004393 0.003254 0.003482    G+U 11.313220 0.000711 11.436063 0.000739 10.915344           0.000732 10.898421           0.000654 10.148637 0.000408 -0.122843 0.001026  0.520719           0.001041  0.016923           0.000982           0.749784           0.000771  6.320044  6.866538  5.615236 0.005486 0.006918 0.006257 0.816793  0.000599  0.825172   0.000692 0.825813  0.004827
52.202195 49.198284 5.662177 0.013332 22.309275  0.012099 -24.540906  0.013424 12.652797    163616.908966    288.189360 13.208793     71104.959399    446.893500 11.939192    132886.666389    596.531000  0.713605        NaN       NaN 0.001912 0.006824 0.004874 0.005236    G+U 11.554082 0.000733 11.507297 0.000700 11.118330           0.000766 11.121547           0.000750 10.512794 0.000445  0.046784 0.001014  0.388968           0.001038 -0.003217           0.001072           0.608753           0.000872  6.417714  6.973710  5.704109 0.005459 0.008527 0.007064 0.802008  0.000618  0.811716   0.001301 0.815939  0.005960
52.361403 49.343047 5.743127 0.016042 22.650960  0.014867 -24.992798  0.016792 12.816582    140706.462122    153.351240 13.396576     59811.725308    222.936080 12.087476    115922.580769    301.210540  0.729106  -1.057431  6.586537 0.001183 0.004047 0.002821 0.003059    G+U 11.653087 0.000763 11.603865 0.000726 11.191899           0.000795 11.197473           0.000760 10.620751 0.000475  0.049222 0.001054  0.411965           0.001077 -0.005573           0.001100           0.576721           0.000896  6.612324  7.192318  5.883218 0.006180 0.007292 0.006690 0.768115  0.000658  0.785159   0.000852 0.796721  0.004567
52.094080 49.241378 5.768757 0.012094 23.172650  0.011850 -25.396746  0.014270 12.353194    215610.014757    200.749800 12.858952     98137.798297    330.228940 11.691193    166986.456091    421.602970  0.662002  -0.560688  0.906520 0.001011 0.003653 0.002741 0.002922    G+U 11.484266 0.000703 11.453441 0.000682 11.121680           0.000762 11.202518           0.000778 10.566463 0.000456  0.030826 0.000979  0.331760           0.001022 -0.080837           0.001088           0.636054           0.000902  6.158605  6.664363  5.496604 0.004663 0.005837 0.005314 0.842532  0.000480  0.847055   0.000677 0.844883  0.004273
52.937166 49.550898 5.760064 0.014344 22.661498  0.013198 -25.881864  0.015573 12.582087    174627.294225    185.973820 13.137320     75943.150886    311.060580 11.874920    140990.613160    384.409800  0.707167  -2.323736  7.615551 0.001156 0.004447 0.002960 0.003178    G+U 11.387128 0.000700 11.308392 0.000677 11.029118           0.000733 10.921971           0.000651 10.384975 0.000448  0.078736 0.000974  0.279274           0.000998  0.107146           0.000981           0.536996           0.000791  6.384223  6.939457  5.677056 0.005530 0.007001 0.006165 0.806763  0.000529  0.816841   0.001057 0.819341  0.004829
52.238549 49.567079 5.743789 0.028175 22.917394  0.024594 -25.199960  0.029041 14.862582     21375.390329     20.754680 16.029870      5290.162448     23.215070 13.788095     24205.823237     47.242863  1.074487  -0.715915  6.745236 0.001054 0.004765 0.002119 0.002367    G+U 13.121596 0.001502 12.807583 0.001293 12.321478           0.001337 11.723797           0.001010 11.420694 0.000705  0.314013 0.001981  0.486105           0.001859  0.597681           0.001675           0.303102           0.001232  8.658574  9.825862  7.584087 0.010704 0.011669 0.010860 0.562951  0.000456  0.526623   0.003183 0.570818  0.009275
52.736849 50.013970 5.664025 0.026796 22.468604  0.024158 -25.490116  0.027818 14.901358     20625.460917     12.993341 16.165886      4667.265713     16.417420 13.790380     24154.961139     47.795280  1.110978  19.271430  5.931186 0.000684 0.003819 0.002148 0.002255    G+U 12.962237 0.001615 12.647523 0.001271 12.145494           0.001369 11.630719           0.000941 11.269069 0.000671  0.314714 0.002055  0.502029           0.001868  0.514774           0.001661           0.361650           0.001156  8.666984  9.931512  7.556006 0.010296 0.010960 0.010495 0.560832  0.000378  0.523831   0.001583 0.560310  0.009004
52.851497 50.207497 5.722815 0.017401 22.224869  0.016303 -26.039419  0.017838 13.824242     55622.468074     51.808140 14.703582     17946.677373     65.243160 12.898238     54936.721854    143.646700  0.926003 -14.903182  3.453355 0.001011 0.003947 0.002839 0.003014    G+U 12.334087 0.000948 12.075521 0.000911 11.651841           0.000939       NaN -1000000000.000000 10.883056 0.000545  0.258566 0.001315  0.423680           0.001309       NaN -1000000000.000000 -1000000000.000000 -1000000000.000000  7.612290  8.491630  6.686286 0.006680 0.007692 0.007187 0.637251  0.000248  0.629011   0.000870 0.688725  0.005934
51.028111 49.414305 5.476603 0.027450 22.736657  0.027976 -24.194323  0.029420 14.863646     21354.443841     30.372885 16.062899      5131.651786     46.739600 13.773071     24543.106028    105.589190  1.090575 -25.933805  8.704856 0.001544 0.009889 0.004671 0.004920    G+U 13.088942 0.001447 12.786376 0.001326 12.251010           0.001332 11.725822           0.000919 11.371104 0.000649  0.302566 0.001963  0.535366           0.001879  0.525188           0.001618           0.354718           0.001125  8.556203  9.755455  7.465627 0.010993 0.014705 0.011844 0.570475  0.000624  0.538612   0.001837 0.577134  0.013460
51.245651 49.837434 5.416426 0.187465 23.615144  0.175702 -26.496901  0.181839 13.876534     53006.970869     97.202770 14.785818     16637.558183     81.026500 12.832058     58389.537663    157.181880  1.044477 -15.684463  4.016363 0.001991 0.005288 0.002923 0.003536      G       NaN      NaN       NaN      NaN       NaN                NaN       NaN                NaN       NaN      NaN       NaN      NaN       NaN                NaN       NaN                NaN                NaN                NaN  7.545098  8.454382  6.500622 0.075182 0.075341 0.075213 0.643254  0.003198  0.636466   0.004328 0.686327  0.009748
51.181367 49.886820 5.436736 0.060566 22.101209  0.056141 -23.961821  0.058082 12.330759    220111.703096    268.725770 12.864676     97621.699221    469.576870 11.639423    175141.486314    530.139300  0.691336  -9.234019  7.240076 0.001326 0.005223 0.003286 0.003544      G       NaN      NaN       NaN      NaN       NaN                NaN       NaN                NaN       NaN      NaN       NaN      NaN       NaN                NaN       NaN                NaN                NaN                NaN  6.007450  6.541367  5.316114 0.024227 0.024748 0.024413 0.864749  0.002195  0.868474   0.002079 0.857365  0.005985
50.649225 49.634432 5.958354 0.024113 23.197009  0.021487 -27.664442  0.022874 14.502184     29790.192306     23.560600 15.765214      6750.425050     43.816230 13.384696     35097.784062     67.340034  1.117488        NaN       NaN 0.000859 0.007047 0.002083 0.002253    G+U 12.645874 0.001206 12.310681 0.001025 11.754476           0.001057 11.263311           0.000731 10.881259 0.000542  0.335193 0.001583  0.556206           0.001473  0.491164           0.001285           0.382052           0.000909  8.377816  9.640846  7.260328 0.008830 0.011265 0.009031 0.582985  0.000426  0.557066   0.002263 0.587344  0.011598
50.670611 49.678036 5.900262 0.012496 23.928006  0.012021 -25.767123  0.013426 12.632132    166760.897136    148.564270 13.190928     72284.541495    230.347560 11.924575    134687.823442    327.961670  0.707557  -2.685519  1.830265 0.000967 0.003460 0.002644 0.002815      G       NaN      NaN       NaN      NaN       NaN                NaN       NaN                NaN       NaN      NaN       NaN      NaN       NaN                NaN       NaN                NaN                NaN                NaN  6.486489  7.045285  5.778932 0.004700 0.005755 0.005305 0.790980  0.000519  0.803110   0.000715 0.809792  0.004181
50.342593 49.950824 5.647921 0.015001 23.330068  0.013110 -24.541850  0.015343 13.409896     81468.252111    131.770840 14.140509     30144.871292    182.504820 12.567064     74530.226224    301.484040  0.842832   1.863641  4.767772 0.001756 0.006573 0.004392 0.004730    G+U 11.876733 0.000901 11.752933 0.000820 11.402526           0.000869 11.245833           0.000738 11.203281 0.000483  0.123799 0.001219  0.350408           0.001195  0.156693           0.001141           0.042552           0.000882  7.169339  7.899952  6.326507 0.006029 0.008745 0.007249 0.683276  0.000700  0.700974   0.001113 0.737439  0.006648
50.999730 49.967048 5.639634 0.020673 22.636677  0.017639 -24.623155  0.019993 13.566211     70544.399853    143.837590 14.313209     25711.861890    219.136000 12.608507     71739.027395    410.098050  0.957704 -31.004263  4.341421 0.002214 0.009253 0.006207 0.006590      G       NaN      NaN       NaN      NaN       NaN                NaN       NaN                NaN       NaN      NaN       NaN      NaN       NaN                NaN       NaN                NaN                NaN                NaN  7.322466  8.069464  6.364762 0.008262 0.012206 0.010094 0.666145  0.000669  0.670078   0.001218 0.718204  0.008552
51.632540 49.905894 5.425138 0.156039 24.229035  0.132102 -24.203345  0.145671 14.547989     28559.537806     55.334150 15.846517      6263.398695     13.660686 13.333123     36805.165198     24.794975  1.214866 -20.215750  3.827000 0.002104 0.002368 0.000731 0.002227    G+U 12.586335 0.001136 12.192792 0.000950 11.665912           0.000985 11.228276           0.000779 10.812690 0.000506  0.393543 0.001481  0.526880           0.001368  0.437635           0.001255           0.415586           0.000929  8.220043  9.518571  7.005177 0.062492 0.062501 0.062460 0.592699  0.002207  0.565347   0.004295 0.592262  0.009069
51.945089 50.176427 5.598763 0.015020 22.091259  0.013085 -24.324440  0.015851 12.616196    169226.549185    237.360840 13.226811     69934.607995    356.967470 11.865766    142184.389532    536.924400  0.750430  -1.494268  4.170013 0.001523 0.005542 0.004100 0.004374    G+U 11.412687 0.000759 11.372076 0.000693 10.956572           0.000772 10.874643           0.000671 10.369970 0.000446  0.040611 0.001028  0.415504           0.001037  0.081928           0.001023           0.504673           0.000806  6.356656  6.967271  5.606226 0.006021 0.008041 0.007124 0.810281  0.000583  0.819130   0.000690 0.817531  0.005791
53.213054 49.845409 5.713107 0.037152 22.943161  0.039065 -25.185224  0.047536 12.740346    150941.370452    203.381730 13.282828     66417.973002    322.776730 11.906088    137000.816234    420.071300  0.834258  -4.275277  2.758264 0.001463 0.005276 0.003329 0.003636    G+U 11.423586 0.000694 11.240365 0.000676 10.937083           0.000718 10.900737           0.000640 10.165397 0.000416  0.183221 0.000969  0.303282           0.000986  0.036346           0.000962           0.735340           0.000763  6.524708  7.067190  5.690450 0.014196 0.015074 0.014508 0.791827  0.001427  0.803061   0.001056 0.801575  0.005644
53.350119 50.129511 5.568368 0.025055 21.751284  0.023098 -25.398074  0.022941 14.762328     23443.132071     10.921181 15.934299      5776.928141     17.516417 13.690118     26491.767600     32.401047  1.072210 -21.127337  5.382268 0.000506 0.003292 0.001328 0.001421    G+U 13.012455 0.001412 12.687620 0.001188 12.171153           0.001231 11.645649           0.000917 11.322173 0.000685  0.324835 0.001845  0.516467           0.001711  0.525504           0.001535           0.323476           0.001145  8.490968  9.662939  7.418758 0.009784 0.010310 0.009860 0.575110  0.000450  0.544316   0.002042 0.586388  0.007499
53.188404 50.087562 5.309883 0.020471 21.052683  0.020226 -23.868818  0.020876 14.537876     28826.788012     15.139594 15.587042      7954.264535     21.164760 13.523562     30883.988299     42.780640  1.014314  -5.555259  3.613945 0.000570 0.002889 0.001504 0.001608    G+U 12.895625 0.001286 12.627181 0.001119 12.126137           0.001175 11.563257           0.000859 11.235329 0.000668  0.268444 0.001704  0.501044           0.001623  0.562880           0.001456           0.327929           0.001089  8.163301  9.212467  7.148987 0.008391 0.008856 0.008506 0.598741  0.001290  0.576032   0.001927 0.627283  0.006061
52.843284 50.578412 5.807283 0.022215 23.105213  0.021663 -26.715892  0.021658 14.243975     37788.267213     54.605380 15.274649     10606.141692     65.758760 13.232183     40391.044218    175.496260  1.011792 -10.821855 14.867842 0.001569 0.006732 0.004717 0.004972    G+U 12.495165 0.001250 12.275575 0.001064 11.816651           0.001162 11.214002           0.000793 10.876238 0.000569  0.219590 0.001641  0.458923           0.001575  0.602650           0.001407           0.337764           0.000976  8.063840  9.094514  7.052048 0.008454 0.010692 0.009553 0.606561  0.000324  0.586571   0.001714 0.637164  0.009040
54.450153 50.993777 5.579779 0.013569 22.134856  0.014111 -25.315003  0.013577 13.028779    115727.128163    147.967450 13.669576     46514.301070    216.942440 12.254245     99416.882278    327.974730  0.774534  -1.083592  3.013355 0.001388 0.005064 0.003582 0.003841    G+U 11.965278 0.000817 11.867866 0.000759 11.356035           0.000836 11.434830           0.000798 10.756249 0.000490  0.097411 0.001115  0.511831           0.001129 -0.078794           0.001156           0.678580           0.000937  6.761864  7.402661  5.987330 0.005460 0.007316 0.006381 0.749116  0.000233  0.766288   0.001112 0.779109  0.005365
50.164348 50.263642 5.822252 0.027130 24.007824  0.024516 -25.134561  0.023979 13.596615     68596.325678     82.133700 14.675203     18421.940410     79.375150 12.566175     74591.285932    225.889330  1.030439  29.650959  4.126050 0.001300 0.004678 0.003288 0.003536    G+U 11.790386 0.000909 11.559467 0.000768 11.084525           0.000787 10.978833           0.000677 10.338311 0.000425  0.230919 0.001190  0.474942           0.001100  0.105692           0.001038           0.640522           0.000799  7.422070  8.500658  6.391630 0.010202 0.011148 0.010639 0.647379  0.000511  0.642439   0.001618 0.687726  0.007606
51.649873 51.375692 5.386533 0.027997 21.274611  0.024813 -23.896034  0.027022 14.960169     19537.952985     17.721296 16.180498      4604.870491     19.650087 13.860662     22640.868457     43.369743  1.099506  -5.418867  8.195696 0.000985 0.004633 0.002080 0.002301    G+U 13.139427 0.001338 12.839440 0.001190 12.326151           0.001241 11.720410           0.000950 11.340012 0.000708  0.299987 0.001791  0.513289           0.001720  0.605741           0.001563           0.380399           0.001185  8.616716  9.837045  7.517209 0.011329 0.012200 0.011476 0.564812  0.000478  0.528535   0.001616 0.569249  0.009513
51.539003 51.641472 5.713769 0.065958 22.619014  0.055195 -25.177114  0.057865 14.134523     41796.243511     28.388556 15.619361      7720.982009     16.099958 12.924174     53639.944693     54.464710  1.210349  -6.015501  4.441983 0.000737 0.002264 0.001102 0.001326    G+U 12.214396 0.000875 11.990786 0.000793 11.394505           0.000809 11.062766           0.000693 10.415951 0.000443  0.223611 0.001181  0.596280           0.001133  0.331739           0.001065           0.646815           0.000822  7.919136  9.403974  6.708787 0.025078 0.025169 0.025091 0.607039  0.000808  0.586574   0.001717 0.606020  0.007585
49.886001 51.527000 5.890358 0.021429 24.628643  0.019876 -24.974298  0.022927 14.418515     32176.645128     16.966866 15.484002      8746.129193     22.090960 13.392513     34846.006324     44.534447  1.026002 -20.282879  7.618015 0.000573 0.002742 0.001388 0.001501    G+U 12.630813 0.001286 12.428390 0.001167 11.987310           0.001162 11.464087           0.000826 11.164886 0.000653  0.202423 0.001737  0.441079           0.001647  0.523224           0.001426           0.299201           0.001053  8.269224  9.334711  7.243222 0.007921 0.008362 0.008021 0.591886  0.000361  0.563676   0.002231 0.616289  0.006060
49.255081 51.884979 5.426075 0.041376 22.414030  0.039053 -24.497407  0.052349 14.979162     19199.137075     18.554506 16.332690      4002.590966     20.381369 13.830557     23277.459731     57.057842  1.148605 -21.802828  6.602815 0.001049 0.005529 0.002661 0.002861    G+U 13.105482 0.001425 12.705764 0.001155 12.119263           0.001208 11.560888           0.000880 11.209014 0.000615  0.399718 0.001835  0.586501           0.001671  0.558374           0.001494           0.351874           0.001073  8.651591 10.005119  7.502986 0.016591 0.017457 0.016771 0.560295  0.000622  0.522160   0.003140 0.552105  0.011657
53.721467 52.728275 5.936468 0.027324 22.631645  0.029282 -26.291012  0.025737 14.809579     22444.767497     27.280607 16.062650      5132.828627     32.561016 13.698504     26287.936301     88.697210  1.111074  43.577568  4.672284 0.001320 0.006888 0.003663 0.003894      G       NaN      NaN       NaN      NaN       NaN                NaN       NaN                NaN       NaN      NaN       NaN      NaN       NaN                NaN       NaN                NaN                NaN                NaN  8.677220  9.930291  7.566145 0.010082 0.012138 0.010645 0.560852  0.000387  0.523831   0.001583 0.560162  0.012001
52.693330 53.010073 5.483902 0.017990 22.111032  0.017513 -27.787809  0.017065 12.915162    128493.677327     32.024055 13.528151     52985.393876     40.988620 12.170594    107379.254510     54.813038  0.744568  13.974766  1.897768 0.000271 0.000840 0.000554 0.000617      G       NaN      NaN       NaN      NaN       NaN                NaN       NaN                NaN       NaN      NaN       NaN      NaN       NaN                NaN       NaN                NaN                NaN                NaN  6.610610  7.223600  5.866042 0.007129 0.007173 0.007145 0.767246  0.000666  0.784957   0.000694 0.794798  0.002226
50.981732 52.573663 5.834463 0.017434 23.363385  0.014329 -25.934614  0.017224 13.840755     54782.833178     46.029390 14.729936     17516.314810     58.226750 12.909233     54383.215104    130.981190  0.931522  -9.119004  2.484732 0.000912 0.003609 0.002615 0.002770      G       NaN      NaN       NaN      NaN       NaN                NaN       NaN                NaN       NaN      NaN       NaN      NaN       NaN                NaN       NaN                NaN                NaN                NaN  7.670759  8.559940  6.739237 0.006553 0.007425 0.006996 0.633342  0.000231  0.623912   0.000852 0.683001  0.005732
52.255049 42.892655 5.268927 0.022028 20.953484  0.022505 -23.896902  0.018246 14.300930     35857.053869     42.346880 15.292453     10433.634720     50.822014 13.304152     37800.493029    114.355860  0.996779  18.737967  9.176148 0.001282 0.005289 0.003285 0.003526      G       NaN      NaN       NaN      NaN       NaN                NaN       NaN                NaN       NaN      NaN       NaN      NaN       NaN                NaN       NaN                NaN                NaN                NaN  7.909541  8.901064  6.912763 0.009169 0.010507 0.009654 0.616789  0.000387  0.600580   0.001429 0.653560  0.007708
48.728389 51.510695 5.812771 0.117462 23.794477  0.124501 -25.366095  0.141202 17.481594      1915.618829      2.521127 19.522392       212.060498      7.210536 16.150375      2747.943146      8.509739  1.331219        NaN       NaN 0.001429 0.036917 0.003362 0.003653    G+U 15.241018 0.004137 14.736854 0.003299 14.088887           0.003375 13.535058           0.002401 13.101062 0.001785  0.504165 0.005292  0.647966           0.004720  0.553829           0.004142           0.433996           0.002991 11.303510 13.344308  9.972291 0.043903 0.057344 0.044009 0.231810  0.002420  0.185724   0.002436 0.210442  0.028188
49.115089 51.823493 5.451834 0.125589 22.341704  0.109716 -24.114532  0.118845 17.696173      1572.090154      1.874175 19.625740       192.806174      8.555192 16.366611      2251.714878     12.569542  1.329561        NaN       NaN 0.001294 0.048176 0.006061 0.006197    G+U 15.544889 0.005024 14.966902 0.003789 14.334847           0.003595 13.729418           0.003341 13.402045 0.001686  0.577987 0.006292  0.632054           0.005223  0.605430           0.004908           0.327373           0.003743 11.378886 13.308453 10.049324 0.050039 0.069449 0.050388 0.228152  0.002798  0.182473   0.002826 0.212541  0.031566
48.603991 52.560591 5.568561 0.051995 22.742869  0.050211 -23.998386  0.056810 16.424025      5073.837909      5.475602 18.128320       765.752325      8.683795 15.167972      6791.558025     17.098764  1.256053        NaN       NaN 0.001172 0.012312 0.002734 0.002974      G       NaN      NaN       NaN      NaN       NaN                NaN       NaN                NaN       NaN      NaN       NaN      NaN       NaN                NaN       NaN                NaN                NaN                NaN 10.152740 11.857035  8.896687 0.020309 0.023721 0.020459 0.379370  0.001721  0.313527   0.001835 0.351101  0.022569
50.952743 53.800358 5.689578 0.044542 23.116432  0.040985 -25.605175  0.045198 15.636905     10475.742061     15.139636 17.180965      1832.444568     14.123152 14.424731     13466.838702     51.088116  1.212174        NaN       NaN 0.001569 0.008368 0.004119 0.004408      G       NaN      NaN       NaN      NaN       NaN                NaN       NaN                NaN       NaN      NaN       NaN      NaN       NaN                NaN       NaN                NaN                NaN                NaN  9.412305 10.956365  8.200131 0.017072 0.018948 0.017492 0.483085  0.001349  0.417579   0.002419 0.450596  0.017340
50.035123 53.655808 5.013842 0.134849 22.226670  0.114166 -25.793767  0.124037 17.602758      1713.339985      1.931053 19.637953       190.649638      6.919936 16.263926      2475.074782     12.511590  1.338833        NaN       NaN 0.001224 0.039409 0.005488 0.005623      G       NaN      NaN       NaN      NaN       NaN                NaN       NaN                NaN       NaN      NaN       NaN      NaN       NaN                NaN       NaN                NaN                NaN                NaN 11.103611 13.138806  9.764779 0.058415 0.070455 0.058660 0.249635  0.003438  0.202239   0.003266 0.224288  0.032181
55.438745 51.698488 5.813606 0.031002 21.862504  0.030125 -27.203342  0.027732 15.376421     13316.138758     12.695506 16.825903      2541.300181     13.503365 14.198877     16580.874806     43.106823  1.177544        NaN       NaN 0.001035 0.005769 0.002823 0.003007      G       NaN      NaN       NaN      NaN       NaN                NaN       NaN                NaN       NaN      NaN       NaN      NaN       NaN                NaN       NaN                NaN                NaN                NaN  9.198649 10.648131  8.021105 0.011626 0.012937 0.011919 0.511143  0.000738  0.450147   0.002095 0.485177  0.013469
56.015591 52.160817 5.351996 0.123476 19.969171  0.120764 -25.232846  0.103122 17.699928      1566.662086      1.894727 19.697138       180.535052      5.595353 16.372421      2239.700553      7.883771  1.327507        NaN       NaN 0.001313 0.033650 0.003822 0.004041      G       NaN      NaN       NaN      NaN       NaN                NaN       NaN                NaN       NaN      NaN       NaN      NaN       NaN                NaN       NaN                NaN                NaN                NaN 11.342507 13.339717 10.015000 0.050115 0.060350 0.050244 0.229085  0.002659  0.182105   0.002686 0.210838  0.026613
53.725873 53.528041 6.023578 0.070157 22.555057  0.071958 -27.201838  0.071092 16.961166      3093.715394      2.643392 18.733654       438.485452      8.897151 15.684714      4219.611991     11.161324  1.276452        NaN       NaN 0.000928 0.022030 0.002872 0.003018      G       NaN      NaN       NaN      NaN       NaN                NaN       NaN                NaN       NaN      NaN       NaN      NaN       NaN                NaN       NaN                NaN                NaN                NaN 10.860439 12.632927  9.583987 0.025308 0.033541 0.025454 0.283515  0.001893  0.233634   0.001707 0.270074  0.027065
50.505850 43.121822 5.770474 0.085102 23.056960  0.089915 -24.054706  0.078725 16.862225      3388.883314      3.603387 18.709690       448.271243      8.710966 15.584744      4626.581948     14.400212  1.277480        NaN       NaN 0.001154 0.021098 0.003379 0.003571      G       NaN      NaN       NaN      NaN       NaN                NaN       NaN                NaN       NaN      NaN       NaN      NaN       NaN                NaN       NaN                NaN                NaN                NaN 10.668282 12.515747  9.390801 0.032045 0.038350 0.032202 0.303513  0.002461  0.249866   0.002232 0.281867  0.028344
52.074947 44.496828 5.079534 0.083616 23.280742  0.088698 -26.874589  0.082293 16.480024      4818.778384      7.062467 18.078436       801.756715      8.548782 15.198124      6605.546084     11.057206  1.281900        NaN       NaN 0.001591 0.011577 0.001817 0.002416      G       NaN      NaN       NaN      NaN       NaN                NaN       NaN                NaN       NaN      NaN       NaN      NaN       NaN                NaN       NaN                NaN                NaN                NaN 10.009143 11.607555  8.727243 0.035781 0.037573 0.035792 0.404300  0.002745  0.335733   0.002776 0.374187  0.021604
51.652590 44.372192 5.352749 0.145986 21.821972  0.181499 -25.691470  0.130404 17.983442      1206.617478      1.691127 19.880167       152.528307     10.012657 16.656298      1724.403105     12.275525  1.327145        NaN       NaN 0.001522 0.071273 0.007729 0.007877      G       NaN      NaN       NaN      NaN       NaN                NaN       NaN                NaN       NaN      NaN       NaN      NaN       NaN                NaN       NaN                NaN                NaN                NaN 11.626326 13.523051 10.299182 0.059242 0.092667 0.059725 0.207220  0.003272  0.162389   0.003412 0.198776  0.034467
52.354452 46.033894 5.440442 0.125330 21.543012  0.137176 -23.727902  0.098266 17.375696      2111.873859      2.356509 19.280401       265.006475      7.272120 16.083256      2923.180497     10.683866  1.292440        NaN       NaN 0.001212 0.029794 0.003968 0.004149    G+U 15.233562 0.003839 14.737404 0.003166 14.112078           0.002991 13.549831           0.002704 13.284025 0.002154  0.496159 0.004976  0.625326           0.004355  0.562246           0.004032           0.265806           0.003457 11.053867 12.958572  9.761427 0.050038 0.058224 0.050181 0.257266  0.003171  0.208753   0.002975 0.241081  0.029180
52.507214 45.937795 5.809429 0.075879 22.530878  0.082395 -25.974232  0.062276 16.413760      5122.037700      4.193855 18.110401       778.495793     13.243608 15.157676      6856.267211     14.944237  1.256083        NaN       NaN 0.000889 0.018470 0.002367 0.002528    G+U 14.316241 0.002410 13.876274 0.002020 13.277382           0.001993 12.758618           0.001649 12.359971 0.001166  0.439967 0.003144  0.598892           0.002838  0.518764           0.002586           0.398647           0.002019 10.234427 11.931068  8.978343 0.028376 0.033846 0.028461 0.368620  0.002414  0.304654   0.001767 0.343043  0.027500
49.536389 44.583697 5.246576 0.080167 22.154336  0.093244 -23.635753  0.075845 16.576468      4409.197381      4.632659 18.441969       573.626194     11.124434 15.280848      6120.948930     12.507662  1.295619        NaN       NaN 0.001141 0.021056 0.002219 0.002495      G       NaN      NaN       NaN      NaN       NaN                NaN       NaN                NaN       NaN      NaN       NaN      NaN       NaN                NaN       NaN                NaN                NaN                NaN 10.175848 12.041349  8.880229 0.033200 0.039297 0.033254 0.370964  0.002810  0.306138   0.002013 0.329131  0.031288
48.743209 44.815038 5.802575 0.093303 23.578828  0.092802 -24.071213  0.083677 17.080990      2770.454406      4.494592 18.964314       354.561682      9.376028 15.795241      3811.200131     16.508293  1.285748        NaN       NaN 0.001761 0.028711 0.004703 0.005022      G       NaN      NaN       NaN      NaN       NaN                NaN       NaN                NaN       NaN      NaN       NaN      NaN       NaN                NaN       NaN                NaN                NaN                NaN 10.899094 12.782418  9.613345 0.034961 0.045205 0.035232 0.275488  0.002532  0.226335   0.002208 0.256514  0.030500
48.958843 45.288808 5.794860 0.041292 23.692878  0.044860 -24.764301  0.038730 15.716997      9730.781411      9.463322 17.245562      1726.602607     12.538856 14.511545     12431.972499     31.487759  1.205452        NaN       NaN 0.001056 0.007885 0.002750 0.002946      G       NaN      NaN       NaN      NaN       NaN                NaN       NaN                NaN       NaN      NaN       NaN      NaN       NaN                NaN       NaN                NaN                NaN                NaN  9.532212 11.060777  8.326760 0.015509 0.017366 0.015715 0.468248  0.001182  0.403473   0.002338 0.439651  0.016723
49.620009 45.185850 5.842672 0.037299 23.982721  0.041194 -25.555384  0.033915 15.739633      9530.018396     15.004485 17.235160      1743.222101     15.635509 14.530710     12214.452051     53.709824  1.208922        NaN       NaN 0.001709 0.009738 0.004774 0.005071    G+U 13.793410 0.001860 13.380601 0.001605 12.833460           0.001720 12.254050           0.001280 11.969592 0.001350  0.412809 0.002456  0.547141           0.002353  0.579410           0.002144           0.284458           0.001860  9.572691 11.068218  8.363768 0.013967 0.016941 0.014661 0.465176  0.001120  0.397621   0.003226 0.437960  0.018353
51.080895 46.426499 5.763084 0.103077 22.474272  0.125367 -24.989306  0.094908 17.273087      2321.199378      2.292625 19.281284       264.790845      8.150798 15.958894      3277.936843     10.043718  1.314193        NaN       NaN 0.001072 0.033421 0.003327 0.003495    G+U 15.046580 0.004362 14.541674 0.003381 13.914761           0.003132 13.356355           0.002364 12.995557 0.001920  0.504907 0.005519  0.626913           0.004609  0.558406           0.003924           0.360798           0.003046 11.076362 13.084559  9.762169 0.038853 0.051239 0.038980 0.253150  0.002484  0.206377   0.002385 0.230010  0.030058
52.337026 46.512537 5.669574 0.064587 22.497606  0.061577 -25.359994  0.057652 16.314821      5610.720382      9.088549 18.033228       835.844665     12.875785 15.054781      7537.819063     26.671219  1.260040        NaN       NaN 0.001759 0.016725 0.003842 0.004225    G+U 14.144683 0.002843 13.732892 0.002271 13.197878           0.002249 12.630524           0.001583 12.325534 0.001193  0.411791 0.003638  0.535014           0.003196  0.567354           0.002750           0.304990           0.001982 10.082573 11.800980  8.822533 0.024800 0.029861 0.025034 0.389189  0.002192  0.322278   0.002068 0.356924  0.026527
51.653665 46.947219 6.033818 0.046457 24.241208  0.048316 -26.601927  0.047205 16.078728      6973.580543      4.847992 17.681595      1155.524877     10.073651 14.852396      9082.381769     16.515290  1.226332        NaN       NaN 0.000755 0.009465 0.001974 0.002114    G+U 13.946691 0.002450 13.581903 0.002038 13.017524           0.001975 12.451545           0.001435 12.209690 0.001117  0.364787 0.003187  0.564380           0.002838  0.565979           0.002441           0.241855           0.001818  9.981689 11.584556  8.755357 0.016736 0.019213 0.016835 0.406208  0.001326  0.338887   0.001332 0.381959  0.018971
51.849921 46.771357 5.841549 0.110125 23.937886  0.106188 -26.026145  0.087971 17.317190      2228.797460      2.570771 19.158170       296.584745      8.291056 16.026297      3080.632051     10.093708  1.290894        NaN       NaN 0.001252 0.030352 0.003557 0.003771    G+U 15.132505 0.004316 14.698283 0.003664 14.088765           0.003321 13.539382           0.002608 13.186464 0.001937  0.434222 0.005662  0.609518           0.004945  0.549383           0.004223           0.352918           0.003249 11.149830 12.990810  9.858937 0.040956 0.050961 0.041091 0.249940  0.002446  0.202621   0.002359 0.238174  0.028243
52.277419 46.934956 5.613690 0.066999 22.779139  0.084581 -25.630885  0.070476 16.625982      4212.632828      5.598991 18.489027       549.295443      8.927710 15.330177      5849.075962     21.038067  1.295805        NaN       NaN 0.001443 0.017646 0.003905 0.004163    G+U 14.391785 0.003136 13.943268 0.002488 13.340156           0.002344 12.737100           0.001657 12.406566 0.001250  0.448517 0.004003  0.603112           0.003418  0.603056           0.002871           0.330534           0.002076 10.372224 12.235269  9.076419 0.025956 0.031354 0.026209 0.343926  0.002246  0.285120   0.001985 0.308630  0.027879
51.953625 46.976434 5.517438 0.146317 23.096502  0.157562 -25.414847  0.142534 17.761152      1480.765149      2.142380 19.770142       168.795244      9.173503 16.433810      2116.580376      9.092519  1.327343        NaN       NaN 0.001571 0.059006 0.004664 0.004922    G+U 15.477154 0.005123 14.987040 0.004336 14.377362           0.003905 13.828066           0.003317 13.482777 0.002467  0.490114 0.006712  0.609677           0.005835  0.549296           0.005123           0.345289           0.004134 11.469839 13.478829 10.142497 0.057607 0.082449 0.057774 0.218356  0.003219  0.173027   0.003242 0.201911  0.033288
50.178788 46.754076 6.083481 0.079380 23.874895  0.079910 -25.911324  0.066739 16.803675      3576.652889      4.325803 18.586458       502.150394      7.844494 15.523476      4895.170386     15.427593  1.280199        NaN       NaN 0.001313 0.016961 0.003422 0.003665    G+U 14.632959 0.003395 14.206920 0.002708 13.636001           0.002652 13.083181           0.001973 12.849643 0.001765  0.426040 0.004343  0.570919           0.003790  0.552819           0.003305           0.233539           0.002647 10.724436 12.507219  9.444237 0.028365 0.033023 0.028540 0.299043  0.002104  0.245673   0.001880 0.281892  0.024899
50.441551 46.763280 5.676987 0.080388 23.140070  0.092635 -24.702329  0.078611 16.674880      4027.126016      3.147956 18.630663       482.115811     10.538153 15.343202      5779.329344     13.046450  1.331677        NaN       NaN 0.000849 0.023732 0.002451 0.002594    G+U 14.401653 0.003013 13.902289 0.002306 13.313157           0.002239 12.777751           0.001640 12.488730 0.001407  0.499364 0.003794  0.589132           0.003214  0.535406           0.002776           0.289021           0.002161 10.445469 12.401252  9.113791 0.030760 0.038842 0.030846 0.332331  0.002691  0.275820   0.002274 0.288963  0.032310
51.062488 46.875255 5.994524 0.079564 23.856319  0.076464 -25.269349  0.064985 16.920933      3210.508619      3.583875 18.744528       434.116237     12.188097 15.640891      4393.410287     14.263358  1.280042        NaN       NaN 0.001212 0.030483 0.003525 0.003727    G+U 14.731373 0.003649 14.313974 0.002928 13.729506           0.002756 13.171210           0.002058 12.872113 0.001744  0.417398 0.004678  0.584468           0.004021  0.558296           0.003439           0.299097           0.002697 10.809706 12.633301  9.529664 0.028847 0.041951 0.029036 0.288570  0.002263  0.239024   0.001958 0.270177  0.032396
51.200424 47.219014 5.798803 0.036960 23.481769  0.040940 -25.124214  0.032644 15.642156     10425.200655     13.127187 17.121254      1936.043371      9.340455 14.452598     13125.596497     40.634377  1.189558        NaN       NaN 0.001367 0.005238 0.003361 0.003629    G+U 13.610659 0.002045 13.268487 0.001701 12.740763           0.001702 12.169708           0.001208 11.906768 0.000972  0.342172 0.002660  0.527724           0.002407  0.571054           0.002087           0.262940           0.001551  9.458848 10.937946  8.269290 0.013908 0.014799 0.014243 0.478730  0.001085  0.410500   0.002440 0.453521  0.013253
51.873943 47.395306 6.084151 0.115293 23.652721  0.121456 -26.350966  0.116519 17.597519      1721.626777      2.402333 19.735977       174.191046      8.604456 16.263020      2477.140238     10.721390  1.334499        NaN       NaN 0.001515 0.053632 0.004699 0.004937    G+U 15.392868 0.004620 14.817059 0.003579 14.164352           0.003567 13.595703           0.002964 13.254224 0.002135  0.575809 0.005844  0.652706           0.005053  0.568649           0.004638           0.341479           0.003652 11.518519 13.656977 10.184020 0.041177 0.067599 0.041416 0.212182  0.002384  0.168175   0.002349 0.191138  0.030440
51.916268 47.490845 5.782347 0.040183 22.233076  0.042304 -25.289858  0.042028 15.801087      9005.584465      9.195900 17.346160      1573.810617     10.402300 14.589359     11572.164749     45.028070  1.211728        NaN       NaN 0.001109 0.007176 0.004225 0.004368    G+U 13.821922 0.002075 13.410301 0.001764 12.811548           0.001812 12.213672           0.001362 11.835922 0.000889  0.411621 0.002723  0.598753           0.002529  0.597877           0.002267           0.377749           0.001626  9.611608 11.156681  8.399880 0.015131 0.016710 0.015670 0.457531  0.001125  0.390760   0.001947 0.428930  0.016144
51.399003 47.395418 5.910385 0.075890 23.494492  0.081426 -26.268847  0.061047 16.473104      4849.588769      9.252864 18.329575       636.190378     10.712402 15.167990      6791.446583     34.795242  1.305115        NaN       NaN 0.002072 0.018282 0.005563 0.005936    G+U 14.323668 0.002658 13.812606 0.002097 13.205187           0.002123 12.642964           0.001601 12.347087 0.001156  0.511062 0.003385  0.607419           0.002984  0.562222           0.002659           0.295877           0.001974 10.331183 12.187654  9.026069 0.027959 0.033341 0.028431 0.350027  0.002383  0.290164   0.002056 0.312649  0.028600
51.773463 47.424866 5.992013 0.103038 23.927915  0.110744 -26.728571  0.104365 17.431957      2005.227627      2.171051 19.411512       234.861630      7.100661 16.119438      2827.371596     11.433249  1.312519        NaN       NaN 0.001176 0.032825 0.004390 0.004545    G+U 15.265748 0.004271 14.996452 0.003931 14.098752           0.003428 13.535409           0.002837 13.205232 0.002062  0.269296 0.005805  0.897700           0.005215  0.563343           0.004450           0.330177           0.003507 11.319821 13.299376 10.007302 0.037359 0.049717 0.037597 0.231482  0.002080  0.185471   0.002097 0.214455  0.026581
50.880347 47.186103 5.599178 0.054564 22.410943  0.065463 -23.732735  0.070400 16.007210      7448.390973      5.267742 17.746117      1088.854848     10.253853 14.732413     10143.614805     18.177994  1.274797        NaN       NaN 0.000768 0.010224 0.001946 0.002092    G+U 13.798425 0.002265 13.379017 0.001796 12.815445           0.001745 12.220809           0.001242 11.975676 0.001021  0.419408 0.002890  0.563572           0.002504  0.594636           0.002142           0.245133           0.001608  9.747831 11.486738  8.473034 0.021175 0.023502 0.021250 0.433833  0.001788  0.365786   0.001991 0.389704  0.021166
50.614004 47.346658 5.786579 0.113878 23.280182  0.114997 -25.549292  0.097375 17.493956      1893.930992      1.911830 19.502499       215.981820      9.767378 16.162468      2717.510894     10.451243  1.331488        NaN       NaN 0.001096 0.049100 0.004176 0.004317    G+U 15.296922 0.004377 14.740041 0.003447 14.074131           0.003288 13.492448           0.002401 13.183315 0.001899  0.556881 0.005571  0.665910           0.004764  0.581683           0.004071           0.309133           0.003061 11.306065 13.314608  9.974577 0.042748 0.065093 0.042938 0.233179  0.002501  0.188472   0.002447 0.212309  0.032642
50.924464 47.588401 5.934096 0.090132 24.133829  0.083191 -26.417819  0.075194 16.944883      3140.463042      2.851351 18.728006       440.772177      6.717201 15.671270      4272.184707     12.513934  1.273613        NaN       NaN 0.000986 0.016546 0.003180 0.003330    G+U 14.852602 0.003498 14.401058 0.002784 13.795872           0.002858 13.233262           0.002026 12.901415 0.001572  0.451544 0.004471  0.605186           0.003990  0.562610           0.003504           0.331847           0.002565 10.811656 12.594779  9.538043 0.032997 0.036900 0.033135 0.288158  0.002340  0.235782   0.002083 0.274022  0.023991
51.014241 47.618026 5.908774 0.067090 23.588302  0.058603 -25.029886  0.053364 16.251432      5948.038883      7.877552 17.951338       901.325964      9.889484 15.002481      7909.804968     23.790812  1.248951        NaN       NaN 0.001438 0.011913 0.003266 0.003568    G+U 14.164865 0.002491 13.732541 0.001990 13.122889           0.002017 12.541733           0.001380 12.266317 0.001074  0.432323 0.003188  0.609652           0.002833  0.581157           0.002444           0.275415           0.001749 10.108919 11.808825  8.859968 0.024698 0.027383 0.024871 0.384728  0.002066  0.317061   0.002050 0.356917  0.022198
51.258121 47.437915 6.029081 0.048815 23.799664  0.051939 -25.810085  0.049172 15.063170     17769.642975     13.214822 16.409407      3729.529440     19.448020 13.916156     21512.744610     30.803373  1.147015        NaN       NaN 0.000807 0.005662 0.001555 0.001752    G+U 13.193079 0.001541 12.835771 0.001308 12.268261           0.001343 11.683796           0.000962 11.434981 0.000702  0.357308 0.002022  0.567510           0.001875  0.584465           0.001652           0.248815           0.001191  8.964426 10.310663  7.817412 0.017600 0.018471 0.017650 0.535915  0.000872  0.486405   0.002085 0.521182  0.012306
51.622750 47.758121 5.596195 0.064053 23.044779  0.067998 -25.349244  0.061570 16.804390      3574.295793      3.293134 18.552757       517.981080      7.252296 15.541225      4815.795022     12.932327  1.263165        NaN       NaN 0.001000 0.015201 0.002916 0.003082    G+U 14.724365 0.003157 14.251916 0.002602 13.670178           0.002800 13.096774           0.002272 12.910055 0.001710  0.472449 0.004091  0.581738           0.003822  0.573404           0.003606           0.186719           0.002843 10.543854 12.292221  9.280689 0.024874 0.029134 0.025025 0.323240  0.002078  0.267091   0.001804 0.304718  0.024444
51.154956 47.681037 5.536435 0.075140 21.729709  0.076939 -24.645380  0.079197 16.944912      3140.379494      3.143655 18.801147       412.057567      8.176148 15.659731      4317.832156     12.998031  1.285181        NaN       NaN 0.001087 0.021543 0.003268 0.003444    G+U 14.856818 0.003433 14.324560 0.002745 13.707492           0.002804 13.100251           0.002222 12.908423 0.001641  0.532258 0.004395  0.617068           0.003923  0.607241           0.003577           0.191828           0.002762 10.661063 12.517298  9.375882 0.029491 0.036506 0.029652 0.304753  0.002303  0.251336   0.002127 0.281098  0.028704
51.176966 47.825601 5.990972 0.190113 22.253367  0.183177 -25.674347  0.178872 17.947540      1247.185339      3.972375 20.206678       112.913383      6.654913 16.505577      1981.195549      8.528101  1.441963        NaN       NaN 0.003458 0.063991 0.004674 0.005814    G+U 15.621966 0.005059 14.956242 0.003872 14.269603           0.003810 13.705019           0.003383 13.428214 0.002416  0.665725 0.006371  0.686639           0.005432  0.564584           0.005095           0.276805           0.004157 11.835027 14.094165 10.393064 0.068995 0.094038 0.069066 0.187468  0.002955  0.143780   0.002386 0.163263  0.027962
50.615855 46.225008 5.492236 0.037788 22.805805  0.039115 -24.332938  0.032788 15.648684     10362.707042      8.063806 17.107977      1959.865264     13.731524 14.459458     13042.920920     28.628780  1.189225  -2.499574  8.017509 0.000845 0.007607 0.002383 0.002528    G+U 13.687800 0.001814 13.316305 0.001511 12.784126           0.001608 12.168988           0.001167 11.898883 0.000718  0.371495 0.002361  0.532179           0.002207  0.615138           0.001987           0.270105           0.001370  9.347430 10.806723  8.158204 0.014964 0.016765 0.015129 0.493199  0.001007  0.431259   0.002205 0.467331  0.015747
54.216404 45.053245 6.038147 0.466686 20.180902  0.522125 -25.163752  0.425547 15.229514     15245.482108     58.449883 16.575590      3200.226958     13.807518 13.929157     21256.682015     24.602750  1.300357  28.092281  4.744039 0.004163 0.004684 0.001257 0.004348      G       NaN      NaN       NaN      NaN       NaN                NaN       NaN                NaN       NaN      NaN       NaN      NaN       NaN                NaN       NaN                NaN                NaN                NaN  9.134033 10.480109  7.833676 0.167884 0.167897 0.167837 0.523395  0.009150  0.467422   0.012675 0.490352  0.021560
54.627096 45.268246 5.529568 0.121495 21.809329  0.147151 -26.285463  0.106126 17.492037      1897.283548      2.935466 19.535667       209.483380      8.139747 16.134487      2788.453654      9.460274  1.357550        NaN       NaN 0.001680 0.042188 0.003684 0.004048      G       NaN      NaN       NaN      NaN       NaN                NaN       NaN                NaN       NaN      NaN       NaN      NaN       NaN                NaN       NaN                NaN                NaN                NaN 11.205493 13.249123  9.847943 0.047741 0.063688 0.047853 0.241436  0.002750  0.195388   0.002694 0.215191  0.031509
55.384432 45.823709 5.481046 0.081437 21.046465  0.086458 -25.959427  0.070775 16.866144      3376.676014      3.728044 18.573229       508.306507      5.515599 15.614681      4500.757508     13.902293  1.251463        NaN       NaN 0.001199 0.011781 0.003354 0.003561      G       NaN      NaN       NaN      NaN       NaN                NaN       NaN                NaN       NaN      NaN       NaN      NaN       NaN                NaN       NaN                NaN                NaN                NaN 10.560461 12.267546  9.308998 0.032286 0.034347 0.032438 0.321845  0.002580  0.264627   0.002213 0.307891  0.021400
55.297056 46.013596 5.681788 0.081787 21.311323  0.102966 -25.869782  0.078449 16.788185      3628.042589      2.817572 18.534820       526.609883      8.835663 15.531682      4858.313714     11.197076  1.256503        NaN       NaN 0.000843 0.018217 0.002502 0.002641      G       NaN      NaN       NaN      NaN       NaN                NaN       NaN                NaN       NaN      NaN       NaN      NaN       NaN                NaN       NaN                NaN                NaN                NaN 10.560610 12.307245  9.304107 0.031269 0.036178 0.031357 0.320671  0.002577  0.264747   0.002220 0.303766  0.026657
56.815851 45.689205 5.461342 0.032378 20.284507  0.040796 -26.234500  0.027823 15.314559     14096.880371     12.745242 16.667252      2941.145185     17.230389 14.168450     17052.100071     35.830930  1.146109 -42.394050  5.833512 0.000982 0.006361 0.002281 0.002484      G       NaN      NaN       NaN      NaN       NaN                NaN       NaN                NaN       NaN      NaN       NaN      NaN       NaN                NaN       NaN                NaN                NaN                NaN  9.001056 10.353749  7.854947 0.012911 0.014359 0.013074 0.532636  0.000804  0.480456   0.002054 0.516932  0.013063
56.955891 45.718751 5.407449 0.111429 20.433945  0.129473 -26.554839  0.112829 17.387247      2089.525857      2.521375 19.254734       271.346116     14.204452 16.079100      2934.395384     10.231933  1.308147        NaN       NaN 0.001310 0.056836 0.003786 0.004006      G       NaN      NaN       NaN      NaN       NaN                NaN       NaN                NaN       NaN      NaN       NaN      NaN       NaN                NaN       NaN                NaN                NaN                NaN 11.052209 12.919696  9.744062 0.044766 0.072337 0.044906 0.260673  0.003258  0.215270   0.002994 0.242857  0.040109
56.505605 45.733573 5.566354 0.088608 20.316071  0.106149 -26.474960  0.080605 17.286045      2293.659186      2.173859 19.052880       326.787318      8.511771 16.013288      3117.762159     10.837890  1.272757        NaN       NaN 0.001029 0.028280 0.003774 0.003912      G       NaN      NaN       NaN      NaN       NaN                NaN       NaN                NaN       NaN      NaN       NaN      NaN       NaN                NaN       NaN                NaN                NaN                NaN 11.013899 12.780734  9.741142 0.034582 0.044661 0.034772 0.265891  0.002400  0.217748   0.002137 0.256806  0.028991
57.270953 45.901076 5.673577 0.096101 20.348378  0.108440 -26.596670  0.083044 17.277277      2312.256991      2.565374 19.197018       286.160490      7.210683 15.988164      3190.748185     11.231133  1.289113        NaN       NaN 0.001205 0.027358 0.003822 0.004007      G       NaN      NaN       NaN      NaN       NaN                NaN       NaN                NaN       NaN      NaN       NaN      NaN       NaN                NaN       NaN                NaN                NaN                NaN 11.046562 12.966303  9.757449 0.036801 0.045840 0.036979 0.257758  0.002418  0.209951   0.002283 0.240790  0.027916
57.843686 46.865792 5.915477 0.047085 21.524619  0.045082 -27.742744  0.042545 16.138264      6601.482925      6.423808 17.746315      1088.656720      7.203020 14.906467      8641.151017     24.527224  1.231797        NaN       NaN 0.001057 0.007184 0.003082 0.003258      G       NaN      NaN       NaN      NaN       NaN                NaN       NaN                NaN       NaN      NaN       NaN      NaN       NaN                NaN       NaN                NaN                NaN                NaN  9.998213 11.606264  8.766415 0.017316 0.018717 0.017557 0.403527  0.001344  0.335200   0.001454 0.379173  0.016618
57.831906 46.895937 5.788608 0.091539 20.934243  0.085252 -26.602428  0.081977 17.348358      2165.725278      2.168707 19.260445       269.922397      7.196473 16.048155      3019.230044     11.258913  1.300203        NaN       NaN 0.001087 0.028947 0.004049 0.004192      G       NaN      NaN       NaN      NaN       NaN                NaN       NaN                NaN       NaN      NaN       NaN      NaN       NaN                NaN       NaN                NaN                NaN                NaN 11.161229 13.073316  9.861026 0.034356 0.044912 0.034577 0.247166  0.002041  0.200509   0.002036 0.231423  0.027181
56.314716 46.030559 5.820447 0.075381 20.997789  0.088043 -26.745787  0.073189 16.680838      4005.081526      6.913761 18.666946       466.270974      8.195604 15.368488      5646.285312     34.527966  1.312349        NaN       NaN 0.001874 0.019084 0.006639 0.006899      G       NaN      NaN       NaN      NaN       NaN                NaN       NaN                NaN       NaN      NaN       NaN      NaN       NaN                NaN       NaN                NaN                NaN                NaN 10.505620 12.491728  9.193270 0.028185 0.033987 0.028896 0.320455  0.002374  0.264806   0.002087 0.282006  0.028576
56.331046 46.859660 5.310870 0.068700 20.000069  0.087400 -25.830225  0.057002 16.630331      4195.793898      3.599047 18.258630       679.147868     10.729832 15.400038      5484.578552     11.490232  1.230293        NaN       NaN 0.000931 0.017154 0.002275 0.002458    G+U 14.572127 0.002620 14.167708 0.002242 13.617435           0.002291 13.033515           0.001874 12.708759 0.001410  0.404419 0.003449  0.550273           0.003206  0.583920           0.002960           0.324756           0.002346 10.256159 11.884458  9.025866 0.028105 0.032913 0.028181 0.367354  0.002380  0.303573   0.001738 0.349588  0.025690
57.778874 47.437505 5.975514 0.120563 20.498473  0.126507 -26.931522  0.106361 17.629663      1671.402796      3.358014 19.304470       259.196175      9.209004 16.268670      2464.281537     15.792538  1.360994        NaN       NaN 0.002181 0.038575 0.006958 0.007292      G       NaN      NaN       NaN      NaN       NaN                NaN       NaN                NaN       NaN      NaN       NaN      NaN       NaN                NaN       NaN                NaN                NaN                NaN 11.511539 13.186346 10.150546 0.043866 0.058374 0.044361 0.223919  0.002401  0.177515   0.002382 0.217534  0.027007
57.872244 47.584233 5.749981 0.048745 20.615514  0.045691 -27.071695  0.041578 15.923409      8046.061933      4.552997 17.440147      1443.304369     10.095095 14.720687     10253.765285     15.835572  1.202722        NaN       NaN 0.000614 0.007594 0.001677 0.001786      G       NaN      NaN       NaN      NaN       NaN                NaN       NaN                NaN       NaN      NaN       NaN      NaN       NaN                NaN       NaN                NaN                NaN                NaN  9.721740 11.238479  8.519019 0.018419 0.019913 0.018485 0.444665  0.001455  0.375209   0.001667 0.420381  0.016411
45.602064 50.501859 5.843051 0.091391 25.058531  0.083760 -23.567026  0.088379 16.799732      3589.661686      2.767804 18.591139       499.989865      8.689518 15.520035      4910.710506     12.465307  1.279697        NaN       NaN 0.000837 0.018869 0.002756 0.002880    G+U 14.698770 0.003182 14.253627 0.002538 13.600530           0.002373 13.027446           0.001940 12.733903 0.001452  0.445143 0.004070  0.653097           0.003474  0.573084           0.003065           0.293543           0.002423 10.632930 12.424337  9.353233 0.033974 0.038854 0.034076 0.310015  0.002642  0.255074   0.002408 0.290207  0.026981
46.513745 49.886671 5.806779 0.072059 24.542246  0.071768 -24.152588  0.068722 16.609660      4276.445780      3.303774 18.417665       586.611782      9.567961 15.315567      5928.314733     17.215002  1.294092        NaN       NaN 0.000839 0.017709 0.003153 0.003262    G+U 14.421781 0.002565 13.940812 0.002163 13.340096           0.002116 12.758842           0.001590 12.436461 0.000965  0.480968 0.003355  0.600717           0.003026  0.581254           0.002647           0.322381           0.001860 10.429336 12.237341  9.135243 0.026960 0.032245 0.027131 0.338144  0.002330  0.280084   0.002014 0.308099  0.027376
46.774922 50.390573 5.634641 0.068746 24.288946  0.066445 -23.144244  0.066911 16.836640      3469.691109      3.007389 18.641518       477.320586      6.684290 15.556720      4747.557765     10.879247  1.279920        NaN       NaN 0.000941 0.015204 0.002488 0.002660    G+U 14.713510 0.002932 14.255028 0.002431 13.637538           0.002356 13.069965           0.001995 12.717302 0.001401  0.458483 0.003809  0.617490           0.003385  0.567573           0.003087           0.352663           0.002438 10.590971 12.395849  9.311051 0.026510 0.030546 0.026610 0.314957  0.002130  0.259646   0.001945 0.293169  0.024487
46.990123 50.410025 5.634646 0.033811 23.990261  0.035728 -23.819698  0.038910 15.551594     11332.070269     11.545411 17.003077      2158.668472     14.925565 14.365037     14227.990138     41.673050  1.186557 126.684350  6.372803 0.001106 0.007507 0.003180 0.003367    G+U 13.588774 0.001714 13.243596 0.001505 12.672510           0.001497 12.061874           0.001149 11.768566 0.000828  0.345178 0.002281  0.571086           0.002123  0.610636           0.001887           0.293308           0.001416  9.305927 10.757410  8.119370 0.013077 0.015038 0.013413 0.499409  0.001483  0.437664   0.002151 0.472723  0.015528
46.752478 50.488806 5.804078 0.068359 24.396041  0.077280 -23.901945  0.071016 16.651405      4115.136861      3.456863 18.354027       622.022909      9.275914 15.404969      5459.723470     14.715818  1.246436        NaN       NaN 0.000912 0.016191 0.002926 0.003065    G+U 14.548760 0.002736 14.125041 0.002308 13.540895           0.002275 12.991020           0.001935 12.642050 0.001342  0.423719 0.003579  0.584146           0.003241  0.549875           0.002987           0.348970           0.002355 10.470071 12.172693  9.223635 0.025591 0.030269 0.025742 0.334868  0.002196  0.277176   0.001930 0.318239  0.025193
47.706024 50.673823 5.827936 0.056257 24.225791  0.053674 -24.679457  0.050363 16.488525      4781.200121      4.531893 18.163641       741.242219      9.304436 15.228717      6422.018183     25.119953  1.259809        NaN       NaN 0.001029 0.013629 0.004247 0.004370    G+U 14.250069 0.002877 13.945559 0.002192 13.395147           0.002362 12.800319           0.001691 12.555598 0.001457  0.304510 0.003617  0.550411           0.003222  0.594829           0.002905           0.244720           0.002232 10.316099 11.991215  9.056291 0.020986 0.025002 0.021387 0.358236  0.001809  0.296782   0.001587 0.335965  0.023370
47.555227 51.057917 5.800471 0.050281 24.706784  0.044180 -23.950904  0.051449 16.184504      6326.234464     11.926505 17.836641      1001.752328     11.840046 14.944129      8346.540468     42.968470  1.240375        NaN       NaN 0.002047 0.012833 0.005589 0.005952    G+U 14.159811 0.002430 13.726365 0.001825 13.149839           0.001903 12.542626           0.001446 12.285631 0.001165  0.433446 0.003039  0.576526           0.002636  0.607213           0.002390           0.256995           0.001857 10.001820 11.653957  8.761445 0.018934 0.022781 0.019636 0.402305  0.001560  0.335369   0.001580 0.373826  0.022584
45.904587 50.682854 5.928689 0.062439 24.580933  0.060521 -24.198288  0.058102 16.634241      4180.716057      4.212421 18.466053       561.042069      8.080203 15.343854      5775.857079     14.021217  1.290387        NaN       NaN 0.001094 0.015637 0.002636 0.002854    G+U 14.465654 0.002809 13.996612 0.002215 13.400773           0.002156 12.849296           0.001733 12.507639 0.001321  0.469043 0.003577  0.595839           0.003091  0.551477           0.002766           0.341657           0.002179 10.499034 12.330846  9.208647 0.022896 0.027704 0.023021 0.327331  0.001967  0.271014   0.001784 0.299030  0.025447
46.545306 51.765722 5.300590 0.080711 22.371027  0.066280 -27.380324  0.087175 17.211120      2457.527540      1.846629 18.941317       362.151183      6.115420 15.970119      3244.220629      7.151999  1.241001        NaN       NaN 0.000816 0.018334 0.002394 0.002529    G+U 15.164541 0.003834 14.723176 0.003363 14.125792           0.003332 13.513719           0.002274 13.201968 0.002307  0.441365 0.005101  0.597383           0.004735  0.612074           0.004034           0.311750           0.003239 10.832741 12.562938  9.591740 0.033074 0.037807 0.033151 0.286716  0.002357  0.234786   0.002018 0.279367  0.024907
46.992212 50.409948 5.590155 0.030043 24.049166  0.030798 -24.099994  0.035129 15.259513     14830.009671     12.393939 16.623959      3060.790420     14.031806 14.107214     18041.505515     37.243073  1.152299 -17.496601  4.202603 0.000907 0.004977 0.002241 0.002418    G+U 13.412272 0.001577 13.063104 0.001382 12.511601           0.001388 11.871468           0.001041 11.596010 0.000756  0.349169 0.002097  0.551502           0.001959  0.640134           0.001735           0.275457           0.001287  8.996632 10.361078  7.844333 0.011705 0.012687 0.011883 0.532663  0.000718  0.480456   0.002054 0.515904  0.011661
56.068780 51.549021 5.886757 0.137083 25.654468  0.140072 -26.571296  0.129350 17.989530      1199.870713      1.822007 19.333628       252.327998     12.784514 16.650759      1733.223892     15.848221  1.338772        NaN       NaN 0.001649 0.055010 0.009928 0.010064      G       NaN      NaN       NaN      NaN       NaN                NaN       NaN                NaN       NaN      NaN       NaN      NaN       NaN                NaN       NaN                NaN                NaN                NaN 11.838910 13.183008 10.500139 0.050593 0.074720 0.051532 0.201763  0.002587  0.155987   0.002467 0.216081  0.028021
57.148982 50.315032 5.644919 0.028097 20.271285  0.029145 -26.841214  0.025747 15.191963     15781.976592     12.753738 16.514458      3385.587646     15.171149 14.058559     18868.369002     36.677870  1.133404  25.091200 10.111271 0.000877 0.004865 0.002111 0.002286      G       NaN      NaN       NaN      NaN       NaN                NaN       NaN                NaN       NaN      NaN       NaN      NaN       NaN                NaN       NaN                NaN                NaN                NaN  8.950252 10.272747  7.816848 0.010844 0.011853 0.011012 0.537624  0.000528  0.486473   0.002038 0.525685  0.011102
48.431551 45.907342 5.969495 0.267386 24.209436  0.331553 -23.998030  0.276281 17.522993      1843.951000      6.070298 18.426239       581.998168     18.541075 15.984431      3201.738299     17.824024  1.538562        NaN       NaN 0.003574 0.034589 0.006044 0.007022    G+U 15.239811 0.004028 14.730674 0.003160 14.116905           0.003096 13.590340           0.002679 13.114215 0.001812  0.509137 0.005119  0.613769           0.004424  0.526566           0.004094           0.476125           0.003235 11.402681 12.305927  9.864119 0.097330 0.103232 0.097452 0.268193  0.006179  0.217348   0.005549 0.267389  0.027874
49.146859 47.119741 5.832371 0.036457 24.074252  0.037576 -25.305845  0.033498 15.267381     14722.940021      7.612155 16.578050      3192.983194     14.390630 14.129532     17674.428939     33.711697  1.137849  75.769936  5.905114 0.000561 0.004893 0.002071 0.002146    G+U 13.338670 0.001710 13.044106 0.001370 12.546954           0.001538 11.925812           0.001116 11.676847 0.000832  0.294563 0.002191  0.497152           0.002060  0.621142           0.001900           0.248964           0.001392  9.096607 10.407276  7.958758 0.013585 0.014429 0.013730 0.524881  0.000618  0.468392   0.002046 0.511122  0.011315
48.711814 46.795221 5.887891 0.096759 23.766567  0.094748 -25.204804  0.082333 17.153994      2590.296259      3.358612 19.010405       339.825049      6.544497 15.866056      3570.552738     12.165630  1.287937        NaN       NaN 0.001408 0.020910 0.003699 0.003958    G+U 15.047472 0.003332 14.515112 0.002638 13.921132           0.002691 13.394711           0.002577 13.091636 0.001927  0.532360 0.004250  0.593980           0.003768  0.526422           0.003726           0.303075           0.003218 11.003793 12.860204  9.715855 0.035713 0.041360 0.035876 0.264145  0.002355  0.214996   0.002166 0.249363  0.025035
47.250039 46.147597 6.006593 0.106484 24.602914  0.113724 -24.707305  0.114324 17.292200      2280.692751      3.384381 18.948769       359.674545     35.739506 15.937685      3342.598607     45.174760  1.354515        NaN       NaN 0.001611 0.107886 0.014674 0.014762    G+U 15.145091 0.003690 14.616985 0.002845 14.004035           0.002895 13.434763           0.002493 13.123694 0.001898  0.528106 0.004659  0.612950           0.004059  0.569272           0.003820           0.311069           0.003133 11.185341 12.841910  9.830826 0.038529 0.114548 0.041197 0.251262  0.002931  0.209783   0.002891 0.244239  0.052312
47.730338 47.231564 5.438895 0.047938 23.233953  0.060647 -23.604854  0.046504 15.954181      7821.218781      7.199760 17.508978      1354.645406      9.631029 14.740938     10064.288338     21.779308  1.213243        NaN       NaN 0.000999 0.007719 0.002350 0.002553    G+U 13.897433 0.001886 13.501412 0.001627 12.965881           0.001681 12.416602           0.001396 12.218330 0.001257  0.396021 0.002491  0.535531           0.002340  0.549279           0.002185           0.198272           0.001879  9.631734 11.186531  8.418491 0.019165 0.020637 0.019283 0.454617  0.001373  0.385438   0.001921 0.425700  0.016857
49.610787 46.800394 5.741947 0.057138 23.354761  0.070854 -24.872248  0.058364 16.507042      4700.345350      4.148627 18.159359       744.171655      9.814194 15.271709      6172.692889     12.379910  1.235333        NaN       NaN 0.000958 0.014319 0.002178 0.002379    G+U 14.436943 0.003015 14.030467 0.002251 13.440417           0.002455 12.892224           0.001880 12.571136 0.001364  0.406476 0.003763  0.590050           0.003331  0.548193           0.003092           0.321088           0.002323 10.302338 11.954655  9.067004 0.021630 0.025922 0.021718 0.360181  0.001864  0.298501   0.001581 0.341900  0.023613
50.343539 47.431281 5.955042 0.059507 23.989956  0.068238 -25.288143  0.053100 16.286083      5761.211073      6.016464 17.987127       872.100044     12.780530 15.033967      7683.720261     20.996021  1.252116        NaN       NaN 0.001134 0.015911 0.002967 0.003176    G+U 14.194155 0.002457 13.761919 0.002004 13.174307           0.002027 12.587854           0.001390 12.338588 0.001129  0.432236 0.003170  0.587612           0.002850  0.586453           0.002457           0.249267           0.001790 10.160507 11.861551  8.908391 0.021729 0.026908 0.021901 0.378926  0.001889  0.313981   0.001901 0.350951  0.025568
50.141884 47.760921 5.840592 0.121134 23.602590  0.122483 -25.058550  0.099757 17.456219      1960.915804      2.083296 19.367678       244.537509      9.885203 16.149303      2750.659614     16.223305  1.306915        NaN       NaN 0.001153 0.043890 0.006404 0.006507    G+U 15.368444 0.004339 14.803044 0.003450 14.176182           0.003512 13.624702           0.002586 13.383856 0.002206  0.565400 0.005544  0.626862           0.004923  0.551479           0.004362           0.240847           0.003399 11.288503 13.199962  9.981587 0.045051 0.062886 0.045489 0.235915  0.002590  0.190202   0.002496 0.221504  0.031549
50.004155 47.758277 5.694704 0.042966 23.391093  0.046533 -24.532321  0.036489 15.732583      9592.092419      8.595387 17.230240      1751.139340     13.352110 14.548366     12017.436502     25.445580  1.184217        NaN       NaN 0.000973 0.008279 0.002299 0.002496    G+U 13.777229 0.001961 13.364989 0.001675 12.815470           0.001681 12.192852           0.001148 11.995412 0.000920  0.412240 0.002579  0.549520           0.002373  0.622618           0.002036           0.197440           0.001472  9.509939 11.007596  8.325722 0.016412 0.018356 0.016544 0.471592  0.001263  0.403737   0.002517 0.446808  0.016762
49.928359 47.729992 5.740115 0.432674 22.976301  0.452839 -24.263098  0.366084 15.875373      8410.031126     24.871597 17.584803      1263.268312      9.320044 14.469605     12921.589809     28.145395  1.405767        NaN       NaN 0.003211 0.008010 0.002365 0.003988    G+U 13.608058 0.001798 13.081593 0.001456 12.480960           0.001425 11.924697           0.001004 11.589128 0.000737  0.526465 0.002314  0.600633           0.002037  0.556263           0.001743           0.335569           0.001246  9.669976 11.379406  8.264208 0.163711 0.163876 0.163697 0.447804  0.012229  0.378982   0.013065 0.388181  0.026220
49.477361 47.785238 5.973974 0.046735 23.920729  0.057685 -25.374474  0.047242 15.880117      8373.357101      7.239110 17.430550      1456.119823     10.886786 14.661394     10829.305910     20.909924  1.218723        NaN       NaN 0.000939 0.008118 0.002096 0.002297    G+U 13.847268 0.002157 13.467690 0.001850 12.899972           0.001776 12.377698           0.001322 11.987693 0.000773  0.379578 0.002842  0.567719           0.002564  0.522274           0.002214           0.390005           0.001532  9.761434 11.311867  8.542711 0.017013 0.018827 0.017116 0.438525  0.001411  0.370456   0.001577 0.411477  0.017269
50.601026 47.536555 5.678327 0.095708 22.602242  0.101870 -25.349823  0.084544 16.454230      4934.633929      5.161652 18.346743       626.209550      7.498664 15.152885      6886.584835     20.277468  1.301344        NaN       NaN 0.001136 0.013001 0.003197 0.003393    G+U 14.326368 0.002691 13.811088 0.002092 13.165022           0.002045 12.637234           0.001457 12.264342 0.001086  0.515281 0.003409  0.646066           0.002926  0.527788           0.002511           0.372891           0.001817 10.225332 12.117845  8.923987 0.036618 0.038841 0.036740 0.360496  0.003008  0.297341   0.002452 0.320655  0.024854
50.799847 47.909460 5.736122 0.031129 23.069691  0.033701 -26.280430  0.032791 15.216316     15431.935190     19.575363 16.609066      3103.061215     19.729963 14.059716     18848.279671     65.420750  1.156600        NaN       NaN 0.001377 0.006903 0.003768 0.004012    G+U 13.313012 0.001601 12.952724 0.001386 12.389848           0.001372 11.768171           0.000928 11.553787 0.000736  0.360288 0.002117  0.562877           0.001950  0.621676           0.001657           0.214384           0.001185  9.009408 10.402158  7.852808 0.011865 0.013657 0.012372 0.530744  0.000788  0.480455   0.002054 0.511845  0.013961
50.335500 47.887443 5.831433 0.032919 23.661318  0.031963 -25.144332  0.028796 15.062240     17784.877157     35.102570 16.410410      3726.083745     31.179182 13.918520     21465.961694    130.656770  1.143720 -23.246927  9.270382 0.002143 0.009085 0.006609 0.006947    G+U 13.146741 0.001451 12.778852 0.001239 12.251436           0.001285 11.830469           0.000940 11.369165 0.000659  0.367888 0.001908  0.527416           0.001785  0.420967           0.001593           0.461304           0.001149  8.891116 10.239286  7.747396 0.012444 0.015258 0.013926 0.541823  0.000642  0.493071   0.002708 0.528831  0.015330
50.669601 48.009230 5.969229 0.147253 22.976887  0.152175 -25.449585  0.160377 17.960024      1232.926431      1.836893 20.075527       127.410638      7.029031 16.614240      1792.510990     10.405847  1.345783        NaN       NaN 0.001618 0.059898 0.006303 0.006507    G+U 15.748817 0.005370 15.208384 0.004182 14.507517           0.003932 13.911919           0.002925 13.541086 0.002369  0.540433 0.006806  0.700868           0.005740  0.595598           0.004901           0.370832           0.003764 11.839615 13.955118 10.493831 0.053592 0.080357 0.053937 0.187781  0.002389  0.144565   0.001914 0.174391  0.027937
50.854561 47.910407 5.939046 0.038775 24.090366  0.042857 -25.312902  0.041393 15.718051      9721.342096     12.516132 17.339329      1583.746752     11.671416 14.486664     12720.165306     64.382200  1.231387        NaN       NaN 0.001398 0.008001 0.005495 0.005670    G+U 13.671822 0.001863 13.276170 0.001571 12.683765           0.001559 12.056890           0.001047 11.700598 0.000801  0.395652 0.002437  0.592404           0.002214  0.626876           0.001878           0.356292           0.001318  9.586634 11.207912  8.355247 0.014246 0.016279 0.015205 0.458193  0.001078  0.390762   0.001946 0.422691  0.017676
50.944073 47.988962 5.719305 0.042515 23.603357  0.045056 -25.572944  0.044426 15.944825      7888.907232      5.024941 17.662550      1175.970849      7.594900 14.689903     10548.648676     23.465008  1.254922        NaN       NaN 0.000692 0.007012 0.002415 0.002512    G+U 13.851123 0.002053 13.424466 0.001685 12.818055           0.001671 12.216812           0.001135 11.855676 0.000846  0.426657 0.002656  0.606411           0.002373  0.601243           0.002020           0.361136           0.001416  9.731541 11.449266  8.476619 0.016157 0.017599 0.016322 0.435798  0.001355  0.366305   0.001432 0.395453  0.017280
50.984985 48.155704 5.595501 0.098379 22.891230  0.102717 -24.192763  0.090143 17.024038      2919.654753      3.058228 18.784748       418.328824     10.897403 15.760327      3935.747412     13.773110  1.263711        NaN       NaN 0.001137 0.028283 0.003800 0.003966    G+U 14.961785 0.003926 14.474429 0.003104 13.907095           0.003006 13.296211           0.002210 12.982395 0.001813  0.487356 0.005005  0.567334           0.004320  0.610884           0.003731           0.313816           0.002859 10.763233 12.523943  9.499522 0.038195 0.047513 0.038367 0.294889  0.002870  0.242837   0.002519 0.281500  0.031627
50.884970 48.187007 5.849958 0.070785 23.901117  0.075877 -26.250454  0.072933 16.790796      3619.330755      3.655441 18.646917       474.952396     12.420823 15.499947      5002.414710     13.736315  1.290850        NaN       NaN 0.001097 0.028394 0.002981 0.003177    G+U 14.678023 0.003374 14.166882 0.002641 13.531395           0.002478 12.896851           0.001742 12.550197 0.001376  0.511142 0.004285  0.635487           0.003622  0.634544           0.003029           0.346654           0.002220 10.626560 12.482681  9.335711 0.026298 0.038686 0.026444 0.311379  0.002250  0.259439   0.002136 0.283975  0.033176
50.790935 48.245056 5.768378 0.041014 23.628430  0.046942 -25.006756  0.043966 15.881230      8364.783615      8.881378 17.447784      1433.186649     14.186461 14.668674     10756.943659     30.059235  1.212557        NaN       NaN 0.001153 0.010747 0.003034 0.003246    G+U 13.891796 0.002214 13.463828 0.001841 12.908199           0.001831 12.303316           0.001235 12.063607 0.000984  0.427968 0.002879  0.555629           0.002597  0.604883           0.002209           0.239709           0.001580  9.686498 11.253052  8.473942 0.015483 0.018812 0.015735 0.448443  0.001253  0.380205   0.001801 0.418711  0.019901
51.023778 48.186209 5.594829 0.055257 23.330308  0.063502 -24.748633  0.054349 15.555117     11295.365069     10.003678 17.061290      2045.975672     13.167885 14.354965     14360.588045     34.073315  1.200151        NaN       NaN 0.000962 0.006988 0.002576 0.002750    G+U 13.546750 0.001958 13.119912 0.001581 12.581725           0.001571 11.953360           0.001056 11.697728 0.000844  0.426838 0.002517  0.538187           0.002229  0.628366           0.001893           0.255631           0.001352  9.294051 10.800224  8.093899 0.021468 0.022556 0.021600 0.497938  0.002036  0.437307   0.002394 0.467890  0.015533
51.094893 48.333495 5.915447 0.048837 24.315612  0.054038 -25.439439  0.047860 16.253119      5938.804103      5.643896 17.978710       878.887077     12.424766 14.988521      8012.167227     18.119268  1.264598        NaN       NaN 0.001032 0.015349 0.002455 0.002663    G+U 14.145641 0.002555 13.678366 0.002040 13.083037           0.001965 12.521101           0.001407 12.243691 0.001146  0.467276 0.003269  0.595328           0.002832  0.561936           0.002417           0.277410           0.001814 10.113057 11.838648  8.848459 0.017957 0.023600 0.018095 0.385947  0.001617  0.321015   0.001620 0.352514  0.025431
51.094168 48.407127 5.928473 0.073232 23.819396  0.077092 -24.860993  0.069632 16.790950      3618.813949      4.225653 18.550611       519.005634      9.930151 15.521852      4902.499761     14.461349  1.269099        NaN       NaN 0.001268 0.020773 0.003203 0.003444    G+U 14.705673 0.003362 14.202780 0.002515 13.622972           0.002584 13.056833           0.001913 12.744525 0.001478  0.502893 0.004198  0.579808           0.003606  0.566138           0.003215           0.312308           0.002418 10.655664 12.415325  9.386566 0.026853 0.033927 0.027014 0.308627  0.002154  0.255086   0.002014 0.291759  0.027897
50.119030 47.955512 5.643087 0.136162 22.166721  0.142645 -23.709043  0.107160 17.799911      1428.835078      1.754215 19.773977       168.200021      9.005597 16.472881      2041.764887     10.443898  1.327030        NaN       NaN 0.001333 0.058131 0.005554 0.005711    G+U 15.638984 0.004912 15.079455 0.003999 14.434937           0.003906 13.890065           0.003018 13.541023 0.002424  0.559528 0.006334  0.644519           0.005591  0.544871           0.004937           0.349042           0.003871 11.557495 13.531561 10.230465 0.052412 0.078259 0.052689 0.211563  0.002931  0.166552   0.003014 0.198560  0.031798
50.031984 47.915396 5.634069 0.053967 23.067267  0.055394 -25.816158  0.041986 16.056265      7119.358803      6.245496 17.827460      1010.259410     13.336499 14.775021      9753.263825     19.356940  1.281244        NaN       NaN 0.000952 0.014333 0.002155 0.002356      G       NaN      NaN       NaN      NaN       NaN                NaN       NaN                NaN       NaN      NaN       NaN      NaN       NaN                NaN       NaN                NaN                NaN                NaN  9.810376 11.581571  8.529132 0.020822 0.025260 0.020911 0.425746  0.001833  0.358879   0.001474 0.379148  0.025306
49.907828 48.143866 5.667841 0.065321 23.296821  0.064103 -24.289333  0.061775 16.608305      4281.785349      6.908314 18.471670       558.147404     10.637139 15.307100      5974.729779     25.485111  1.301205        NaN       NaN 0.001752 0.020692 0.004631 0.004951    G+U 14.496401 0.002909 13.984199 0.002349 13.329910           0.002237 12.726358           0.001538 12.482924 0.001209  0.512202 0.003739  0.654288           0.003244  0.603552           0.002715           0.243435           0.001957 10.375393 12.238758  9.074188 0.025087 0.032472 0.025451 0.344899  0.002223  0.286816   0.001976 0.307753  0.030149
49.978216 48.275174 5.967864 0.119260 23.179346  0.134432 -24.354967  0.128551 17.713550      1547.129429      2.518696 19.788996       165.889417      8.104863 16.369598      2245.531763     12.193103  1.343952        NaN       NaN 0.001768 0.053046 0.005895 0.006155    G+U 15.515660 0.004822 14.945393 0.003851 14.283203           0.003596 13.701858           0.002677 13.340853 0.002056  0.570268 0.006171  0.662189           0.005269  0.581346           0.004484           0.361005           0.003376 11.592645 13.668091 10.248693 0.043430 0.068534 0.043793 0.207103  0.002413  0.162524   0.002573 0.189846  0.029455
50.296038 48.330214 5.748266 0.101893 22.903905  0.109858 -25.129846  0.099776 17.175910      2538.528273      3.290100 19.095821       314.114823      9.614923 15.867661      3565.280177     12.497855  1.308250        NaN       NaN 0.001407 0.033234 0.003806 0.004058    G+U 15.014011 0.003898 14.484357 0.003043 13.853210           0.002856 13.288220           0.002129 13.012948 0.001776  0.529655 0.004946  0.631146           0.004174  0.564990           0.003563           0.275272           0.002773 10.973594 12.893505  9.665345 0.038517 0.050853 0.038679 0.266825  0.002712  0.218909   0.002446 0.245347  0.031705
50.689643 48.359113 5.656576 0.106746 22.391286  0.122580 -23.468545  0.101851 17.572230      1762.199296      2.133346 19.551710       206.410820      8.327135 16.267475      2466.993296     12.078242  1.304754        NaN       NaN 0.001314 0.043801 0.005316 0.005476    G+U 15.407482 0.004531 14.881843 0.003741 14.242963           0.003523 13.687353           0.002692 13.336163 0.002155  0.525640 0.005876  0.638880           0.005139  0.555610           0.004434           0.351190           0.003449 11.334998 13.314478 10.030243 0.040999 0.059981 0.041322 0.230214  0.002345  0.185093   0.002364 0.213921  0.030573
51.025125 48.524273 5.846047 0.049573 23.784382  0.049196 -25.900132  0.046989 16.130255      6650.349701      8.957658 17.773914      1061.332355     12.977708 14.886736      8799.618232     27.892628  1.243519        NaN       NaN 0.001462 0.013276 0.003442 0.003739    G+U 14.096449 0.002465 13.644183 0.001881 13.077491           0.001958 12.489199           0.001380 12.199495 0.001064  0.452266 0.003100  0.566692           0.002715  0.588292           0.002396           0.289703           0.001742  9.964567 11.608226  8.721048 0.018472 0.022701 0.018733 0.408038  0.001512  0.341670   0.001691 0.378360  0.022930
50.777478 48.737884 5.532856 0.068254 22.355508  0.066209 -24.484956  0.064429 16.615469      4253.625830      4.010960 18.275843       668.466723      9.893584 15.374213      5616.590202     14.819440  1.241256        NaN       NaN 0.001024 0.016069 0.002865 0.003042    G+U 14.575995 0.002984 14.171175 0.002576 13.557623           0.002458 13.014829           0.001758 12.747033 0.001450  0.404820 0.003942  0.613552           0.003561  0.542794           0.003022           0.267796           0.002278 10.330216 11.990590  9.088960 0.026807 0.031238 0.026940 0.356005  0.002280  0.294860   0.001931 0.337592  0.025124
50.619305 48.746628 5.859711 0.068831 23.334668  0.071255 -25.027379  0.061032 16.906004      3254.957696      2.756296 18.651459       472.970080      8.886222 15.638736      4402.140982     12.313536  1.267268        NaN       NaN 0.000919 0.020399 0.003037 0.003173    G+U 14.817050 0.003281 14.358056 0.002783 13.752807           0.002675 13.177713           0.001935 12.847233 0.001538  0.458994 0.004302  0.605249           0.003860  0.575093           0.003302           0.330481           0.002472 10.745385 12.490840  9.478117 0.025524 0.032661 0.025687 0.297852  0.001953  0.245723   0.001719 0.284276  0.026941
48.867108 47.567902 5.779918 0.056074 23.709051  0.063780 -24.707281  0.072640 16.287989      5751.104894      4.895959 17.955900       897.546622      9.366487 15.042651      7622.502401     18.381145  1.245337        NaN       NaN 0.000924 0.011330 0.002618 0.002777    G+U 14.128186 0.002532 13.733234 0.002051 13.179975           0.002061 12.645347           0.001594 12.324124 0.001202  0.394952 0.003258  0.553259           0.002907  0.534629           0.002606           0.321222           0.001997 10.097597 11.765508  8.852259 0.021087 0.023920 0.021229 0.387977  0.001806  0.320865   0.001845 0.361522  0.021354
48.994811 48.450961 6.092555 0.061674 24.949008  0.062942 -25.742613  0.057920 16.345156      5456.130646      5.942434 18.092941       791.116675     11.851690 15.074278      7403.671047     22.630665  1.270878        NaN       NaN 0.001183 0.016265 0.003319 0.003523    G+U 14.197360 0.002526 13.737884 0.002137 13.163744           0.002105 12.588047           0.001409 12.275750 0.001062  0.459476 0.003309  0.574141           0.003000  0.575697           0.002533           0.312297           0.001765 10.269153 12.016938  8.998275 0.022013 0.027345 0.022230 0.362639  0.001922  0.300810   0.001495 0.333008  0.026225
49.259820 48.545086 5.790781 0.068111 24.329176  0.069563 -25.307216  0.070352 16.650724      4117.720513      4.693496 18.410042       590.745435     10.539341 15.382471      5574.035908     20.229334  1.268253        NaN       NaN 0.001238 0.019370 0.003940 0.004130    G+U 14.579268 0.003019 14.096560 0.002499 13.521692           0.002570 12.915770           0.001669 12.582671 0.001325  0.482708 0.003920  0.574867           0.003585  0.605923           0.003065           0.333098           0.002131 10.464410 12.223728  9.196157 0.025571 0.032055 0.025843 0.334644  0.002250  0.277658   0.001963 0.311476  0.028017
48.939039 48.606638 5.719196 0.079161 23.563783  0.078725 -25.145210  0.069375 17.007961      2963.210734      3.208262 18.935446       364.115044      9.887131 15.713100      4110.724286     13.768771  1.294862        NaN       NaN 0.001176 0.029482 0.003637 0.003822    G+U 14.816339 0.003336 14.357993 0.002855 13.740074           0.002753 13.169658           0.001948 12.806306 0.001596  0.458346 0.004391  0.617919           0.003966  0.570416           0.003373           0.363352           0.002518 10.794636 12.722121  9.499774 0.030079 0.042102 0.030275 0.287539  0.002325  0.237754   0.002000 0.261460  0.032087
49.066612 48.689057 5.786238 0.059067 23.441366  0.062414 -24.068866  0.051627 16.422688      5080.096760      8.956626 18.133957       761.788236     12.107675 15.171956      6766.681663     28.995312  1.250732        NaN       NaN 0.001914 0.017256 0.004652 0.005031    G+U 14.300124 0.002591 13.882697 0.002238 13.293830           0.002192 12.720733           0.001507 12.394424 0.001234  0.417427 0.003424  0.588867           0.003133  0.573097           0.002660           0.326309           0.001948 10.234669 11.945938  8.983937 0.022249 0.028092 0.022650 0.368217  0.001951  0.304874   0.001425 0.342133  0.026614
49.721633 48.714937 5.684949 0.085626 23.872948  0.097444 -24.446540  0.095096 17.201874      2478.548170      3.664944 19.095428       314.228620      8.903954 15.906384      3440.365354     14.690081  1.295489        NaN       NaN 0.001605 0.030765 0.004636 0.004906    G+U 15.039474 0.003820 14.576833 0.003169 13.985190           0.003060 13.433661           0.002188 13.087969 0.001868  0.462641 0.004963  0.591642           0.004405  0.551529           0.003762           0.345693           0.002877 10.975507 12.869061  9.680017 0.032746 0.044902 0.033033 0.267200  0.002348  0.219578   0.002163 0.248258  0.030531
50.326848 48.623634 5.627851 0.132242 22.555218  0.137918 -25.168019  0.123055 17.536077      1821.861988      3.410167 19.631021       191.870443      9.704347 16.211231      2598.156783     20.778540  1.324846        NaN       NaN 0.002032 0.054914 0.008683 0.008918    G+U 15.296093 0.004391 14.775244 0.003567 14.146698           0.003325 13.588983           0.002599 13.233946 0.002182  0.520849 0.005657  0.628546           0.004876  0.557715           0.004220           0.355037           0.003393 11.287790 13.382734  9.962944 0.051065 0.074960 0.051758 0.232472  0.002949  0.187446   0.002921 0.208462  0.034581
50.375389 48.823004 5.669486 0.118251 22.176332  0.125149 -23.420106  0.113954 17.907602      1293.914890      1.736801 19.966140       140.916054      7.489178 16.588583      1835.374207      8.623920  1.319019        NaN       NaN 0.001457 0.057703 0.005102 0.005306    G+U 15.682762 0.005260 15.196505 0.004370 14.547961           0.004076 14.000162           0.003365 13.674137 0.002792  0.486258 0.006838  0.648543           0.005976  0.547799           0.005286           0.326025           0.004372 11.675321 13.733859 10.356302 0.045315 0.073355 0.045578 0.199956  0.002332  0.155483   0.002243 0.187433  0.029750
50.444625 48.825799 5.748187 0.079425 23.397076  0.081795 -24.307037  0.076344 17.084980      2760.288329      3.090358 19.012306       339.230353      9.221205 15.779155      3868.087126     11.482754  1.305825        NaN       NaN 0.001216 0.029513 0.003223 0.003445    G+U 14.910717 0.003470 14.392688 0.002753 13.773009           0.002702 13.230992           0.002072 12.890642 0.001627  0.518029 0.004430  0.619679           0.003858  0.542017           0.003405           0.340350           0.002635 10.882634 12.809960  9.576809 0.030029 0.042087 0.030177 0.277485  0.002252  0.228993   0.001981 0.252731  0.031002
50.263336 48.969725 5.711219 0.100774 23.051150  0.109388 -24.460784  0.092361 17.457170      1959.198237      2.184693 19.296862       261.019151      8.224458 16.181295      2670.793509     10.543129  1.275875        NaN       NaN 0.001211 0.034210 0.004286 0.004454    G+U 15.348620 0.004458 14.881960 0.003686 14.302121           0.003588 13.718845           0.002824 13.431541 0.002358  0.466660 0.005784  0.579839           0.005143  0.583276           0.004566           0.287304           0.003679 11.240814 13.080506  9.964939 0.038335 0.051366 0.038554 0.241053  0.002211  0.194755   0.002166 0.232164  0.028734
50.050693 48.944684 5.853667 0.033777 23.620503  0.035786 -25.168455  0.031641 15.595994     10877.998982      8.507863 17.103003      1968.865357     15.255750 14.393922     13854.452241     32.423153  1.202072  42.701115  7.318757 0.000849 0.008413 0.002541 0.002679    G+U 13.593124 0.001835 13.221618 0.001665 12.660059           0.001622 12.095860           0.001099 11.785302 0.000851  0.371507 0.002478  0.561559           0.002324  0.564199           0.001959           0.310557           0.001390  9.433134 10.940143  8.231062 0.012559 0.015092 0.012785 0.482573  0.001024  0.417578   0.002418 0.452649  0.017010
49.656342 48.937264 5.948931 0.121727 23.532223  0.124783 -25.301853  0.116481 17.409487      2047.159525      3.066050 19.547182       207.273729      9.539794 16.070591      2957.481344     11.325806  1.338896        NaN       NaN 0.001626 0.049971 0.004158 0.004465    G+U 15.178034 0.004013 14.652955 0.003314 14.018515           0.003110 13.479725           0.002271 13.100532 0.001799  0.525079 0.005204  0.634440           0.004545  0.538790           0.003851           0.379193           0.002897 11.281682 13.419377  9.942786 0.044462 0.066868 0.044627 0.232753  0.002580  0.188100   0.002602 0.205311  0.032765
49.555703 48.944223 5.701729 0.070664 23.661808  0.070545 -25.182398  0.070298 16.749632      3759.186604      4.161283 18.512360       537.616995      8.168282 15.478591      5101.781488     18.446177  1.271041        NaN       NaN 0.001202 0.016496 0.003926 0.004105    G+U 14.655444 0.003040 14.186870 0.002600 13.583010           0.002492 13.016366           0.001747 12.696208 0.001398  0.468575 0.004001  0.603860           0.003601  0.566644           0.003043           0.320158           0.002237 10.529665 12.292393  9.258624 0.026939 0.031565 0.027197 0.324884  0.002271  0.268453   0.001977 0.304121  0.025640
49.727743 48.969302 5.862949 0.130156 22.974102  0.147856 -25.205225  0.129985 17.789192      1443.011558      2.382539 19.726065       175.788769      9.504121 16.393188      2197.266375     26.908085  1.396004        NaN       NaN 0.001793 0.058701 0.013296 0.013416      G       NaN      NaN       NaN      NaN       NaN                NaN       NaN                NaN       NaN      NaN       NaN      NaN       NaN                NaN       NaN                NaN                NaN                NaN 11.629772 13.566645 10.233768 0.048240 0.075958 0.050006 0.208210  0.002712  0.163368   0.002857 0.192465  0.030810
49.534984 49.272489 5.925298 0.105305 24.468238  0.108092 -25.445848  0.089027 17.469803      1936.536732      2.289119 19.565018       203.896477      9.288617 16.130075      2799.805799     11.650681  1.339727        NaN       NaN 0.001283 0.049461 0.004518 0.004697    G+U 15.247273 0.004396 14.667385 0.003265 14.003876           0.003246 13.473946           0.002819 13.148425 0.001941  0.579888 0.005476  0.663509           0.004604  0.529930           0.004299           0.325521           0.003422 11.333354 13.428569  9.993626 0.038613 0.062736 0.038855 0.229590  0.002281  0.185527   0.002251 0.204577  0.031949
49.854117 48.994376 6.005305 0.072538 23.819072  0.076909 -25.745771  0.072327 16.282259      5781.536933      4.854258 17.962950       891.737508     13.395320 15.033468      7687.250759     18.887632  1.248791        NaN       NaN 0.000912 0.016309 0.002668 0.002819    G+U 14.188761 0.002451 13.762268 0.002186 13.186868           0.002101 12.619902           0.001461 12.344615 0.001178  0.426493 0.003284  0.575400           0.003031  0.566966           0.002559           0.275287           0.001876 10.174934 11.855625  8.926143 0.026245 0.030886 0.026364 0.377127  0.002222  0.311134   0.002094 0.351651  0.025715
49.988948 49.072533 6.060751 0.036563 24.063894  0.036213 -26.436694  0.034486 15.407917     12935.404795     11.347904 16.826588      2539.696959     14.264028 14.241600     15941.092281     35.613600  1.166317 -18.801125 12.187474 0.000952 0.006098 0.002426 0.002606    G+U 13.486806 0.001861 13.124948 0.001532 12.570974           0.001597 11.982124           0.001059 11.727161 0.000808  0.361858 0.002411  0.553973           0.002213  0.588850           0.001916           0.254963           0.001332  9.320549 10.739220  8.154232 0.013135 0.014450 0.013323 0.497498  0.001311  0.437662   0.002152 0.475822  0.013694
46.686706 47.077040 5.783242 0.069407 24.755684  0.076129 -24.320668  0.079635 16.207382      6194.325786      7.981429 18.128735       765.460581     11.643010 14.894296      8738.564744     17.129019  1.313087        NaN       NaN 0.001399 0.016515 0.002128 0.002547    G+U 14.020678 0.002134 13.495188 0.001721 12.875433           0.001726 12.364641           0.001263 11.881251 0.000954  0.525490 0.002742  0.619755           0.002437  0.510792           0.002139           0.483390           0.001583 10.018239 11.939592  8.705153 0.026098 0.030853 0.026148 0.391418  0.002297  0.323506   0.002209 0.338727  0.028595
47.040376 47.598475 5.738552 0.049669 25.382435  0.063552 -24.591210  0.054672 16.063564      7071.658831      5.362979 17.883951       959.039455     12.729656 14.778686      9720.399813     27.820600  1.284879        NaN       NaN 0.000823 0.014411 0.003107 0.003215    G+U 13.943798 0.002235 13.429877 0.001702 12.839841           0.001700 12.320282           0.001344 12.014023 0.000765  0.513921 0.002809  0.590036           0.002406  0.519559           0.002168           0.306259           0.001547  9.857576 11.677963  8.572698 0.018813 0.023684 0.019050 0.417790  0.001665  0.352037   0.001884 0.368861  0.025778
47.356436 48.430716 5.671256 0.132954 22.600056  0.131942 -23.845570  0.139213 17.756456      1487.182311      1.413973 19.565760       203.757062      9.525979 16.529879      1937.342854      9.007942  1.226578        NaN       NaN 0.001032 0.050760 0.005048 0.005153    G+U 15.683995 0.006177 15.291556 0.005097 14.735329           0.005197 14.154572           0.003883 13.741196 0.002992  0.392439 0.008008  0.556228           0.007279  0.580757           0.006487           0.413376           0.004902 11.524852 13.334156 10.298275 0.050918 0.071890 0.051157 0.215132  0.002824  0.169415   0.002832 0.216600  0.030848
45.926075 48.285562 5.861190 0.087839 25.129318  0.105579 -23.980801  0.097837 17.032097      2898.063099      3.788060 19.122835       306.395759     13.647132 15.678249      4244.810287     12.104747  1.353848        NaN       NaN 0.001419 0.048360 0.003096 0.003406    G+U 14.828881 0.003326 14.236748 0.002479 13.586624           0.002745 13.013721           0.001806 12.710471 0.001404  0.592133 0.004148  0.650124           0.003699  0.572903           0.003286           0.303250           0.002287 10.872026 12.962764  9.518178 0.032574 0.058290 0.032690 0.279692  0.002637  0.233273   0.002311 0.236861  0.039090
46.502007 49.414768 5.863215 0.036787 25.440136  0.041659 -23.796856  0.041430 15.407888     12935.743772      5.643386 16.911520      2348.598073      9.590322 14.212941     16367.477719     15.615849  1.194947  22.563148  4.108723 0.000474 0.004434 0.001036 0.001139    G+U 13.450655 0.001627 13.033037 0.001385 12.460479           0.001387 11.986202           0.001128 11.589983 0.000608  0.417618 0.002137  0.572558           0.001960  0.474277           0.001788           0.396219           0.001282  9.248567 10.752199  8.053620 0.013633 0.014328 0.013664 0.504520  0.000778  0.443928   0.002133 0.473475  0.012258
47.896268 48.509743 5.942591 0.051083 24.438994  0.059669 -25.233750  0.046284 15.234892     15170.150747     12.429452 16.609234      3102.583935     15.900197 14.076538     18558.511675     34.295174  1.158354        NaN       NaN 0.000890 0.005564 0.002006 0.002195    G+U 13.270798 0.001861 12.945309 0.001493 12.430701           0.001551 11.821651           0.001035 11.573188 0.000800  0.325489 0.002386  0.514607           0.002153  0.609050           0.001864           0.248464           0.001308  9.104771 10.479113  7.946417 0.018687 0.019478 0.018774 0.522108  0.001187  0.467016   0.003791 0.503257  0.012651
48.700182 48.877354 5.771485 0.144451 23.941468  0.202410 -24.308280  0.143013 17.723900      1532.451514      2.464322 19.750260       171.914891      7.981269 16.382645      2218.707374     10.300011  1.341255        NaN       NaN 0.001746 0.050406 0.005040 0.005334    G+U 15.444890 0.004530 14.916586 0.003790 14.257002           0.003747 13.687128           0.002653 13.353907 0.002208  0.528304 0.005906  0.659584           0.005330  0.569874           0.004591           0.333221           0.003451 11.530338 13.556698 10.189083 0.054376 0.074125 0.054582 0.213012  0.002960  0.167190   0.002993 0.196391  0.029756
48.507401 48.796458 6.063935 0.057059 24.417464  0.064227 -25.490167  0.055778 16.464792      4886.859269      4.733623 18.279648       666.127694      8.454733 15.182217      6703.037319     14.531260  1.282576        NaN       NaN 0.001052 0.013781 0.002354 0.002578    G+U 14.257981 0.002591 13.811159 0.002199 13.223392           0.002126 12.636632           0.001439 12.341149 0.001191  0.446822 0.003399  0.587767           0.003059  0.586761           0.002568           0.295483           0.001868 10.378565 12.193421  9.095990 0.020460 0.024645 0.020568 0.344549  0.001770  0.285636   0.001624 0.313844  0.024324
48.525112 48.979345 5.397821 0.053825 22.971292  0.055329 -22.865495  0.049521 16.256874      5918.304734      7.970706 17.892399       951.606467     13.998347 15.013444      7830.338014     33.591682  1.243430        NaN       NaN 0.001462 0.015971 0.004658 0.004882    G+U 14.221297 0.002469 13.794955 0.002147 13.217068           0.002203 12.599673           0.001423 12.322181 0.001145  0.426342 0.003272  0.577888           0.003076  0.617394           0.002623           0.277493           0.001826  9.917966 11.553491  8.674536 0.021703 0.026906 0.022149 0.414792  0.001868  0.348569   0.001958 0.384183  0.025120
48.365442 49.050853 5.774988 0.071888 23.888923  0.071631 -23.541738  0.057415 16.720118      3862.776085      3.870219 18.500568       543.487195      8.439579 15.447299      5250.958610     14.537769  1.272819        NaN       NaN 0.001088 0.016860 0.003006 0.003197    G+U 14.528092 0.003396 14.120932 0.002815 13.533572           0.002586 12.973395           0.001838 12.661445 0.001379  0.407161 0.004411  0.587359           0.003823  0.560177           0.003173           0.311951           0.002298 10.527873 12.308323  9.255054 0.027053 0.031858 0.027197 0.324484  0.002271  0.268217   0.001989 0.302495  0.026010
48.654675 49.335417 5.846409 0.080235 24.379210  0.099566 -24.797288  0.086917 16.757627      3731.608337      4.493922 18.545258       521.571362     11.445241 15.475559      5116.048805     19.351868  1.282068        NaN       NaN 0.001308 0.023825 0.004107 0.004310    G+U 14.642641 0.003168 14.173239 0.002469 13.580709           0.002551 13.007787           0.002038 12.758519 0.001441  0.469402 0.004017  0.592529           0.003550  0.572923           0.003265           0.249268           0.002496 10.592073 12.379704  9.310005 0.029830 0.038154 0.030083 0.316611  0.002517  0.262421   0.002309 0.294439  0.030490
49.079001 49.081370 5.467011 0.041567 22.916285  0.044674 -23.184844  0.040634 15.923259      8047.168617      5.330997 17.512794      1349.891594      9.363088 14.699757     10453.353213     17.109747  1.223502        NaN       NaN 0.000719 0.007531 0.001777 0.001917    G+U 13.902122 0.002208 13.488498 0.001819 12.930108           0.001851 12.331107           0.001349 12.083792 0.001016  0.413624 0.002861  0.558390           0.002595  0.599001           0.002290           0.247315           0.001689  9.612009 11.201544  8.388507 0.016526 0.018147 0.016606 0.456091  0.001205  0.390520   0.002111 0.423656  0.016909
49.212157 49.501449 5.662646 0.073350 22.999569  0.078162 -24.068662  0.067262 16.743685      3779.834129      5.182636 18.445332       571.852319      8.053400 15.499176      5005.965633     17.190462  1.244509        NaN       NaN 0.001489 0.015290 0.003728 0.004015    G+U 14.662694 0.003047 14.231880 0.002602 13.613974           0.002597 13.034441           0.002090 12.652194 0.001422  0.430814 0.004007  0.617907           0.003676  0.579533           0.003334           0.382247           0.002528 10.508782 12.210429  9.264273 0.028167 0.032015 0.028374 0.329205  0.002358  0.271789   0.002086 0.314435  0.024379
49.596424 49.467281 5.747322 0.031941 23.644181  0.036286 -25.221794  0.027575 15.250092     14959.249150     21.937717 16.588495      3162.412469     23.697517 14.108742     18016.129310     72.744446  1.141351        NaN       NaN 0.001592 0.008136 0.004384 0.004664    G+U 13.303679 0.001601 12.993362 0.001399 12.469311           0.001437 11.899026           0.001044 11.610188 0.000785  0.310317 0.002126  0.524052           0.002006  0.570285           0.001777           0.288837           0.001307  9.047420 10.385823  7.906070 0.012173 0.014555 0.012840 0.528521  0.000765  0.474419   0.002052 0.513684  0.014688
49.475157 49.473444 5.614741 0.060819 22.499765  0.066690 -24.061128  0.051982 16.390650      5232.229188      7.704765 18.050310       822.797660     10.297199 15.140707      6964.266545     25.952469  1.249943        NaN       NaN 0.001599 0.013588 0.004046 0.004350    G+U 14.254256 0.002541 13.839360 0.002118 13.281797           0.002175 12.708834           0.001669 12.398278 0.001247  0.414896 0.003308  0.557563           0.003036  0.572964           0.002741           0.310555           0.002083 10.137299 11.796959  8.887356 0.023576 0.027164 0.023867 0.383125  0.001992  0.316325   0.001684 0.357588  0.023342
49.880074 49.687985 5.628278 0.062972 23.773941  0.065182 -25.001992  0.061859 16.667230      4055.597635      3.571544 18.481653       553.038889      8.327376 15.383781      5567.318761     14.215611  1.283450        NaN       NaN 0.000956 0.016348 0.002772 0.002933    G+U 14.492270 0.002849 14.032852 0.002364 13.424902           0.002403 12.854548           0.001760 12.567228 0.001049  0.459417 0.003702  0.607950           0.003371  0.570354           0.002979           0.287319           0.002049 10.419108 12.233531  9.135658 0.024314 0.029284 0.024453 0.338914  0.002109  0.280808   0.001868 0.309563  0.026323
48.863795 49.674949 5.568643 0.098812 23.039161  0.112699 -23.934458  0.091542 17.452108      1968.355661      2.428872 19.419256       233.192543      8.622550 16.146772      2757.079598     12.724137  1.305336        NaN       NaN 0.001340 0.040146 0.005011 0.005187    G+U 15.251653 0.004141 14.729848 0.003355 14.126339           0.003464 13.542840           0.003027 13.207160 0.002140  0.521805 0.005330  0.603509           0.004822  0.583499           0.004600           0.335680           0.003707 11.180855 13.148003  9.875519 0.038555 0.055645 0.038856 0.244482  0.002328  0.198904   0.002342 0.225680  0.031525
48.901474 49.812726 5.792433 0.064767 23.624878  0.067881 -24.716242  0.059742 16.568611      4441.222277      7.045419 18.387085       603.369321     14.413538 15.281958      6114.698113     28.867027  1.286653        NaN       NaN 0.001722 0.025937 0.005126 0.005407    G+U 14.462470 0.002763 13.925964 0.002238 13.326578           0.002303 12.751561           0.001737 12.386006 0.000930  0.536506 0.003556  0.599386           0.003211  0.575017           0.002885           0.365555           0.001970 10.382916 12.201390  9.096263 0.024341 0.035528 0.024815 0.346592  0.002238  0.289716   0.001928 0.312652  0.033257
48.438018 49.790940 5.567441 0.126016 24.174434  0.150801 -24.079281  0.130401 17.742920      1505.839631      1.826982 19.666271       185.741133      8.015304 16.408262      2166.971078      8.735170  1.334658        NaN       NaN 0.001317 0.046853 0.004377 0.004571    G+U 15.406940 0.005285 14.953175 0.004090 14.352376           0.003916 13.799692           0.003391 13.446548 0.002239  0.453766 0.006683  0.600799           0.005662  0.552684           0.005180           0.353144           0.004063 11.471198 13.394549 10.136540 0.049168 0.067904 0.049345 0.220404  0.002716  0.174644   0.002726 0.206512  0.029782
48.780578 49.845759 5.652199 0.069596 23.665811  0.068264 -24.785426  0.065935 16.643892      4143.711124      3.752506 18.391586       600.872696     11.201249 15.377126      5601.543625     11.941381  1.266766        NaN       NaN 0.000983 0.020240 0.002315 0.002515    G+U 14.561545 0.002952 14.093520 0.002362 13.511440           0.002442 12.926573           0.001978 12.660115 0.001401  0.468025 0.003781  0.582080           0.003398  0.584867           0.003143           0.266458           0.002423 10.404979 12.152673  9.138213 0.026755 0.033534 0.026837 0.343489  0.002338  0.285302   0.002054 0.318958  0.028801
48.652684 49.978176 5.490000 0.083763 23.937262  0.074813 -24.882145  0.086019 16.972994      3060.194774      2.667448 18.617525       487.984998     13.597131 15.684513      4220.392922     29.409960  1.288481        NaN       NaN 0.000946 0.030253 0.007566 0.007625    G+U 14.772496 0.003851 14.341886 0.003059 13.810850           0.002991 13.263148           0.002204 12.999834 0.001796  0.430611 0.004917  0.531035           0.004278  0.547702           0.003716           0.263314           0.002844 10.670856 12.315387  9.382375 0.033145 0.044865 0.033984 0.311952  0.002785  0.258777   0.002566 0.298852  0.033019
49.529619 50.098658 5.792401 0.080402 23.282602  0.073821 -24.125452  0.080838 16.745987      3771.827107      3.609162 18.699260       452.597708      8.273663 15.426526      5352.389025     13.347821  1.319461        NaN       NaN 0.001039 0.019848 0.002708 0.002900    G+U 14.429392 0.003063 13.939868 0.002444 13.358736           0.002240 12.821224           0.001698 12.454679 0.001283  0.489524 0.003918  0.581132           0.003315  0.537512           0.002811           0.366546           0.002128 10.560280 12.513553  9.240819 0.030159 0.036089 0.030263 0.314888  0.002463  0.260021   0.002204 0.279043  0.028633
49.381887 50.219392 5.775021 0.124123 22.463961  0.122286 -23.658062  0.124657 17.765835      1474.391788      1.901252 19.573017       202.399637     11.548353 16.451357      2082.644919     14.811536  1.314478        NaN       NaN 0.001400 0.061949 0.007722 0.007848    G+U 15.463290 0.005189 15.009858 0.004124 14.449627           0.004089 13.915933           0.003283 13.570326 0.002590  0.453432 0.006628  0.560231           0.005808  0.533694           0.005244           0.345607           0.004181 11.573603 13.380785 10.259125 0.046692 0.077562 0.047306 0.212837  0.002711  0.168603   0.002714 0.208061  0.033088
49.073734 50.318881 5.699537 0.049795 23.710382  0.048038 -24.866853  0.051204 16.339249      5485.894128      4.167369 18.045288       826.611666     10.971435 15.084276      7335.803925     13.103482  1.254973        NaN       NaN 0.000825 0.014411 0.001939 0.002107    G+U 14.101935 0.002644 13.732073 0.002112 13.198348           0.002071 12.632013           0.001535 12.306362 0.001215  0.369863 0.003384  0.533725           0.002958  0.566335           0.002578           0.325651           0.001958 10.118447 11.824486  8.863474 0.018989 0.023824 0.019070 0.384940  0.001670  0.319408   0.001974 0.354730  0.024413
47.733163 49.286698 5.554823 0.110202 24.336927  0.098408 -24.515958  0.106424 17.509953      1866.230995      4.425446 19.535288       209.556772     10.385422 16.189990      2649.492789     21.247267  1.319964        NaN       NaN 0.002575 0.053808 0.008707 0.009080    G+U 15.220602 0.004750 14.753143 0.003624 14.177526           0.003518 13.561390           0.002734 13.259134 0.001945  0.467459 0.005975  0.575617           0.005051  0.616137           0.004456           0.302256           0.003356 11.233304 13.258639  9.913341 0.043157 0.068929 0.043951 0.239310  0.002630  0.194765   0.002586 0.216956  0.035383
47.644079 49.444520 5.864179 0.094885 24.845170  0.097060 -24.590042  0.084289 17.308570      2246.561405      2.132624 19.319906       255.537522      9.451578 15.977016      3223.681239     11.772700  1.331555        NaN       NaN 0.001031 0.040158 0.003965 0.004097    G+U 15.007140 0.004206 14.515648 0.003176 13.908656           0.003032 13.332012           0.002375 13.022463 0.001678  0.491492 0.005270  0.606992           0.004391  0.576644           0.003852           0.309549           0.002908 11.149606 13.160942  9.818052 0.035150 0.053359 0.035358 0.247591  0.002196  0.202456   0.002183 0.223089  0.031717
48.403813 50.120762 5.581406 0.044053 23.111268  0.041588 -24.436360  0.039712 15.836413      8717.287590     11.920614 17.386698      1516.133948     11.589642 14.629741     11149.671263     37.966550  1.206673        NaN       NaN 0.001485 0.008300 0.003697 0.003984    G+U 13.697009 0.002337 13.373415 0.001886 12.874701           0.001882 12.265652           0.001275 12.007711 0.000980  0.323594 0.003003  0.498714           0.002665  0.609049           0.002273           0.257940           0.001608  9.570131 11.120416  8.363459 0.017203 0.019043 0.017533 0.462413  0.001297  0.396820   0.002186 0.433424  0.017353
48.566280 50.103225 5.661502 0.116376 23.898240  0.110441 -23.475526  0.126192 17.682995      1591.289257      2.394334 19.625520       192.845183      8.712713 16.368074      2248.685383     11.230001  1.314920        NaN       NaN 0.001634 0.049053 0.005422 0.005663    G+U 15.384708 0.005181 14.904091 0.004043 14.312860           0.003824 13.778172           0.003000 13.475424 0.002454  0.480618 0.006572  0.591231           0.005565  0.534688           0.004860           0.302748           0.003876 11.447653 13.390178 10.132732 0.044666 0.066322 0.044964 0.221444  0.002527  0.176359   0.002582 0.208077  0.030797
48.545416 50.174710 5.616057 0.065905 23.382601  0.064564 -24.801227  0.068187 16.400274      5186.055042      8.402522 18.145150       753.975503     14.067788 15.144268      6941.463479     24.449524  1.256006        NaN       NaN 0.001759 0.020258 0.003824 0.004209    G+U 14.318943 0.002751 13.792010 0.002310 13.256232           0.002215 12.670809           0.001554 12.397387 0.001280  0.526933 0.003592  0.535778           0.003200  0.585423           0.002705           0.273422           0.002013 10.147432 11.892308  8.891426 0.025543 0.032554 0.025768 0.379479  0.002228  0.314898   0.002021 0.347787  0.029313
48.750473 50.139734 5.691514 0.057521 23.504240  0.058691 -23.949671  0.069847 16.466213      4880.467133      7.375197 18.150986       749.933220     11.261828 15.218888      6480.416618     25.946870  1.247325        NaN       NaN 0.001641 0.016305 0.004347 0.004646    G+U 14.422268 0.002898 13.909970 0.002482 13.384820           0.002382 12.784962           0.001672 12.306199 0.001218  0.512298 0.003816  0.525150           0.003440  0.599858           0.002910           0.478763           0.002069 10.242352 11.927125  8.995027 0.022007 0.027340 0.022372 0.367946  0.001908  0.304520   0.001420 0.344151  0.025622
48.769245 50.246914 5.690332 0.082644 23.354355  0.078859 -24.532456  0.087045 17.137660      2629.560362      2.562362 19.112497       309.327050     10.665071 15.824256      3710.701240     11.846250  1.313403        NaN       NaN 0.001058 0.037434 0.003466 0.003624    G+U 14.943790 0.003730 14.380457 0.003104 13.823504           0.002935 13.257238           0.002188 12.979535 0.001834  0.563334 0.004853  0.556952           0.004272  0.566266           0.003661           0.277703           0.002855 10.913348 12.888185  9.599944 0.031555 0.048948 0.031728 0.273842  0.002410  0.226774   0.002184 0.245681  0.034302
49.136235 50.586681 5.855356 0.057493 23.993208  0.049927 -25.646049  0.056318 16.464970      4886.063827      4.277539 18.227247       699.066243      7.361675 15.199253      6598.678953     16.914598  1.265717        NaN       NaN 0.000951 0.011434 0.002783 0.002941    G+U 14.188315 0.002732 13.803560 0.002226 13.281669           0.002229 12.654646           0.001596 12.228269 0.001172  0.384755 0.003524  0.521892           0.003150  0.627023           0.002741           0.426377           0.001980 10.302736 12.065013  9.037019 0.021343 0.024194 0.021502 0.355854  0.001794  0.294484   0.001455 0.328524  0.022039
47.595167 50.487709 6.041827 0.093770 24.964406  0.094729 -25.123365  0.081309 17.042953      2869.227524      2.855813 19.141886       301.066730      8.408464 15.676895      4250.108273      9.303895  1.366058        NaN       NaN 0.001081 0.030323 0.002377 0.002611    G+U 14.607574 0.003415 14.117901 0.002659 13.521122           0.002514 12.982893           0.001895 12.727643 0.001571  0.489673 0.004328  0.596779           0.003659  0.538229           0.003148           0.255250           0.002461 10.948794 13.047727  9.582736 0.033719 0.045336 0.033785 0.266358  0.002392  0.218791   0.002188 0.229338  0.029825
48.565732 50.651584 5.708089 0.139070 24.085516  0.128012 -24.271013  0.129475 17.937328      1258.970779      1.792676 19.987090       138.223291      6.514607 16.591400      1830.618874      9.535688  1.345928        NaN       NaN 0.001546 0.051172 0.005656 0.005863    G+U 15.676168 0.005380 15.061674 0.004245 14.464528           0.003943 13.936420           0.003232 13.525555 0.002594  0.614494 0.006853  0.597146           0.005794  0.528108           0.005098           0.410866           0.004145 11.719782 13.769544 10.373854 0.052927 0.073604 0.053206 0.197373  0.002485  0.151942   0.002169 0.184012  0.027434
54.045297 45.936892 5.807878 0.059939 21.997390  0.059717 -26.406808  0.052824 16.557240      4487.976282      3.204671 18.442560       573.314821      7.950776 15.258694      6247.132486     11.141622  1.298546        NaN       NaN 0.000775 0.015057 0.001936 0.002086    G+U 14.384331 0.002555 13.889769 0.002074 13.278511           0.002056 12.719192           0.001567 12.350196 0.001190  0.494562 0.003291  0.611258           0.002920  0.559319           0.002584           0.368996           0.001967 10.377327 12.262647  9.078781 0.022424 0.026999 0.022494 0.342372  0.001941  0.283785   0.001779 0.305705  0.025839
54.536790 46.372895 5.533913 0.157982 21.226700  0.201861 -25.229109  0.156519 17.912987      1287.514976      2.012986 20.077175       127.217547      5.735718 16.586233      1839.353797     11.974504  1.326754        NaN       NaN 0.001698 0.048951 0.007068 0.007269    G+U 15.711086 0.005037 15.164786 0.003915 14.524437           0.003914 13.969767           0.003285 13.639748 0.002682  0.546300 0.006379  0.640349           0.005535  0.554670           0.005110           0.330019           0.004241 11.628149 13.792337 10.301395 0.062014 0.078988 0.062393 0.201051  0.002982  0.154643   0.002764 0.184005  0.027726
54.873953 46.446012 6.059794 0.040544 22.303360  0.047481 -27.749524  0.038642 15.719742      9706.219036      5.985129 17.217697      1771.486296     10.773983 14.524742     12281.779364     19.815454  1.195000  28.692753  7.599973 0.000669 0.006603 0.001752 0.001875    G+U 13.791450 0.001910 13.357354 0.001565 12.831637           0.001612 12.256124           0.001180 12.008939 0.000943  0.434096 0.002469  0.525717           0.002247  0.575514           0.001998           0.247185           0.001511  9.632031 11.129986  8.437031 0.014544 0.015959 0.014634 0.456574  0.001052  0.390733   0.001965 0.432561  0.015090
55.397295 47.014070 5.913541 0.106586 21.568533  0.124206 -27.513219  0.094908 17.254742      2360.751878      2.390594 19.054733       326.229864      7.492080 15.974966      3229.771137     11.082721  1.279776        NaN       NaN 0.001099 0.024935 0.003726 0.003884    G+U 15.143616 0.003530 14.649618 0.002901 14.032443           0.002896 13.467282           0.002420 13.162973 0.001988  0.493998 0.004569  0.617175           0.004099  0.565161           0.003774           0.304309           0.003132 11.113980 12.913971  9.834204 0.039154 0.046407 0.039316 0.254407  0.002420  0.206232   0.002307 0.245024  0.026140
55.216742 47.224723 5.429052 0.136817 20.419132  0.160960 -24.925490  0.114220 17.603708      1711.840339      2.764358 19.520851       212.361967      6.242717 16.295967      2403.097027     12.685853  1.307741        NaN       NaN 0.001753 0.031917 0.005732 0.005994    G+U 15.493138 0.004204 14.984237 0.003328 14.353836           0.003312 13.798018           0.002712 13.531143 0.002392  0.508902 0.005361  0.630401           0.004695  0.555819           0.004280           0.266874           0.003616 11.277328 13.194471  9.969587 0.054751 0.063351 0.055022 0.236427  0.002920  0.188879   0.002896 0.221873  0.027128
53.655757 46.721206 5.816032 0.082263 22.501855  0.083780 -26.928522  0.062556 16.757069      3733.526349      3.537211 18.611607       490.653000     10.333550 15.476522      5111.515277     10.601478  1.280547        NaN       NaN 0.001029 0.022866 0.002252 0.002476    G+U 14.648426 0.002882 14.131440 0.002271 13.517554           0.002430 12.953889           0.001857 12.626218 0.001430  0.516986 0.003670  0.613886           0.003326  0.563665           0.003059           0.327671           0.002344 10.580203 12.434741  9.299655 0.030731 0.038291 0.030796 0.315242  0.002542  0.260921   0.002360 0.289646  0.030211
53.849852 46.941682 5.680504 0.030927 22.334242  0.031737 -26.231385  0.028566 15.138004     16586.124824     12.447402 16.411777      3721.396498     15.599770 14.023695     19484.086740     39.398800  1.114309 -45.938770  9.692450 0.000815 0.004551 0.002195 0.002342    G+U 13.325313 0.001512 13.005739 0.001305 12.476321           0.001379 11.858788           0.001030 11.546473 0.000771  0.319573 0.001998  0.529418           0.001899  0.617534           0.001721           0.312314           0.001287  8.909938 10.183711  7.795629 0.011850 0.012668 0.012024 0.541420  0.000580  0.492418   0.002004 0.535196  0.010312
53.745445 46.993792 5.575725 0.112932 21.409607  0.117175 -26.591816  0.117076 17.720016      1537.941501      2.174574 19.986092       138.350460     12.495694 16.395971      2191.641986     20.055466  1.324045        NaN       NaN 0.001535 0.098063 0.009935 0.010053    G+U 15.515754 0.004410 14.976020 0.003440 14.328936           0.003436 13.758282           0.002992 13.415078 0.002299  0.539734 0.005593  0.647084           0.004862  0.570654           0.004556           0.343204           0.003773 11.451523 13.717599 10.127478 0.044008 0.107474 0.045090 0.218373  0.002805  0.176981   0.002804 0.188441  0.042224
54.650314 47.093423 5.778760 0.048330 21.846749  0.052617 -26.338148  0.045802 15.284637     14490.776035     12.998551 16.993319      2178.156631     13.441698 14.017788     19590.394242     39.966750  1.266849        NaN       NaN 0.000974 0.006700 0.002215 0.002420    G+U 13.177128 0.001357 12.729984 0.001175 12.133257           0.001169 11.618823           0.000860 11.159342 0.000622  0.447144 0.001795  0.596727           0.001658  0.514434           0.001451           0.459481           0.001061  9.093810 10.802492  7.826961 0.018187 0.019357 0.018295 0.514527  0.001078  0.456278   0.002075 0.464372  0.016786
54.223307 46.955227 5.417767 0.041730 20.853948  0.043818 -24.985932  0.042504 15.757984      9370.290218      5.680668 17.266043      1694.337908      9.768347 14.569459     11786.226609     16.119987  1.188525        NaN       NaN 0.000658 0.006260 0.001485 0.001624    G+U 13.809436 0.001882 13.417947 0.001622 12.850091           0.001609 12.253826           0.001162 11.985964 0.000949  0.391489 0.002485  0.567856           0.002285  0.596265           0.001985           0.267862           0.001500  9.427086 10.935145  8.238561 0.016739 0.017859 0.016792 0.481575  0.001296  0.417577   0.002418 0.454434  0.014656
54.398102 47.231216 5.809316 0.109017 22.395675  0.121046 -25.818133  0.102670 17.717247      1541.869863      1.937452 19.760340       170.326015      9.413621 16.396076      2191.430816     12.685540  1.321171        NaN       NaN 0.001364 0.060007 0.006285 0.006431    G+U 15.539129 0.004313 14.994448 0.003416 14.338975           0.003367 13.821566           0.002789 13.559989 0.002547  0.544682 0.005501  0.655473           0.004796  0.517409           0.004372           0.261577           0.003777 11.537872 13.580965 10.216701 0.040773 0.072535 0.041232 0.211999  0.002404  0.168523   0.002424 0.196131  0.032339
54.891765 47.121193 5.955634 0.107040 22.177795  0.126679 -27.297796  0.097562 17.262745      2343.414646      3.075817 19.222656       279.482493     11.794453 15.946383      3315.927461     19.744608  1.316362        NaN       NaN 0.001425 0.045819 0.006465 0.006620    G+U 15.111008 0.003448 14.610457 0.002906 13.967847           0.002822 13.399260           0.002142 13.029365 0.001761  0.500550 0.004510  0.642611           0.004051  0.568587           0.003543           0.369895           0.002773 11.137385 13.097296  9.821022 0.039054 0.060188 0.039559 0.249526  0.002505  0.204327   0.002423 0.228675  0.034371
54.070359 47.515814 5.547917 0.036318 21.914155  0.043932 -24.911434  0.032184 15.539870     11455.095481      6.802596 16.960827      2244.325109     10.967103 14.374921     14099.050381     20.442520  1.164949 -11.942557  7.747106 0.000645 0.005306 0.001574 0.001701    G+U 13.610751 0.001699 13.232960 0.001451 12.681881           0.001491 12.109314           0.001138 11.918794 0.000963  0.377791 0.002234  0.551079           0.002080  0.572567           0.001875           0.190520           0.001490  9.260520 10.681477  8.095571 0.014229 0.015173 0.014302 0.505505  0.000761  0.443946   0.002121 0.482167  0.012759
54.454437 47.536605 6.196005 0.110904 23.293270  0.125211 -27.711902  0.095329 17.577932      1752.967349      1.895202 19.567600       203.412211      9.833602 16.256190      2492.772698      7.621218  1.321743        NaN       NaN 0.001174 0.052488 0.003319 0.003521    G+U 15.465391 0.004157 14.893626 0.003265 14.234408           0.003188 13.699360           0.002923 13.444967 0.002528  0.571765 0.005286  0.659218           0.004563  0.535049           0.004325           0.254393           0.003864 11.538491 13.528159 10.216749 0.038886 0.065312 0.039009 0.212797  0.002269  0.168882   0.002324 0.199126  0.030341
54.825326 47.791984 5.455036 0.113588 21.837780  0.118850 -27.978803  0.115792 17.886164      1319.718419      1.672646 19.733364       174.610778      8.402516 16.624918      1774.968515      9.928802  1.261246        NaN       NaN 0.001376 0.052247 0.006073 0.006227    G+U 15.819773 0.004944 15.390723 0.004147 14.778892           0.004153 14.223111           0.003991 13.858205 0.003119  0.429049 0.006453  0.611831           0.005869  0.555781           0.005760           0.364906           0.005065 11.570152 13.417352 10.308906 0.045237 0.069096 0.045622 0.211034  0.002542  0.166072   0.002621 0.209080  0.030418
54.386915 47.718729 5.666254 0.058899 22.009516  0.061281 -25.791034  0.054712 16.376640      5300.184416     10.476934 18.021072       845.254732     13.763948 15.132311      7018.330824     32.097233  1.244330        NaN       NaN 0.002146 0.017680 0.004965 0.005409    G+U 14.370635 0.002363 13.902325 0.001945 13.346639           0.002006 12.754536           0.001614 12.468044 0.001309  0.468310 0.003060  0.555686           0.002794  0.592103           0.002575           0.286491           0.002078 10.143120 11.787552  8.898791 0.022674 0.028672 0.023112 0.383519  0.002000  0.317677   0.002262 0.358929  0.026385
55.905369 46.874193 5.584338 0.093036 20.834504  0.118333 -25.887896  0.090982 17.223915      2428.738050      2.853386 19.147350       299.554908     10.625298 15.936172      3347.261181     13.478905  1.287744        NaN       NaN 0.001276 0.038511 0.004372 0.004554    G+U 15.104553 0.003349 14.604490 0.002774 13.974600           0.002733 13.409598           0.002368 13.086581 0.001881  0.500063 0.004348  0.629890           0.003894  0.565002           0.003616           0.323017           0.003025 10.958774 12.882209  9.671031 0.036199 0.052838 0.036440 0.268352  0.002653  0.221277   0.002435 0.247934  0.034327
56.210089 47.137259 5.800226 0.136670 20.897078  0.147504 -27.341446  0.125697 17.930868      1266.482769      1.706444 20.066095       128.522424      6.742490 16.560003      1884.330136      5.807659  1.370865        NaN       NaN 0.001463 0.056959 0.003346 0.003652    G+U 15.653475 0.004551 15.104370 0.003630 14.444613           0.003486 13.905205           0.003111 13.570379 0.002396  0.549105 0.005821  0.659757           0.005033  0.539409           0.004673           0.334826           0.003927 11.748093 13.883320 10.377228 0.051187 0.076566 0.051275 0.194455  0.002360  0.150013   0.001999 0.176853  0.028228
55.778206 46.892872 5.560339 0.073391 20.349074  0.090431 -25.827455  0.068369 16.637764      4167.172771      4.007846 18.432981       578.394704     12.700884 15.361396      5683.288864     11.882072  1.276368        NaN       NaN 0.001044 0.023842 0.002270 0.002499    G+U 14.534102 0.002590 14.029847 0.002128 13.430609           0.002132 12.900918           0.001779 12.605907 0.001392  0.504255 0.003352  0.599238           0.003012  0.529691           0.002777           0.295011           0.002259 10.363270 12.158487  9.086902 0.028680 0.037281 0.028751 0.348311  0.002528  0.289941   0.002136 0.317923  0.031810
55.769411 47.139482 5.884892 0.054358 22.449701  0.061804 -27.391509  0.053208 15.931371      7987.274353      8.120490 17.542694      1313.226056     11.904793 14.697853     10471.690558     23.930200  1.233518        NaN       NaN 0.001104 0.009843 0.002481 0.002716    G+U 13.832658 0.001835 13.415097 0.001561 12.844806           0.001607 12.259013           0.001275 11.982334 0.001002  0.417561 0.002409  0.570291           0.002240  0.585793           0.002052           0.276679           0.001622  9.780064 11.391387  8.546546 0.020088 0.022342 0.020211 0.433698  0.001695  0.365752   0.002029 0.402376  0.019565
56.016356 47.448656 5.994373 0.053636 21.359923  0.054239 -27.378262  0.050595 16.226612      6085.579401      3.792530 18.044540       827.180918      7.960417 14.929310      8461.245368     13.293565  1.297302        NaN       NaN 0.000677 0.010449 0.001706 0.001835    G+U 14.090277 0.002236 13.599136 0.001887 12.958300           0.001759 12.443525           0.001364 12.116173 0.001052  0.491140 0.002926  0.640837           0.002580  0.514774           0.002226           0.327353           0.001722 10.115331 11.933259  8.818029 0.019442 0.022061 0.019505 0.380710  0.001634  0.314848   0.001536 0.340123  0.021877
57.465653 47.998983 5.785674 0.062610 20.692434  0.059615 -26.552024  0.055702 16.782166      3648.213937      2.345575 18.757557       428.937748      5.389973 15.463124      5174.977020      8.219606  1.319041        NaN       NaN 0.000698 0.013643 0.001725 0.001860    G+U 14.479693 0.002891 14.007811 0.002288 13.413424           0.002190 12.903910           0.001706 12.595244 0.001837  0.471883 0.003687  0.594387           0.003167  0.509514           0.002776           0.308665           0.002507 10.593936 12.569327  9.274894 0.023509 0.027172 0.023562 0.308857  0.001831  0.254078   0.001729 0.273853  0.023529
56.949054 48.147975 5.254198 0.098459 20.141022  0.101556 -26.019909  0.091814 15.826639      8796.116558      8.188836 17.259056      1705.274047      7.510656 14.514448     12398.776701     20.092201  1.312191  23.997759  6.489412 0.001011 0.004782 0.001759 0.002029    G+U 13.772999 0.002019 13.335494 0.001608 12.798424           0.001818 12.191681           0.001266 12.053652 0.001058  0.437505 0.002581  0.537070           0.002427  0.606743           0.002215           0.138029           0.001650  9.429171 10.861588  8.116980 0.040704 0.040971 0.040729 0.488541  0.002661  0.424260   0.002983 0.449839  0.013699
54.816617 48.169245 5.424931 0.057197 21.224603  0.056211 -25.391755  0.056550 16.345510      5454.341063      3.799438 17.979757       878.039215     11.559880 15.109982      7164.163194     16.372477  1.235529        NaN       NaN 0.000756 0.014294 0.002481 0.002594    G+U 14.298662 0.002995 13.864791 0.002378 13.307672           0.002228 12.724794           0.001664 12.451774 0.001260  0.433871 0.003824  0.557119           0.003259  0.582877           0.002781           0.273021           0.002087 10.017481 11.651728  8.781953 0.022907 0.026991 0.023029 0.400742  0.001884  0.333964   0.001714 0.374279  0.023657
54.895650 48.209980 5.340367 0.046415 20.538379  0.046646 -25.006743  0.042955 15.524855     11614.621586      8.808245 16.759197      2702.326782     14.385907 14.326359     14743.978488     24.626003  1.198496 -38.960094  7.509771 0.000823 0.005780 0.001813 0.001992    G+U 13.576902 0.002073 13.237332 0.001677 12.732162           0.001678 12.149760           0.001200 11.857566 0.000908  0.339570 0.002666  0.505171           0.002372  0.582401           0.002063           0.292194           0.001505  9.162710 10.397052  7.964214 0.018891 0.019738 0.018960 0.522897  0.001200  0.468249   0.002144 0.505486  0.012342
56.465515 48.396936 5.626325 0.031439 20.669061  0.033003 -26.195212  0.034791 15.261628     14801.149071     15.304589 16.606178      3111.326708     18.884968 14.116052     17895.244701     51.621574  1.145576  10.242880  6.731603 0.001123 0.006590 0.003132 0.003327    G+U 13.392386 0.001603 13.002630 0.001301 12.488008           0.001435 11.878325           0.000995 11.653352 0.000803  0.389756 0.002065  0.514622           0.001937  0.609683           0.001746           0.224974           0.001278  9.012752 10.357302  7.867176 0.012186 0.013808 0.012532 0.531771  0.000812  0.480456   0.002054 0.516434  0.013248
56.228832 49.085852 5.787814 0.031139 21.129803  0.031008 -26.890828  0.028140 15.342009     13744.957506     11.390457 16.712856      2820.164240     16.689154 14.177601     16908.996556     36.526390  1.164408   2.768617 11.598112 0.000900 0.006425 0.002345 0.002512    G+U 13.489048 0.001616 13.069521 0.001318 12.549233           0.001398 11.970031           0.001092 11.563446 0.000772  0.419527 0.002085  0.520288           0.001922  0.579202           0.001774           0.406585           0.001337  9.154582 10.525429  7.990174 0.011717 0.013333 0.011916 0.518072  0.000691  0.462356   0.002058 0.497787  0.013562
52.723575 46.800157 5.834003 0.147706 23.132837  0.165054 -25.914966  0.124093 17.851067      1363.076617      4.191820 19.961252       141.552040      7.206995 16.502607      1986.623577     17.908777  1.348459        NaN       NaN 0.003339 0.055279 0.009788 0.010341    G+U 15.716725 0.004995 15.121102 0.003815 14.475921           0.004025 13.846151           0.003111 13.529336 0.002505  0.595623 0.006286  0.645182           0.005546  0.629769           0.005087           0.316815           0.003994 11.680900 13.791085 10.332440 0.055079 0.077964 0.055842 0.199155  0.002683  0.153689   0.002456 0.182836  0.028852
53.217458 47.273210 5.351925 0.091909 21.039820  0.083133 -24.022066  0.073023 16.887377      3311.281808      4.467420 18.696770       453.637383      8.815304 15.590399      4602.551230     20.012337  1.296978        NaN       NaN 0.001465 0.021099 0.004721 0.004943    G+U 14.652446 0.003444 14.183329 0.002740 13.625671           0.002849 13.045803           0.002004 12.751290 0.001501  0.469117 0.004401  0.557657           0.003953  0.579868           0.003483           0.294513           0.002503 10.529927 12.339320  9.232949 0.037320 0.042846 0.037589 0.323669  0.003091  0.267150   0.002709 0.297357  0.029375
53.148529 47.279549 5.952961 0.072108 23.046185  0.077072 -26.817638  0.068592 16.697210      3945.142675      3.309539 18.492123       547.731434     13.624386 15.415207      5408.484496     12.041249  1.282003        NaN       NaN 0.000911 0.027007 0.002417 0.002583    G+U 14.481417 0.003150 14.036387 0.002531 13.477023           0.002630 12.883002           0.001825 12.567703 0.001346  0.445030 0.004041  0.559363           0.003651  0.594021           0.003201           0.315299           0.002268 10.570875 12.365788  9.288872 0.026319 0.037699 0.026414 0.320291  0.002337  0.267074   0.002104 0.295921  0.032576
53.115438 47.348985 5.661230 0.131073 21.862785  0.122619 -25.461946  0.110776 17.570538      1764.948448      1.964441 19.367575       244.560899      8.653806 16.267555      2466.812070     10.812433  1.302982        NaN       NaN 0.001208 0.038419 0.004759 0.004910    G+U 15.361730 0.004891 14.873093 0.003908 14.279139           0.004008 13.702672           0.002966 13.348151 0.002170  0.488637 0.006261  0.593953           0.005598  0.576468           0.004986           0.354521           0.003675 11.335092 13.132129 10.032109 0.050290 0.063274 0.050500 0.234681  0.002761  0.187871   0.002762 0.226077  0.029246
53.351120 47.638507 5.759810 0.057032 22.740009  0.062797 -26.838157  0.055029 16.328886      5538.502036      8.976347 17.993862       866.707106      7.711104 15.085445      7327.908644     27.412010  1.243441        NaN       NaN 0.001760 0.009660 0.004061 0.004426    G+U 14.163224 0.002687 13.780499 0.002240 13.240387           0.002267 12.667325           0.001653 12.356061 0.001191  0.382726 0.003498  0.540112           0.003187  0.573062           0.002805           0.311264           0.002038 10.130927 11.795903  8.887486 0.021573 0.023572 0.021882 0.382943  0.001791  0.315625   0.001499 0.358387  0.019700
52.472574 47.378219 5.715248 0.106727 21.966281  0.104833 -26.248208  0.098635 17.360159      2142.313868      2.260390 19.322168       255.005695      9.122053 16.057945      2992.125363     11.929441  1.302214        NaN       NaN 0.001146 0.038839 0.004329 0.004478    G+U 15.136830 0.004262 14.667547 0.003394 14.080427           0.003445 13.513962           0.002638 13.242083 0.001966  0.469283 0.005448  0.587120           0.004836  0.566465           0.004339           0.271879           0.003290 11.145334 13.107343  9.843120 0.040566 0.056150 0.040781 0.247653  0.002466  0.201590   0.002404 0.228929  0.031577
52.559435 47.459325 5.624136 0.092896 22.251265  0.086347 -26.772132  0.083284 17.049835      2851.102289      2.441621 19.016460       337.934647      7.581078 15.731986      4039.836492     13.219781  1.317849        NaN       NaN 0.000930 0.024357 0.003553 0.003673    G+U 14.774668 0.003514 14.308444 0.002796 13.677194           0.002775 13.101928           0.002050 12.776975 0.001480  0.466224 0.004491  0.631250           0.003939  0.575266           0.003450           0.324953           0.002528 10.800114 12.766739  9.482265 0.035879 0.043355 0.036043 0.284614  0.002604  0.233616   0.002271 0.255757  0.029144
53.099305 47.709754 5.813287 0.077166 22.670873  0.092568 -26.938557  0.080983 16.910795      3240.621451      3.072052 18.737242       437.039345      7.895038 15.630967      4433.752454     13.567383  1.279828        NaN       NaN 0.001029 0.019614 0.003322 0.003478    G+U 14.693357 0.003511 14.289387 0.002769 13.693613           0.002808 13.121753           0.002037 12.794113 0.001528  0.403971 0.004471  0.595774           0.003943  0.571860           0.003469           0.327640           0.002546 10.732904 12.559351  9.453076 0.028843 0.034865 0.029015 0.296541  0.002155  0.243932   0.001927 0.277255  0.026758
52.647556 47.669246 5.687269 0.155923 22.374709  0.155030 -26.010126  0.132841 17.984400      1205.553458      1.585649 19.873138       153.518874      8.232842 16.629524      1767.454963     12.851425  1.354876        NaN       NaN 0.001428 0.058225 0.007895 0.008023    G+U 15.673719 0.005628 15.183784 0.004540 14.575622           0.004394 14.039899           0.003669 13.660265 0.002563  0.489936 0.007231  0.608162           0.006318  0.535723           0.005724           0.379634           0.004475 11.758919 13.647657 10.404043 0.059550 0.083273 0.060055 0.197989  0.002822  0.152490   0.002504 0.189861  0.029220
53.695989 47.663538 5.963532 0.104788 22.386846  0.106075 -26.786381  0.082653 17.445696      1980.016129      3.279308 19.423279       232.330104     10.736589 16.126053      2810.199766     22.753376  1.319643        NaN       NaN 0.001798 0.050175 0.008791 0.008973    G+U 15.172725 0.004431 14.692685 0.003807 14.095125           0.003459 13.572392           0.002758 13.207641 0.001924  0.480040 0.005842  0.597560           0.005143  0.522733           0.004424           0.364752           0.003363 11.323214 13.300797 10.003571 0.038198 0.063035 0.039155 0.232146  0.002293  0.187931   0.002338 0.213891  0.032877
53.898284 47.582601 5.698585 0.064346 21.030201  0.081925 -25.899199  0.060002 15.207898     15552.048093     16.253668 16.640873      3013.475019     16.396310 14.016573     19612.314504     52.647170  1.191325        NaN       NaN 0.001135 0.005907 0.002915 0.003128    G+U 13.299398 0.001437 12.867967 0.001195 12.316432           0.001227 11.770921           0.000960 11.385121 0.000726  0.431432 0.001869  0.551535           0.001713  0.545511           0.001558           0.385799           0.001203  8.986733 10.419708  7.795408 0.024545 0.025221 0.024692 0.531665  0.001474  0.480193   0.002233 0.507830  0.013563
53.684344 47.827894 5.413310 0.428412 20.710899  0.415003 -26.975014  0.328426 17.550943      1797.088260     10.354320 19.808271       162.970183      8.561740 16.022036      3092.745437      8.145987  1.528908        NaN       NaN 0.006256 0.057040 0.002860 0.006878    G+U 14.994816 0.004016 14.445765 0.003174 13.789546           0.002919 13.264992           0.002176 12.882732 0.001574  0.549051 0.005119  0.656219           0.004312  0.524554           0.003641           0.382259           0.002686 11.218257 13.475585  9.689350 0.171965 0.181070 0.171875 0.235579  0.008834  0.187538   0.008719 0.190625  0.035928
53.828733 47.934630 5.691220 0.035655 22.345063  0.039458 -26.813478  0.032087 15.474178     12169.569987      7.863524 16.908571      2354.985671     12.012082 14.299193     15117.530451     30.141527  1.174985        NaN       NaN 0.000702 0.005538 0.002165 0.002276    G+U 13.534055 0.001592 13.151587 0.001373 12.576478           0.001388 11.984597           0.001058 11.572975 0.000812  0.382467 0.002102  0.575110           0.001952  0.591881           0.001745           0.411622           0.001334  9.250205 10.684598  8.075220 0.013622 0.014688 0.013775 0.506285  0.000758  0.443946   0.002121 0.481220  0.013156
54.441281 48.096390 5.452730 0.092614 21.521352  0.094991 -26.158245  0.094963 17.351364      2159.737535      2.547174 19.179548       290.801955      7.437872 16.059351      2988.254889     13.456884  1.292013        NaN       NaN 0.001281 0.027770 0.004889 0.005054    G+U 15.246521 0.003687 14.752502 0.003013 14.106574           0.002934 13.549728           0.002595 13.238409 0.002177  0.494019 0.004761  0.645928           0.004205  0.556846           0.003917           0.311319           0.003387 11.034434 12.862618  9.742421 0.036904 0.046168 0.037205 0.262247  0.002491  0.214094   0.002342 0.248636  0.028449
53.935576 48.066318 5.894995 0.040321 23.102802  0.041747 -27.195351  0.033606 15.607744     10760.908564     11.652039 17.101295      1971.964321     15.556188 14.413263     13609.832798     34.972424  1.194481        NaN       NaN 0.001176 0.008565 0.002790 0.003028    G+U 13.660812 0.001700 13.252978 0.001449 12.661708           0.001454 12.093109           0.001135 11.875108 0.000959  0.407834 0.002234  0.591270           0.002052  0.568599           0.001844           0.218001           0.001486  9.460161 10.953712  8.265680 0.014899 0.017145 0.015112 0.478855  0.001214  0.417305   0.002604 0.451634  0.017049
54.428300 48.375479 5.481731 0.072353 21.253341  0.076156 -25.682507  0.064118 17.000109      2984.716828      2.560784 18.815514       406.641388      7.818295 15.726633      4059.803739     10.397203  1.273476        NaN       NaN 0.000932 0.020875 0.002781 0.002932    G+U 14.837338 0.003843 14.392187 0.002920 13.826939           0.002837 13.235016           0.002168 12.981844 0.001695  0.445150 0.004826  0.565249           0.004071  0.591923           0.003570           0.253172           0.002751 10.694698 12.510103  9.421222 0.028676 0.035457 0.028796 0.301592  0.002208  0.248607   0.001990 0.282502  0.027868
54.368300 48.455771 5.364093 0.078156 21.024588  0.074975 -24.689204  0.069741 17.100914      2720.078727      2.567789 18.920013       369.327690      8.147627 15.805122      3776.670662     11.452886  1.295792        NaN       NaN 0.001025 0.023952 0.003293 0.003448    G+U 14.889641 0.003903 14.405665 0.002916 13.830779           0.002825 13.266239           0.002214 12.946190 0.001655  0.483975 0.004872  0.574886           0.004060  0.564540           0.003589           0.320049           0.002764 10.748395 12.567494  9.452603 0.031655 0.039683 0.031810 0.295864  0.002389  0.243772   0.002121 0.275015  0.029409
54.368564 48.456916 5.237489 0.075107 21.344323  0.071992 -24.398559  0.066864 17.108425      2701.323348      2.031359 18.898815       376.609202      6.802948 15.825328      3707.037222      9.576205  1.283097        NaN       NaN 0.000816 0.019612 0.002805 0.002921    G+U 14.940896 0.004005 14.477843 0.003023 13.884753           0.002903 13.323414           0.002292 13.014482 0.001727  0.463053 0.005018  0.593090           0.004191  0.561339           0.003699           0.308932           0.002870 10.704040 12.494430  9.420943 0.031150 0.036801 0.031266 0.301465  0.002345  0.247946   0.002038 0.282956  0.026946
53.650346 47.992140 5.873825 0.088810 22.669721  0.090647 -26.371594  0.084945 17.169783      2552.900412      2.366029 18.990580       346.086911      6.244262 15.885901      3505.885499     13.841991  1.283881        NaN       NaN 0.001006 0.019589 0.004287 0.004403    G+U 14.945510 0.003878 14.525078 0.003382 13.952383           0.003133 13.405638           0.002437 13.046166 0.001725  0.420432 0.005145  0.572695           0.004611  0.546745           0.003969           0.359471           0.002986 11.014388 12.835185  9.730506 0.032847 0.038232 0.033110 0.264198  0.002176  0.215058   0.001998 0.251580  0.024156
53.189703 48.049394 6.081567 0.086214 23.647551  0.092369 -27.707854  0.080990 17.211592      2456.464044      2.270653 19.049400       327.835965     13.378153 15.920282      3396.607837     11.076155  1.291309        NaN       NaN 0.001004 0.044306 0.003541 0.003680    G+U 14.977063 0.003921 14.530228 0.003214 13.940518           0.003134 13.412728           0.002483 13.119083 0.001815  0.446836 0.005070  0.589709           0.004489  0.527790           0.003998           0.293645           0.003076 11.131669 12.969477  9.840359 0.030800 0.053951 0.030986 0.252204  0.002114  0.207933   0.002129 0.239848  0.034259
53.453464 48.216253 5.697965 0.069885 21.825318  0.072202 -25.642357  0.062889 16.728310      3833.742812      4.145251 18.489443       549.084744      9.746245 15.470998      5137.587688     11.751115  1.257312        NaN       NaN 0.001174 0.019272 0.002483 0.002747    G+U 14.614998 0.003373 14.144285 0.002652 13.567610           0.002507 13.005418           0.001899 12.726348 0.001543  0.470713 0.004291  0.576675           0.003649  0.562192           0.003145           0.279070           0.002447 10.506909 12.268042  9.249597 0.026659 0.032874 0.026749 0.327966  0.002290  0.271841   0.002032 0.307902  0.027703
53.356536 48.397625 5.263448 0.034649 20.376903  0.033725 -24.265054  0.030723 15.375405     13328.599086     13.974349 16.723750      2792.011084     15.601566 14.232476     16075.618631     42.071213  1.142929   7.851129 13.481023 0.001138 0.006067 0.002841 0.003061    G+U 13.523741 0.001796 13.110323 0.001529 12.589419           0.001578 11.971834           0.001084 11.658476 0.000828  0.413418 0.002359  0.520904           0.002198  0.617585           0.001915           0.313358           0.001364  8.981757 10.330102  7.838828 0.014340 0.015529 0.014575 0.534371  0.000789  0.480486   0.002075 0.519553  0.012702
53.941887 48.251663 5.853875 0.089980 22.598497  0.087113 -26.577968  0.081014 17.251669      2367.439518      2.499156 19.015028       338.381061     11.632987 15.969202      3246.964162     13.560343  1.282467        NaN       NaN 0.001146 0.037326 0.004534 0.004677    G+U 15.103450 0.004302 14.651241 0.003393 14.077104           0.003160 13.535482           0.002624 13.225428 0.001992  0.452209 0.005479  0.574138           0.004637  0.541621           0.004107           0.310055           0.003294 11.088886 12.852245  9.806419 0.033397 0.050073 0.033684 0.258078  0.002345  0.212067   0.002211 0.249759  0.032211
53.981988 48.444873 5.709392 0.050336 23.109793  0.047805 -25.984544  0.047913 16.112518      6759.883661      7.070139 17.744795      1090.181090     10.911290 14.875970      8887.310674     21.187360  1.236548        NaN       NaN 0.001136 0.010867 0.002588 0.002827    G+U 13.989075 0.002424 13.586153 0.002013 13.049148           0.001937 12.501120           0.001425 12.243529 0.001117  0.402922 0.003150  0.537005           0.002793  0.548028           0.002405           0.257590           0.001810  9.895467 11.527744  8.658919 0.019178 0.022013 0.019319 0.416944  0.001617  0.349828   0.001700 0.387580  0.020667
54.146982 48.684512 5.829431 0.054927 22.340861  0.054677 -26.883300  0.056166 16.491060      4770.047515      6.079876 18.201190       716.045031     11.963671 15.236405      6376.703649     24.094625  1.254655        NaN       NaN 0.001384 0.018140 0.004102 0.004330    G+U 14.374160 0.002901 13.955722 0.002366 13.377233           0.002226 12.769091           0.001675 12.530510 0.001362  0.418438 0.003743  0.578489           0.003248  0.608142           0.002786           0.238581           0.002159 10.319191 12.029321  9.064536 0.020507 0.027344 0.020868 0.357017  0.001842  0.297163   0.001452 0.332802  0.027131
53.746131 48.445417 5.934043 0.083390 22.414259  0.090169 -26.904409  0.082214 17.043243      2868.463014      3.134306 19.060100       324.621041      9.212080 15.692737      4188.549555     12.775993  1.350507        NaN       NaN 0.001186 0.030811 0.003312 0.003518    G+U 14.831495 0.003760 14.266436 0.002720 13.652914           0.002622 13.091595           0.001979 12.748939 0.001570  0.565060 0.004641  0.613522           0.003778  0.561319           0.003285           0.342656           0.002526 10.909997 12.926854  9.559491 0.030538 0.043365 0.030695 0.273550  0.002278  0.225667   0.002087 0.239763  0.030966
53.723795 48.541382 5.696176 0.167541 22.283705  0.160639 -25.570411  0.152424 16.373217      5316.919583     22.986897 18.159458       744.104388      8.948635 14.971125      8141.570082     13.510576  1.402092        NaN       NaN 0.004694 0.013057 0.001802 0.005028    G+U 14.080017 0.002576 13.577855 0.001909 12.999170           0.001872 12.439251           0.001375 12.121317 0.001079  0.502162 0.003206  0.578685           0.002673  0.559919           0.002323           0.317934           0.001748 10.151134 11.937375  8.749042 0.064041 0.065190 0.063895 0.379518  0.005117  0.312062   0.004592 0.329087  0.025677
52.056072 47.484860 5.776560 0.086070 22.356888  0.084576 -25.463092  0.091535 17.107067      2704.705946      2.891437 18.999651       343.207245      9.690524 15.815340      3741.296074     14.411033  1.291727        NaN       NaN 0.001161 0.030656 0.004182 0.004340    G+U 14.977602 0.003693 14.479031 0.002975 13.837255           0.002976 13.276938           0.002413 12.936583 0.001731  0.498571 0.004742  0.641776           0.004208  0.560317           0.003832           0.340355           0.002970 10.915413 12.807997  9.623686 0.032376 0.044572 0.032624 0.273990  0.002381  0.225683   0.002182 0.253832  0.031253
52.002217 47.582212 5.746767 0.039613 23.054336  0.040427 -25.446750  0.040980 15.768537      9279.664376      6.776341 17.310820      1625.883022      9.332792 14.564394     11841.332622     21.622038  1.204143        NaN       NaN 0.000793 0.006232 0.001983 0.002135    G+U 13.824593 0.002069 13.369861 0.001719 12.786982           0.001779 12.199941           0.001346 11.872105 0.000905  0.454732 0.002690  0.582879           0.002474  0.587041           0.002231           0.327836           0.001622  9.565655 11.107938  8.361512 0.014989 0.016214 0.015099 0.463058  0.001121  0.396829   0.002180 0.434881  0.014971
52.000192 47.936019 5.402293 0.129951 21.873118  0.138571 -24.481754  0.116775 17.797644      1431.824078      2.213259 20.002092       136.326424      8.016266 16.457460      2070.969945     11.083955  1.340183        NaN       NaN 0.001678 0.063843 0.005811 0.006048    G+U 15.580524 0.004884 15.005937 0.003906 14.334288           0.003851 13.789159           0.003368 13.333547 0.002180  0.574588 0.006253  0.671649           0.005485  0.545129           0.005116           0.455612           0.004012 11.460535 13.664983 10.120351 0.052261 0.082489 0.052557 0.215942  0.003003  0.171658   0.003018 0.190466  0.033933
52.314731 47.892178 5.991839 0.049760 23.342102  0.053482 -26.900102  0.045804 16.056316      7119.019060     12.995228 17.666252      1171.968835     20.395000 14.816265      9389.712168     48.438515  1.240051        NaN       NaN 0.001982 0.018894 0.005601 0.005941    G+U 13.997550 0.002229 13.580722 0.001836 13.005641           0.001936 12.431274           0.001452 12.111379 0.001064  0.416828 0.002888  0.575081           0.002668  0.574367           0.002420           0.319896           0.001800  9.944117 11.554053  8.704066 0.018142 0.026119 0.018883 0.413332  0.001643  0.349182   0.001842 0.384080  0.026981
52.146297 47.917727 5.735389 0.064476 23.950849  0.063240 -25.926988  0.055978 16.312366      5623.416400     13.542316 18.003729       858.865665     15.070398 15.064970      7467.414868     42.741390  1.247397        NaN       NaN 0.002615 0.019051 0.006214 0.006742    G+U 14.297649 0.002554 13.805517 0.002042 13.262960           0.002230 12.671162           0.001714 12.263782 0.001147  0.492132 0.003271  0.542557           0.003024  0.591799           0.002813           0.407380           0.002062 10.105181 11.796544  8.857785 0.024551 0.030965 0.025190 0.387016  0.002197  0.321114   0.002194 0.358282  0.027904
52.159057 47.923605 5.659187 0.071365 22.695578  0.073683 -25.080144  0.062632 16.497213      4743.093811      5.443811 18.216171       706.233621     13.014056 15.237197      6372.052781     26.105947  1.260016        NaN       NaN 0.001246 0.020007 0.004448 0.004619    G+U 14.380742 0.002663 13.974796 0.002223 13.372162           0.002357 12.785942           0.001831 12.407721 0.001247  0.405946 0.003468  0.602634           0.003240  0.586220           0.002985           0.378221           0.002215 10.260983 11.979941  9.000967 0.027412 0.033914 0.027742 0.364449  0.002386  0.302027   0.001742 0.337687  0.028780
52.625379 48.047774 5.807986 0.095790 22.724242  0.123938 -24.955080  0.091781 16.714607      3882.430852      5.086513 18.341824       629.053151     15.698697 15.459667      5191.483476     20.158253  1.254940        NaN       NaN 0.001422 0.027096 0.004216 0.004449    G+U 14.590326 0.003256 14.201242 0.002811 13.624354           0.002721 13.054765           0.002111 12.751120 0.001543  0.389084 0.004301  0.576888           0.003912  0.569590           0.003444           0.303645           0.002615 10.534735 12.161952  9.279795 0.035842 0.044909 0.036061 0.329658  0.003119  0.273494   0.002707 0.317623  0.031731
52.760148 48.002457 5.885487 0.075764 23.517710  0.088560 -26.689967  0.078345 16.743742      3779.635351      3.869156 18.506296       540.627661     12.298508 15.482481      5083.535785     15.903162  1.261261        NaN       NaN 0.001111 0.024699 0.003397 0.003574    G+U 14.544053 0.003175 14.162768 0.002749 13.624682           0.002712 13.052998           0.002113 12.829526 0.001614  0.381285 0.004200  0.538086           0.003861  0.571685           0.003438           0.223472           0.002659 10.592654 12.355208  9.331393 0.027976 0.037302 0.028159 0.316858  0.002394  0.263195   0.002124 0.298581  0.030804
52.460051 48.109375 6.043339 0.054070 24.122296  0.056287 -27.405958  0.056023 16.060154      7093.904828      5.825655 17.645063      1195.065532     11.325460 14.842455      9165.922881     19.423115  1.217699        NaN       NaN 0.000892 0.010289 0.002301 0.002467    G+U 13.967208 0.002377 13.607804 0.002043 13.078196           0.002044 12.500948           0.001519 12.244739 0.001146  0.359404 0.003135  0.529609           0.002890  0.577248           0.002547           0.256209           0.001903  9.966539 11.551448  8.748840 0.019449 0.021985 0.019564 0.408526  0.001541  0.341035   0.001716 0.386080  0.019621
52.546451 48.136806 5.716114 0.043959 23.155633  0.042760 -27.537946  0.043223 15.301804     14263.478558     15.013637 16.919650      2331.081440     17.812971 14.059772     18847.316498     44.842810  1.242032        NaN       NaN 0.001143 0.008297 0.002583 0.002825    G+U 13.134661 0.001591 12.772948 0.001347 12.235274           0.001344 11.683481           0.000979 11.383579 0.000718  0.361712 0.002084  0.537674           0.001903  0.551793           0.001663           0.299902           0.001214  9.087309 10.705155  7.845277 0.016739 0.018647 0.016898 0.518372  0.000939  0.462356   0.002058 0.476003  0.017782
52.652245 48.257986 5.805507 0.043965 22.687647  0.051271 -26.677008  0.043169 15.907523      8164.647641      5.795910 17.539728      1316.818469     10.292279 14.670939     10734.517557     18.981530  1.236584        NaN       NaN 0.000771 0.008486 0.001920 0.002069    G+U 13.777156 0.002189 13.384353 0.001771 12.832197           0.001694 12.260775           0.001264 11.975326 0.001016  0.392803 0.002816  0.552156           0.002451  0.571423           0.002114           0.285449           0.001622  9.726724 11.358929  8.490140 0.016463 0.018505 0.016556 0.440369  0.001372  0.370840   0.001724 0.405915  0.018312
51.765167 47.813070 5.769409 0.065863 22.811869  0.067890 -26.215699  0.059853 16.620106      4235.500406      3.951773 18.415340       587.869475      9.327278 15.344713      5771.291988     12.521228  1.275392        NaN       NaN 0.001013 0.017227 0.002356 0.002564    G+U 14.508597 0.002807 14.029001 0.002300 13.436241           0.002457 12.844842           0.001937 12.656676 0.001451  0.479596 0.003629  0.592760           0.003366  0.591399           0.003129           0.188166           0.002420 10.425763 12.220997  9.150370 0.024810 0.030187 0.024901 0.338599  0.002155  0.280707   0.001910 0.311452  0.026839
51.958046 48.079100 5.677010 0.080293 23.160209  0.096316 -26.109013  0.075103 16.869148      3367.342450      3.413725 18.709778       448.234640      6.860937 15.586233      4620.245461     13.972199  1.282915        NaN       NaN 0.001101 0.016619 0.003283 0.003463    G+U 14.747321 0.003185 14.277877 0.002638 13.677775           0.002691 13.129490           0.002214 12.752983 0.001502  0.469444 0.004136  0.600101           0.003768  0.548285           0.003485           0.376507           0.002676 10.639746 12.480376  9.356831 0.030732 0.034920 0.030887 0.307064  0.002350  0.252314   0.002096 0.284792  0.025409
52.208886 48.126936 5.688337 0.063501 22.308928  0.068204 -25.341343  0.059106 16.594248      4337.582228      3.624772 18.302565       652.215315     11.903582 15.335902      5818.317394     17.286514  1.258346        NaN       NaN 0.000907 0.019816 0.003226 0.003351    G+U 14.504751 0.002839 14.083950 0.002364 13.474196           0.002487 12.904526           0.001972 12.565064 0.001376  0.420801 0.003694  0.609755           0.003431  0.569670           0.003174           0.339461           0.002405 10.369175 12.077492  9.110829 0.024258 0.031309 0.024454 0.349982  0.002140  0.291214   0.001804 0.327286  0.028256
52.124881 48.151657 5.946907 0.142351 23.603053  0.150317 -26.576096  0.136065 17.832386      1386.731710      2.549397 19.891764       150.907574      7.447626 16.486788      2015.779583     11.896998  1.345598        NaN       NaN 0.001996 0.053584 0.006408 0.006712    G+U 15.625182 0.005907 14.993074 0.003902 14.361101           0.003963 13.814775           0.002920 13.510973 0.002449  0.632108 0.007079  0.631973           0.005561  0.546326           0.004923           0.303802           0.003811 11.703842 13.763220 10.358244 0.052017 0.074652 0.052372 0.198386  0.002509  0.153091   0.002239 0.184398  0.028249
52.064649 48.194935 5.576965 0.075809 22.481045  0.080336 -25.265345  0.071386 16.854176      3414.103054      2.702700 18.615547       488.875422      9.370352 15.588412      4610.982215     12.002664  1.265763        NaN       NaN 0.000859 0.020810 0.002826 0.002954    G+U 14.765533 0.003790 14.283827 0.002681 13.722338           0.002842 13.175982           0.001963 12.855875 0.001579  0.481706 0.004642  0.561489           0.003907  0.546356           0.003454           0.320107           0.002519 10.586166 12.347537  9.320402 0.029530 0.036116 0.029652 0.317381  0.002451  0.262591   0.002241 0.298938  0.028393
51.667262 48.319312 5.741344 0.080241 22.461203  0.080902 -25.540355  0.080070 16.614834      4256.114856      4.011728 18.627499       483.523180      9.557246 15.282434      6112.016637     15.318753  1.332399        NaN       NaN 0.001023 0.021460 0.002721 0.002907    G+U 14.362042 0.002826 13.815745 0.002201 13.192889           0.002173 12.648817           0.001443 12.346499 0.001130  0.546297 0.003582  0.622856           0.003093  0.544072           0.002609           0.302318           0.001833 10.409902 12.422567  9.077502 0.030366 0.037170 0.030470 0.334200  0.002636  0.277006   0.002294 0.287087  0.031179
52.053873 48.332455 5.848948 0.047400 22.725839  0.051011 -25.748453  0.046238 15.820458      8846.335149      9.870832 17.399242      1498.718331     15.576759 14.606600     11389.859145     33.880290  1.213859        NaN       NaN 0.001211 0.011284 0.003230 0.003449    G+U 13.830587 0.002354 13.380795 0.001697 12.835240           0.001817 12.281793           0.001189 11.968369 0.000931  0.449792 0.002902  0.545555           0.002486  0.553448           0.002171           0.313423           0.001511  9.655847 11.234631  8.441989 0.017639 0.020905 0.017892 0.451630  0.001367  0.385236   0.001814 0.420789  0.020512
52.342749 48.237234 5.956102 0.073009 23.185638  0.072671 -26.113707  0.068353 16.791933      3615.541305      5.599593 18.601006       495.466505     14.202621 15.511456      4949.661899     21.357296  1.280477        NaN       NaN 0.001682 0.031123 0.004685 0.004977    G+U 14.699925 0.003239 14.172469 0.002676 13.597270           0.002696 13.031392           0.001820 12.727480 0.001464  0.527456 0.004201  0.575199           0.003799  0.565878           0.003253           0.303912           0.002336 10.666744 12.475817  9.386267 0.026671 0.040953 0.027027 0.307334  0.002272  0.256113   0.002189 0.285188  0.034150
52.203268 48.340112 5.763387 0.044060 23.194894  0.043220 -25.929854  0.044210 15.643738     10410.024312      8.792253 17.111590      1953.355250     12.008147 14.459318     13044.602825     19.981783  1.184420        NaN       NaN 0.000917 0.006675 0.001663 0.001899    G+U 13.711394 0.001965 13.285737 0.001701 12.742489           0.001742 12.212725           0.001147 11.879049 0.000889  0.425657 0.002599  0.543248           0.002435  0.529764           0.002086           0.333675           0.001451  9.447127 10.914979  8.262707 0.016626 0.017892 0.016684 0.480781  0.001303  0.417571   0.002423 0.456255  0.014857
52.491326 48.437153 5.876700 0.083949 22.926556  0.082889 -27.019980  0.075334 17.096754      2730.520630      3.111737 18.889040       380.015028     13.245923 15.804522      3778.760646     13.616447  1.292232        NaN       NaN 0.001237 0.037845 0.003912 0.004103    G+U 15.013880 0.003739 14.434880 0.002882 13.863254           0.002909 13.310637           0.002224 13.134904 0.001997  0.579000 0.004721  0.571627           0.004095  0.552616           0.003662           0.175734           0.002989 10.942422 12.734708  9.650190 0.031044 0.048933 0.031265 0.274361  0.002381  0.227354   0.002166 0.259564  0.034349
53.155833 48.251860 5.881437 0.072708 22.976417  0.073298 -27.148729  0.063417 16.753916      3744.381911      3.242841 18.452936       567.861786      9.649043 15.499324      5005.282091     19.310118  1.254592        NaN       NaN 0.000940 0.018449 0.004189 0.004293    G+U 14.634818 0.003389 14.203503 0.002716 13.638547           0.002580 13.070499           0.001960 12.839616 0.001648  0.431315 0.004343  0.564956           0.003746  0.568048           0.003240           0.230884           0.002561 10.601333 12.300353  9.346741 0.026861 0.032573 0.027169 0.317382  0.002233  0.262417   0.002031 0.304114  0.026326
53.084708 48.414459 5.244596 0.045128 20.570443  0.044982 -24.038135  0.042963 15.899311      8226.636940      9.839321 17.370193      1539.357914     19.227991 14.694661     10502.529107     30.607588  1.204650        NaN       NaN 0.001299 0.013562 0.003164 0.003420    G+U 13.845817 0.002267 13.480339 0.001800 12.968594           0.001818 12.395903           0.001337 12.108904 0.001046  0.365478 0.002895  0.511745           0.002558  0.572691           0.002257           0.286999           0.001697  9.497871 10.968753  8.293221 0.018730 0.023088 0.018951 0.475878  0.001519  0.410536   0.002464 0.448685  0.021364
53.076263 48.546651 5.740440 0.082599 22.312224  0.080034 -25.807327  0.073338 16.956010      3108.439313      3.248453 18.747042       433.111618      8.049005 15.684587      4220.105218     11.506890  1.271423        NaN       NaN 0.001135 0.020177 0.002960 0.003170    G+U 14.825629 0.003631 14.368391 0.002775 13.787019           0.002709 13.229574           0.002084 12.929221 0.001692  0.457238 0.004570  0.581372           0.003878  0.557445           0.003418           0.300353           0.002684 10.750736 12.541768  9.479313 0.031266 0.037194 0.031385 0.295331  0.002314  0.242714   0.002083 0.279380  0.026930
53.073237 48.748582 5.777756 0.033140 22.377653  0.033138 -26.065029  0.031398 15.296522     14333.030186     11.269403 16.674630      2921.224425     14.560576 14.134420     17595.038191     49.591045  1.162102  33.862328  8.226386 0.000854 0.005412 0.003060 0.003177    G+U 13.322673 0.001765 12.987735 0.001431 12.472487           0.001436 11.892684           0.001054 11.727733 0.000884  0.334938 0.002272  0.515248           0.002027  0.579802           0.001781           0.164951           0.001375  9.105318 10.483426  7.943216 0.012484 0.013580 0.012825 0.522237  0.000908  0.468366   0.002064 0.502563  0.012444
53.833571 48.910706 5.773457 0.034355 21.810514  0.029610 -25.946411  0.029657 15.432360     12647.446926      8.512239 16.823256      2547.503840     12.748101 14.272132     15499.058256     25.537355  1.160228  -6.641604  7.038699 0.000731 0.005433 0.001789 0.001932    G+U 13.427330 0.001826 13.121855 0.001600 12.599979           0.001565 12.022330           0.001108 11.797964 0.000907  0.305475 0.002428  0.521875           0.002238  0.577649           0.001918           0.224366           0.001432  9.239540 10.630436  8.079312 0.012942 0.014017 0.013045 0.508458  0.000825  0.450102   0.002125 0.487415  0.012671
53.343683 48.888257 5.897722 0.064814 23.277409  0.059091 -26.604080  0.059565 16.708400      3904.688432      5.720372 18.578121       506.020428     10.213057 15.410804      5430.460692     22.460440  1.297597        NaN       NaN 0.001591 0.021914 0.004491 0.004764    G+U 14.588006 0.002918 14.051349 0.002390 13.453128           0.002348 12.904741           0.001751 12.563251 0.001371  0.536657 0.003771  0.598221           0.003350  0.548387           0.002929           0.341490           0.002224 10.561822 12.431543  9.264226 0.023917 0.032399 0.024283 0.318944  0.002085  0.265087   0.001877 0.288524  0.029770
53.397428 49.036941 5.630814 0.043580 21.892332  0.038759 -25.480999  0.042050 15.959175      7785.325411      5.350677 17.495893      1371.069606      7.992853 14.754560      9938.805239     16.847870  1.204615        NaN       NaN 0.000746 0.006329 0.001840 0.001986    G+U 13.940609 0.002421 13.534695 0.002020 13.005702           0.001954 12.416691           0.001402 12.212708 0.001128  0.405914 0.003153  0.528993           0.002810  0.589011           0.002405           0.203983           0.001800  9.712031 11.248749  8.507416 0.016823 0.017959 0.016907 0.444969  0.001337  0.375191   0.001648 0.419427  0.015112
52.730461 48.656220 5.699079 0.037314 22.760631  0.038163 -25.696063  0.033101 15.436443     12599.971842      9.487496 16.809269      2580.533953     16.757828 14.280351     15382.182150     31.873693  1.156093   9.827705 18.306965 0.000818 0.007051 0.002250 0.002394    G+U 13.426163 0.001824 13.130573 0.001557 12.613009           0.001511 12.023653           0.001110 11.751793 0.000911  0.295589 0.002399  0.517564           0.002170  0.589356           0.001875           0.271860           0.001436  9.215467 10.588293  8.059375 0.014241 0.015870 0.014394 0.511597  0.000880  0.450196   0.002129 0.491876  0.014253
52.884808 48.780939 5.913154 0.110994 22.744831  0.111931 -27.027408  0.102493 17.635075      1663.095827      2.042837 19.509256       214.641739      7.578354 16.303526      2386.423379     11.733804  1.331549        NaN       NaN 0.001334 0.038334 0.005338 0.005503    G+U 15.486804 0.005215 14.925412 0.003846 14.349488           0.003787 13.772309           0.003068 13.506916 0.002707  0.561392 0.006480  0.575924           0.005397  0.577179           0.004874           0.265393           0.004092 11.494171 13.368352 10.162622 0.040782 0.055954 0.041108 0.219508  0.002244  0.173603   0.002323 0.208188  0.026708
52.538283 48.722736 5.659941 0.124981 22.321442  0.145051 -24.808066  0.127931 17.866348      1344.025283      1.579219 19.808891       162.877291      8.584564 16.548983      1903.553733      7.961241  1.317366        NaN       NaN 0.001276 0.057225 0.004541 0.004717    G+U 15.607566 0.005505 15.097382 0.004344 14.483911           0.004029 13.954335           0.003406 13.704955 0.003207  0.510184 0.007012  0.613471           0.005925  0.529575           0.005276           0.249380           0.004678 11.630407 13.572950 10.313042 0.047967 0.074658 0.048164 0.205666  0.002613  0.160801   0.002741 0.196493  0.030589
52.730135 48.794422 6.036563 0.128911 23.856984  0.128909 -26.923698  0.121837 17.587680      1737.297087      1.978958 19.367916       244.484110      6.771826 16.278694      2441.633013      8.898546  1.308987        NaN       NaN 0.001237 0.030073 0.003957 0.004146    G+U 15.361645 0.004789 14.901453 0.003859 14.287627           0.003583 13.751890           0.002959 13.395577 0.002560  0.460192 0.006150  0.613826           0.005266  0.535737           0.004647           0.356314           0.003913 11.491629 13.271865 10.182643 0.046388 0.055270 0.046540 0.222064  0.002422  0.174624   0.002454 0.215556  0.023990
52.813002 48.951543 5.560399 0.113285 21.564287  0.100360 -24.729594  0.102636 17.612100      1698.659735      1.910487 19.475742       221.370435      7.020447 16.307940      2376.742346     10.402958  1.304161        NaN       NaN 0.001221 0.034433 0.004752 0.004907    G+U 15.474410 0.004686 14.934980 0.003774 14.338266           0.003772 13.806442           0.003058 13.490196 0.002677  0.539430 0.006017  0.596714           0.005336  0.531824           0.004856           0.316246           0.004064 11.337630 13.201272 10.033470 0.044258 0.056061 0.044495 0.232658  0.002422  0.186000   0.002468 0.221340  0.027426
52.623829 49.024654 5.817590 0.057108 22.313010  0.048120 -25.839451  0.053963 16.087057      6920.277661      5.698032 17.865196       975.750356      8.830400 14.804574      9491.366258     16.279945  1.282483        NaN       NaN 0.000894 0.009826 0.001862 0.002066    G+U 13.980455 0.002429 13.522954 0.001998 12.940699           0.001865 12.445177           0.001436 11.914720 0.000983  0.457501 0.003145  0.582255           0.002734  0.495522           0.002354           0.530458           0.001740  9.910773 11.688912  8.628290 0.021335 0.023472 0.021397 0.409269  0.001705  0.341338   0.001779 0.367497  0.021006
53.426742 49.373498 5.967256 0.061602 23.269167  0.057700 -26.447913  0.056602 16.733843      3814.254142      2.659160 18.477934       554.936540      7.846542 15.472703      5129.523546     11.818404  1.261140        NaN       NaN 0.000757 0.015352 0.002502 0.002614    G+U 14.586271 0.003380 14.129147 0.002747 13.570498           0.002691 13.026944           0.001934 13.248118 0.002121  0.457125 0.004355  0.558648           0.003845  0.543554           0.003314          -0.221174           0.002871 10.612716 12.356807  9.351576 0.022430 0.027170 0.022556 0.314262  0.001833  0.259702   0.001725 0.298235  0.024165
53.090548 49.406074 5.777315 0.087676 22.328288  0.079561 -26.630648  0.079059 17.357405      2147.754171      2.112002 19.271406       267.211261      6.983029 16.055069      3000.062942     11.442696  1.302336        NaN       NaN 0.001068 0.028374 0.004141 0.004277    G+U 15.164938 0.004182 14.678627 0.003688 14.079485           0.003364 13.525491           0.002553 13.252907 0.002232  0.486311 0.005576  0.599142           0.004992  0.553994           0.004223           0.272584           0.003392 11.166035 13.080036  9.863699 0.032971 0.043486 0.033213 0.246757  0.001956  0.200189   0.001923 0.230763  0.026828
54.626379 48.319978 5.921943 0.048130 23.004124  0.046497 -27.389248  0.043740 16.037369      7244.340783      7.999187 17.683931      1153.039006     11.639476 14.803052      9504.676319     27.147522  1.234317        NaN       NaN 0.001199 0.010960 0.003101 0.003325    G+U 13.918289 0.002436 13.509134 0.001950 12.973472           0.001853 12.399425           0.001357 12.129608 0.001041  0.409155 0.003121  0.535663           0.002690  0.574047           0.002297           0.269816           0.001710  9.899690 11.546252  8.665373 0.017689 0.020775 0.017919 0.415844  0.001510  0.348935   0.001783 0.385982  0.020827
55.518354 48.915362 5.851259 0.112383 21.387397  0.119446 -25.815859  0.105195 17.547922      1802.096726      2.814249 19.575668       201.906027      6.895640 16.233917      2544.433087     12.354667  1.314005        NaN       NaN 0.001696 0.037081 0.005272 0.005538    G+U 15.456451 0.004308 14.897626 0.003332 14.225594           0.003392 13.660642           0.002547 13.307012 0.002163  0.558825 0.005447  0.672031           0.004755  0.564953           0.004242           0.353630           0.003341 11.384169 13.411915 10.070164 0.041741 0.055807 0.042039 0.224722  0.002287  0.178756   0.002324 0.207035  0.027274
55.332620 48.948117 5.673461 0.121269 21.015423  0.122500 -27.050464  0.115406 17.580404      1748.979587      1.988402 19.629045       192.220084      5.154667 16.250116      2506.754681      8.271598  1.330288        NaN       NaN 0.001234 0.029116 0.003583 0.003789    G+U 15.384445 0.004089 14.859215 0.003190 14.185157           0.003226 13.657656           0.002537 13.308676 0.002146  0.525230 0.005186  0.674058           0.004537  0.527501           0.004104           0.348980           0.003323 11.349644 13.398285 10.019356 0.046431 0.054791 0.046553 0.226964  0.002434  0.179802   0.002526 0.206980  0.024469
55.389179 49.012857 5.366681 0.059771 20.725369  0.059053 -25.608713  0.059333 16.619892      4236.330192      3.214039 18.254015       682.042044      9.737483 15.362522      5677.400565     14.743133  1.257370        NaN       NaN 0.000824 0.015501 0.002819 0.002937    G+U 14.568100 0.002704 14.119642 0.002178 13.530120           0.002299 12.959209           0.001687 12.684866 0.001435  0.448458 0.003473  0.589522           0.003167  0.570910           0.002852           0.274344           0.002215 10.268421 11.902544  9.011051 0.024199 0.028726 0.024348 0.366668  0.002056  0.303216   0.001471 0.345184  0.024654
55.270051 49.158904 5.717105 0.029570 21.797920  0.028863 -26.439123  0.027114 15.005428     18740.257020     14.074289 16.269403      4242.827472     18.598227 13.891753     22001.742443     43.423176  1.113675 -34.305390  8.755439 0.000815 0.004759 0.002143 0.002293    G+U 13.222336 0.001435 12.859057 0.001184 12.397095           0.001286 11.774555           0.000992 11.618674 0.000805  0.363278 0.001861  0.461963           0.001748  0.622540           0.001625           0.155881           0.001278  8.791309 10.055284  7.677634 0.011261 0.012198 0.011434 0.552108  0.000451  0.509267   0.001784 0.547920  0.010281
54.741293 48.965498 5.889739 0.096142 21.956432  0.095650 -26.380680  0.088429 17.387907      2088.255524      1.829196 19.242342       274.460840     10.448673 16.093010      2897.037232      9.580285  1.294897        NaN       NaN 0.000951 0.041334 0.003590 0.003714    G+U 15.169201 0.004403 14.723518 0.003545 14.144326           0.003371 13.605082           0.002690 13.262802 0.002104  0.445683 0.005653  0.579192           0.004892  0.539244           0.004313           0.342280           0.003415 11.238387 13.092822  9.943490 0.035459 0.054451 0.035628 0.241503  0.002148  0.196483   0.002112 0.229968  0.031491
54.979437 49.272079 5.894623 0.067279 23.038931  0.061925 -27.536010  0.057591 16.740324      3791.550872      3.605206 18.700106       452.245600      6.215262 15.428601      5342.167789     14.709586  1.311723        NaN       NaN 0.001032 0.014921 0.002990 0.003163    G+U 14.556850 0.002661 13.986739 0.002058 13.410297           0.002114 12.880413           0.001793 12.445424 0.001327  0.570110 0.003364  0.576442           0.002950  0.529884           0.002772           0.434989           0.002231 10.592604 12.552386  9.280881 0.024806 0.028929 0.024964 0.309522  0.001937  0.254803   0.001802 0.276040  0.024598
55.422150 49.601239 5.410058 0.099511 19.899202  0.099073 -25.039509  0.080239 17.288473      2288.535400      2.582765 19.085020       317.255464      8.316600 16.004738      3142.412350     11.321252  1.283735        NaN       NaN 0.001225 0.028462 0.003912 0.004099    G+U 15.170434 0.003627 14.651271 0.002915 14.057474           0.002945 13.526916           0.002737 13.258260 0.002275  0.519163 0.004653  0.593797           0.004144  0.530559           0.004021           0.268656           0.003559 10.954483 12.751030  9.670748 0.039960 0.049045 0.040133 0.271858  0.002794  0.222550   0.002511 0.258825  0.029812
55.206440 49.559005 5.876050 0.113781 22.550406  0.104277 -27.797847  0.092120 17.651041      1638.815909      1.655608 19.617178       194.332700      8.674088 16.310379      2371.408152      9.545185  1.340662        NaN       NaN 0.001097 0.048462 0.004370 0.004506    G+U 15.428110 0.004105 14.898068 0.003193 14.242565           0.003123 13.688654           0.002893 13.375377 0.002252  0.530042 0.005200  0.655503           0.004466  0.553911           0.004257           0.313277           0.003666 11.496468 13.462605 10.155806 0.042062 0.064160 0.042274 0.217485  0.002404  0.172705   0.002360 0.201993  0.029740
54.587137 49.526610 5.043378 0.309509 22.996439  0.273697 -27.747508  0.286777 15.755756      9389.539851     25.930698 17.456945      1421.145516     12.233497 14.372951     14124.646513     19.561666  1.382805        NaN       NaN 0.002998 0.009346 0.001504 0.003354    G+U 13.500399 0.001586 13.017478 0.001259 12.432368           0.001278 11.896397           0.001036 11.554897 0.000786  0.482921 0.002025  0.585110           0.001794  0.535972           0.001645           0.341499           0.001301  9.269364 10.970553  7.886559 0.133296 0.133589 0.133271 0.497314  0.008889  0.434404   0.010959 0.434840  0.025198
53.665207 49.625498 6.082363 0.098055 22.670253  0.089243 -28.054401  0.085116 17.246508      2378.723553      2.443665 19.126297       305.420393      7.558793 15.941318      3331.433126      8.189449  1.305190        NaN       NaN 0.001115 0.026871 0.002669 0.002893    G+U 15.041457 0.003954 14.558609 0.003318 13.947423           0.003238 13.380941           0.002335 13.103145 0.001894  0.482848 0.005162  0.611186           0.004636  0.566482           0.003992           0.277797           0.003006 11.166870 13.046659  9.861680 0.035024 0.044130 0.035108 0.247607  0.002053  0.200574   0.002049 0.232950  0.026202
53.882427 49.725985 5.662807 0.118031 22.348125  0.116295 -25.200614  0.113155 17.753407      1491.365076      1.859704 19.835035       159.002039      9.929127 16.419085      2145.478440      9.492348  1.334322        NaN       NaN 0.001354 0.067800 0.004804 0.004991    G+U 15.483631 0.004948 14.969657 0.004324 14.346002           0.003900 13.803596           0.002973 13.456271 0.002441  0.513974 0.006571  0.623655           0.005823  0.542405           0.004904           0.347325           0.003847 11.518566 13.600194 10.184244 0.045281 0.081519 0.045515 0.213569  0.002688  0.170270   0.002690 0.194341  0.034564
53.377814 49.694480 5.819993 0.068809 22.546805  0.061712 -26.127197  0.059233 16.866627      3375.172656      2.669871 18.579157       505.538493     11.878060 15.610402      4518.530120     10.437300  1.256225        NaN       NaN 0.000859 0.025510 0.002508 0.002651    G+U 14.661648 0.003410 14.276863 0.002877 13.706925           0.002796 13.142207           0.002002 12.845390 0.001637  0.384785 0.004462  0.569938           0.004012  0.564718           0.003439           0.296817           0.002586 10.691239 12.403769  9.435014 0.025687 0.036192 0.025795 0.305572  0.002103  0.253646   0.001977 0.293576  0.030328
54.190877 49.907408 5.740409 0.052435 21.783763  0.048186 -26.302663  0.050932 16.362305      5370.628373      5.724955 17.963446       891.329731     15.576911 15.121408      7089.160728     22.104582  1.240896        NaN       NaN 0.001157 0.018974 0.003385 0.003578    G+U 14.286881 0.002290 13.866202 0.001945 13.317989           0.002006 12.748425           0.001629 12.571184 0.001453  0.420678 0.003004  0.548213           0.002794  0.569565           0.002584           0.177240           0.002183 10.157019 11.758160  8.916122 0.019869 0.027449 0.020122 0.383684  0.001804  0.319609   0.002051 0.361813  0.026842
55.094497 49.913094 5.481073 0.032811 21.419961  0.033523 -25.218777  0.031841 15.575207     11088.272200     12.978765 17.006710      2151.459605     14.280418 14.403544     13732.210233     41.151110  1.171662        NaN       NaN 0.001271 0.007207 0.003254 0.003493    G+U 13.685273 0.001800 13.292155 0.001552 12.754758           0.001634 12.092922           0.001108 11.834065 0.000873  0.393118 0.002377  0.537397           0.002254  0.661836           0.001974           0.258858           0.001410  9.269535 10.701038  8.097872 0.013061 0.014863 0.013400 0.504832  0.000727  0.443946   0.002121 0.479696  0.014956
48.363906 44.173187 5.419060 0.052341 23.480163  0.058537 -24.357500  0.059025 15.362676     13485.794430     23.636478 16.629890      3044.110346     21.811018 14.020856     19535.100594     54.220505  1.341820        NaN       NaN 0.001903 0.007779 0.003014 0.003564      G       NaN      NaN       NaN      NaN       NaN                NaN       NaN                NaN       NaN      NaN       NaN      NaN       NaN                NaN       NaN                NaN                NaN                NaN  9.032296 10.299510  7.690476 0.021060 0.022370 0.021189 0.537461  0.000997  0.486483   0.002045 0.504364  0.015393
51.431765 48.407106 5.824145 0.085303 23.363826  0.084511 -24.856093  0.083750 16.788792      3626.020693      3.396316 18.558817       515.098733     10.651176 15.522204      4900.905987     12.174287  1.266587        NaN       NaN 0.001017 0.022451 0.002697 0.002882    G+U 14.693705 0.003467 14.238014 0.002718 13.638932           0.002720 13.098742           0.001852 12.785891 0.001589  0.455690 0.004406  0.599082           0.003846  0.540191           0.003291           0.312851           0.002440 10.614953 12.384978  9.348365 0.031821 0.038930 0.031918 0.313231  0.002591  0.258862   0.002391 0.295148  0.029343
51.608615 48.459221 5.463719 0.085162 22.080372  0.083553 -24.531721  0.079358 17.131023      2645.678928      2.568368 18.986162       347.497906      7.383286 15.845041      3640.336838     10.488232  1.285982        NaN       NaN 0.001054 0.023069 0.003128 0.003301    G+U 15.023910 0.003851 14.529524 0.003128 13.922553           0.003009 13.361989           0.002142 13.043091 0.001701  0.494387 0.004961  0.606971           0.004340  0.560564           0.003694           0.318898           0.002736 10.818465 12.673604  9.532483 0.033863 0.040960 0.033991 0.285450  0.002466  0.234357   0.002196 0.266161  0.028241
51.291515 48.394117 5.825464 0.056519 23.203693  0.061427 -26.542880  0.053079 16.116497      6735.159503     12.969301 17.778843      1056.524021     10.955129 14.865116      8976.597298     65.848780  1.251381        NaN       NaN 0.002091 0.011258 0.007965 0.008234    G+U 14.075281 0.002553 13.615041 0.001992 13.014538           0.002003 12.425653           0.001297 12.132570 0.001078  0.460240 0.003239  0.600503           0.002825  0.588884           0.002386           0.293083           0.001686  9.943150 11.605496  8.691769 0.021171 0.023887 0.022523 0.409054  0.001721  0.340898   0.001935 0.378159  0.021391
51.320568 48.602422 5.654342 0.105243 22.983571  0.108792 -24.469699  0.099584 17.303986      2256.070910      3.256139 19.239376       275.211476      9.102394 15.991769      3180.173659     16.117552  1.312217        NaN       NaN 0.001567 0.035910 0.005503 0.005721    G+U 15.088725 0.004238 14.579014 0.003078 13.954448           0.003122 13.448724           0.002292 13.100650 0.001877  0.509711 0.005238  0.624566           0.004384  0.505724           0.003873           0.348074           0.002962 11.065896 13.001286  9.753679 0.040447 0.054065 0.040790 0.256481  0.002703  0.209482   0.002550 0.236315  0.031573
51.505635 48.652567 5.437285 0.176607 22.679696  0.181997 -23.659100  0.164558 15.511902     11754.008912     22.126019 16.920578      2329.088181     13.867776 14.283264     15340.954244     22.420547  1.228638        NaN       NaN 0.002044 0.006465 0.001587 0.002587    G+U 13.508910 0.001830 13.137010 0.001585 12.582839           0.001618 11.991934           0.001041 11.731220 0.000824  0.371901 0.002421  0.554171           0.002265  0.590905           0.001924           0.260714           0.001327  9.188813 10.597489  7.960175 0.070561 0.070827 0.070549 0.514397  0.004046  0.454873   0.005712 0.485322  0.016112
51.559297 48.710505 5.756066 0.033139 23.774008  0.033461 -25.083365  0.031599 15.167285     16144.810130      9.293570 16.470554      3525.292771     13.763929 14.034738     19286.934513     28.714424  1.132547 -56.083183 11.160858 0.000625 0.004239 0.001616 0.001733    G+U 13.266316 0.001629 12.948830 0.001444 12.422880           0.001497 11.893671           0.000986 11.591378 0.000763  0.317487 0.002177  0.525949           0.002080  0.529209           0.001792           0.302293           0.001247  8.967914 10.271183  7.835367 0.012517 0.013201 0.012606 0.536637  0.000617  0.486473   0.002038 0.525489  0.010304
51.952656 48.788379 6.025159 0.055025 23.796438  0.057715 -26.576736  0.056917 16.182142      6340.006114      7.676001 17.802855      1033.415021      9.417182 14.955168      8262.112660     23.727232  1.226975        NaN       NaN 0.001315 0.009894 0.003118 0.003384    G+U 14.151658 0.002675 13.736623 0.001990 13.155166           0.002064 12.604150           0.001390 12.303367 0.001129  0.415035 0.003334  0.581457           0.002867  0.551016           0.002488           0.300783           0.001791 10.081985 11.702698  8.855011 0.019875 0.022162 0.020075 0.391516  0.001723  0.323581   0.001726 0.369383  0.019512
52.166602 48.771477 5.868045 0.041900 22.270458  0.044078 -26.571135  0.042169 15.987871      7582.251333      8.957774 17.535873      1321.500194     11.882327 14.772322      9777.536278     26.964123  1.215550        NaN       NaN 0.001283 0.009762 0.002994 0.003257    G+U 13.958193 0.002262 13.548917 0.001923 12.991439           0.001938 12.466105           0.001308 12.130066 0.001028  0.409276 0.002969  0.557478           0.002730  0.525333           0.002338           0.336040           0.001664  9.830338 11.378340  8.614789 0.015558 0.018322 0.015791 0.429308  0.001355  0.362228   0.001355 0.404498  0.018854
52.120474 48.904048 5.782961 0.108217 23.343889  0.124204 -26.604834  0.105929 17.538733      1817.412256      2.434022 19.400244       237.312019      7.308346 16.230920      2551.468791      8.813880  1.307812        NaN       NaN 0.001454 0.033437 0.003751 0.004023    G+U 15.357737 0.004785 14.875378 0.003738 14.232991           0.003583 13.720818           0.002629 13.364665 0.002391  0.482359 0.006072  0.642386           0.005178  0.512174           0.004444           0.356153           0.003554 11.349484 13.210995 10.041671 0.040661 0.052623 0.040808 0.231761  0.002242  0.185354   0.002218 0.220388  0.026837
52.055882 48.937500 6.027492 0.056103 23.265812  0.064359 -26.380122  0.055789 16.447884      4963.561943      5.527744 18.255543       681.082339     11.666496 15.166966      6797.853448     15.835687  1.280917        NaN       NaN 0.001209 0.018598 0.002529 0.002803    G+U 14.297718 0.002782 13.847520 0.002212 13.262626           0.002202 12.686007           0.001460 12.382299 0.001276  0.450198 0.003554  0.584894           0.003121  0.576619           0.002642           0.303707           0.001939 10.348567 12.156226  9.067649 0.020248 0.027466 0.020369 0.350670  0.001807  0.292424   0.001464 0.317847  0.028256
52.157237 49.016252 5.752418 0.138010 22.370396  0.143818 -24.619066  0.124334 17.969357      1222.374242      1.523120 20.070055       128.054442     10.592429 16.615610      1790.251346     12.543970  1.353746        NaN       NaN 0.001353 0.089810 0.007608 0.007727    G+U 15.712713 0.005403 15.194150 0.004374 14.541435           0.004017 14.001151           0.003085 13.642237 0.002625  0.518563 0.006952  0.652715           0.005939  0.540284           0.005065           0.358914           0.004051 11.768609 13.869307 10.414862 0.052115 0.103827 0.052650 0.193540  0.002581  0.150953   0.002271 0.178385  0.035441
51.761148 48.783875 5.821067 0.042922 23.016925  0.046075 -25.518551  0.045869 15.529350     11566.628579      8.603265 16.933056      2302.474263     57.236317 14.343760     14509.565541     58.042454  1.185591  67.004590 23.840690 0.000808 0.026990 0.004343 0.004418    G+U 13.511252 0.001818 13.169664 0.001603 12.631656           0.001640 12.130629           0.001103 11.795404 0.000853  0.341588 0.002424  0.538009           0.002293  0.501027           0.001976           0.335224           0.001394  9.354363 10.758069  8.168773 0.016032 0.031382 0.016590 0.497544  0.001824  0.443925   0.002136 0.471817  0.028772
51.760241 48.838610 5.464395 0.196692 23.815765  0.194892 -24.945879  0.238313 16.614141      4258.827247     19.341370 18.458727       564.841337     14.012203 15.180715      6712.316287     15.891690  1.433427        NaN       NaN 0.004931 0.026934 0.002571 0.005561    G+U 14.239648 0.002491 13.726725 0.002047 13.120742           0.001982 12.606287           0.001396 12.246122 0.001086  0.512923 0.003224  0.605983           0.002849  0.514455           0.002424           0.360165           0.001768 10.301852 12.146438  8.868426 0.078318 0.082673 0.078205 0.357803  0.006368  0.294916   0.005114 0.304435  0.036200
51.894326 48.961811 5.931032 0.039174 23.761924  0.044043 -25.584979  0.042432 15.488787     12006.929768     10.087380 17.177880      1837.659585     11.822104 14.233630     16058.547192     35.656525  1.255157        NaN       NaN 0.000912 0.006985 0.002411 0.002578    G+U 13.387234 0.001759 12.942369 0.001412 12.353277           0.001417 11.828528           0.000944 11.514323 0.000784  0.444864 0.002256  0.589092           0.002000  0.524749           0.001702           0.314205           0.001227  9.354438 11.043531  8.099281 0.014371 0.015953 0.014544 0.485842  0.001095  0.424517   0.002380 0.439208  0.017029
51.854071 48.969827 5.880192 0.065595 23.517367  0.079688 -26.546347  0.080037 16.673834      4031.002437      4.483805 18.493414       547.080843     11.686856 15.388209      5544.652414     16.123108  1.285624        NaN       NaN 0.001208 0.023194 0.003157 0.003380    G+U 14.522529 0.003042 14.048798 0.002402 13.425473           0.002363 12.865403           0.001612 12.557289 0.001414  0.473731 0.003876  0.623324           0.003370  0.560070           0.002861           0.308114           0.002145 10.520791 12.340371  9.235166 0.024253 0.033537 0.024428 0.326233  0.002169  0.271729   0.001894 0.298395  0.030680
52.052602 49.141076 6.056730 0.084794 23.584349  0.085904 -27.244362  0.083055 17.193070      2498.727557      3.109393 19.038440       331.161849     13.254603 15.886220      3504.856866     20.329533  1.306849        NaN       NaN 0.001351 0.043456 0.006298 0.006441    G+U 15.022050 0.003874 14.509892 0.003016 13.897840           0.003008 13.359306           0.002693 13.036530 0.001797  0.512158 0.004910  0.612052           0.004259  0.538533           0.004038           0.322777           0.003238 11.104261 12.949631  9.797411 0.030430 0.053034 0.031046 0.255555  0.002185  0.211013   0.002156 0.240353  0.034300
50.969997 48.705224 5.664185 0.116603 23.280622  0.127872 -25.777987  0.095906 17.528337      1834.895789      1.875152 19.394888       238.485243      8.320100 16.234684      2542.640264     10.221123  1.293654        NaN       NaN 0.001110 0.037878 0.004365 0.004503    G+U 15.377536 0.004565 14.894393 0.003701 14.268948           0.003446 13.741422           0.002751 13.388223 0.002337  0.483143 0.005877  0.625445           0.005057  0.527526           0.004410           0.353199           0.003610 11.294024 13.160575 10.000371 0.044716 0.058592 0.044915 0.236106  0.002506  0.189770   0.002511 0.225033  0.029399
51.041246 48.765424 5.680764 0.060153 22.233144  0.066266 -24.469812  0.052646 16.225641      6091.021652     10.249194 17.879906       962.620063     13.360168 14.982335      8057.942830     44.041325  1.243306        NaN       NaN 0.001827 0.015069 0.005934 0.006209    G+U 14.185658 0.002549 13.757432 0.002102 13.154323           0.001999 12.612173           0.001440 12.300717 0.001181  0.428226 0.003303  0.603109           0.002901  0.542150           0.002464           0.311456           0.001863  9.997675 11.651940  8.754369 0.023066 0.027491 0.023747 0.402814  0.001884  0.335897   0.001788 0.373795  0.024544
51.345823 48.782163 5.368193 0.080169 21.722225  0.087116 -24.680335  0.085391 16.725397      3844.043289      4.082825 18.438093       575.677830      7.043335 15.463804      5171.738386     15.134622  1.261593        NaN       NaN 0.001153 0.013284 0.003177 0.003380    G+U 14.624970 0.003344 14.178098 0.002495 13.586106           0.002574 13.033633           0.001786 12.737347 0.001487  0.446872 0.004172  0.591991           0.003585  0.552473           0.003133           0.296287           0.002324 10.374538 12.087234  9.112945 0.032450 0.035044 0.032584 0.347677  0.002671  0.286883   0.002272 0.325992  0.023369
51.400675 48.932491 5.894104 0.066291 23.277338  0.073284 -26.035568  0.074929 16.629280      4199.859594      3.762207 18.398106       597.275783      8.461594 15.365546      5661.605070     14.159906  1.263734        NaN       NaN 0.000973 0.015382 0.002715 0.002884    G+U 14.509625 0.003050 14.051712 0.002446 13.487987           0.002476 12.904020           0.001678 12.604261 0.001497  0.457913 0.003910  0.563725           0.003481  0.583966           0.002991           0.299759           0.002249 10.481369 12.250195  9.217635 0.024442 0.028863 0.024573 0.331078  0.002083  0.273921   0.001845 0.309239  0.024962
50.888538 48.762079 5.860235 0.112631 22.590759  0.116970 -25.914862  0.101778 17.447890      1976.018515      2.428482 19.276382       265.989202      7.773691 16.174055      2688.661763     12.889515  1.273834        NaN       NaN 0.001334 0.031731 0.005205 0.005373    G+U 15.344045 0.004467 14.885501 0.003669 14.271270           0.003444 13.730821           0.002733 13.382731 0.002329  0.458544 0.005781  0.614231           0.005032  0.540449           0.004396           0.348089           0.003590 11.287465 13.115957 10.013630 0.041756 0.052428 0.042058 0.237186  0.002315  0.190306   0.002256 0.229507  0.027135
51.248347 49.029054 5.668693 0.059506 23.477522  0.067223 -25.483046  0.062589 16.324642      5560.190440      5.625939 17.919949       927.763360      7.631152 15.109715      7165.924044     16.536835  1.214927        NaN       NaN 0.001099 0.008931 0.002506 0.002736    G+U 14.382301 0.002850 13.909048 0.002304 13.325805           0.002367 12.784278           0.001633 12.526814 0.001240  0.473253 0.003665  0.583243           0.003303  0.541527           0.002875           0.257463           0.002050 10.092057 11.687364  8.877130 0.022821 0.024482 0.022932 0.390588  0.001932  0.322207   0.001869 0.371787  0.018340
51.296029 49.071131 5.984923 0.041127 23.874299  0.046210 -26.472294  0.043682 15.632759     10515.821886     14.187436 17.126947      1925.920142     13.598555 14.435665     13331.904214     57.814102  1.197094        NaN       NaN 0.001465 0.007666 0.004708 0.004931    G+U 13.645465 0.001949 13.237020 0.001594 12.691031           0.001624 12.116651           0.001279 11.964610 0.000947  0.408445 0.002518  0.545989           0.002275  0.574380           0.002067           0.152040           0.001591  9.518052 11.012240  8.320958 0.014994 0.016776 0.015647 0.471058  0.001154  0.403476   0.002340 0.445079  0.016198
51.263770 49.111656 5.812387 0.044098 23.481992  0.051834 -25.588224  0.048488 15.876030      8404.946338      9.024662 17.463707      1412.322217     13.818479 14.654338     10899.917705     36.852173  1.221692        NaN       NaN 0.001166 0.010623 0.003671 0.003852    G+U 13.870853 0.002175 13.444935 0.001765 12.877904           0.001785 12.306437           0.001423 12.020088 0.000976  0.425919 0.002801  0.567031           0.002510  0.571467           0.002282           0.286348           0.001725  9.697803 11.285480  8.476111 0.016516 0.019603 0.016879 0.446185  0.001357  0.379910   0.001840 0.414658  0.020029
51.252915 49.131296 5.811888 0.091276 23.191350  0.108072 -25.358277  0.097534 17.290460      2284.348777      2.601151 19.110130       310.002175      9.729851 16.009386      3128.987963     11.180975  1.281074        NaN       NaN 0.001236 0.034077 0.003880 0.004072    G+U 15.210485 0.004325 14.691445 0.003414 14.095196           0.003442 13.547081           0.002504 13.283504 0.001985  0.519040 0.005510  0.596250           0.004848  0.548115           0.004257           0.263577           0.003195 11.112046 12.931716  9.830972 0.034126 0.048211 0.034323 0.254089  0.002254  0.207754   0.002185 0.243593  0.030423
51.185840 49.286166 5.532799 0.037933 21.819499  0.039507 -23.734412  0.036964 15.659975     10255.494472      9.612710 17.102085      1970.529358     10.114557 14.485387     12735.131058     28.799248  1.174588        NaN       NaN 0.001018 0.005573 0.002455 0.002658    G+U 13.763050 0.002009 13.337456 0.001752 12.796591           0.001758 12.197475           0.001189 11.931793 0.000877  0.425594 0.002666  0.540865           0.002482  0.599115           0.002122           0.265682           0.001477  9.374699 10.816809  8.200111 0.014922 0.015897 0.015089 0.490228  0.000905  0.424593   0.002352 0.467220  0.013336
51.473565 49.016056 5.858098 0.139044 22.272769  0.176220 -25.471962  0.161575 17.969873      1221.792505      1.719983 19.885902       151.724530     10.291489 16.639513      1751.269951     10.549625  1.330360        NaN       NaN 0.001528 0.073646 0.006540 0.006717    G+U 15.755158 0.005515 15.214274 0.004605 14.613775           0.004324 14.082243           0.003412 13.743058 0.002938  0.540884 0.007185  0.600499           0.006317  0.531532           0.005508           0.339185           0.004502 11.808656 13.724685 10.478296 0.051563 0.089889 0.051954 0.192456  0.002454  0.149206   0.002041 0.186904  0.032122
51.807251 49.243329 5.928105 0.157222 22.600135  0.157178 -24.892045  0.150444 17.964085      1228.324666      1.919610 20.057749       129.514144      8.051535 16.631320      1764.532484      7.566083  1.332764        NaN       NaN 0.001697 0.067497 0.004655 0.004955    G+U 15.772874 0.005551 15.229349 0.004362 14.599116           0.004360 14.062237           0.004227 13.589639 0.002592  0.543525 0.007060  0.630233           0.006168  0.536880           0.006073           0.472598           0.004958 11.828664 13.922328 10.495899 0.057616 0.088727 0.057779 0.188594  0.002595  0.145403   0.002076 0.176668  0.029953
51.835074 49.279154 5.894149 0.120948 23.535683  0.110845 -26.578831  0.120873 17.800005      1428.713261      1.679779 19.796535       164.741435      6.536429 16.483800      2021.332545      9.200296  1.316204        NaN       NaN 0.001277 0.043079 0.004942 0.005104    G+U 15.687922 0.005322 15.142502 0.004111 14.500126           0.004184 13.948348           0.003809 13.618050 0.002714  0.545420 0.006725  0.642376           0.005865  0.551778           0.005658           0.330298           0.004677 11.652111 13.648641 10.335906 0.044577 0.061978 0.044832 0.202859  0.002281  0.156957   0.002262 0.192275  0.026080
51.320252 49.379251 5.913798 0.085375 24.205457  0.071485 -25.619081  0.071843 17.039343      2878.788601      3.152490 18.901217       375.777280      8.807669 15.757285      3946.791607      8.410761  1.282058        NaN       NaN 0.001189 0.025448 0.002314 0.002601    G+U 14.933283 0.003601 14.444621 0.002853 13.830260           0.002854 13.272200           0.002528 12.931205 0.001668  0.488662 0.004594  0.614361           0.004036  0.558061           0.003813           0.340995           0.003029 10.898675 12.760549  9.616617 0.031371 0.040378 0.031434 0.276103  0.002267  0.226861   0.002061 0.258616  0.028733
51.437863 49.468519 5.613266 0.076005 23.283856  0.064259 -25.011109  0.068591 16.962038      3091.230086      3.060405 18.802340       411.605756      8.006738 15.674965      4257.670843     12.065297  1.287073        NaN       NaN 0.001075 0.021120 0.003077 0.003259    G+U 14.841871 0.003389 14.309891 0.002717 13.728721           0.002739 13.155886           0.002408 12.800215 0.001516  0.531980 0.004344  0.581170           0.003858  0.572835           0.003647           0.355671           0.002846 10.708116 12.548418  9.421043 0.029422 0.036202 0.029563 0.299486  0.002238  0.246709   0.001985 0.277785  0.028000
51.652945 49.636811 5.815753 0.052219 24.093098  0.050300 -25.624887  0.050592 16.306187      5655.512340      8.925314 18.004236       858.464203     10.302809 15.039963      7641.400549     37.513744  1.266224        NaN       NaN 0.001713 0.013030 0.005330 0.005599    G+U 14.256048 0.002486 13.760951 0.002015 13.185738           0.002038 12.601442           0.001667 12.390243 0.001194  0.495097 0.003200  0.575213           0.002866  0.584295           0.002633           0.211200           0.002051 10.129217 11.827266  8.862993 0.019573 0.023451 0.020213 0.383520  0.001700  0.316789   0.001421 0.353258  0.023260
52.391700 48.981757 5.653722 0.088077 22.658030  0.081333 -25.746125  0.078000 17.241867      2388.908931      2.258009 19.081140       318.391158      8.340505 15.943778      3323.892722      9.558613  1.298089        NaN       NaN 0.001026 0.028442 0.003122 0.003287    G+U 15.111080 0.003963 14.614955 0.003214 14.006825           0.003057 13.471408           0.002222 13.126642 0.001857  0.496125 0.005103  0.608129           0.004435  0.535418           0.003779           0.344766           0.002896 11.003539 12.842812  9.705450 0.033844 0.044196 0.033972 0.265635  0.002364  0.217688   0.002109 0.249936  0.029111
52.378903 49.050059 5.727795 0.092094 23.403452  0.082838 -26.606977  0.088781 17.195500      2493.143877      5.566158 19.148321       299.287631      6.009834 15.879539      3526.490609     24.038176  1.315961        NaN       NaN 0.002424 0.021802 0.007401 0.007788    G+U 14.950324 0.003681 14.421890 0.002865 13.765020           0.002812 13.213858           0.002424 12.841679 0.001621  0.528434 0.004664  0.656870           0.004015  0.551163           0.003713           0.372179           0.002916 10.985437 12.938258  9.669476 0.034998 0.041162 0.035690 0.263550  0.002328  0.214556   0.002113 0.241214  0.025520
52.520155 49.259713 5.839748 0.037630 23.342257  0.033453 -26.956382  0.035668 15.650331     10347.006397     13.700247 17.096796      1980.153066     20.733797 14.465851     12966.349501     49.704258  1.184480   6.512064  4.995423 0.001438 0.011369 0.004162 0.004403    G+U 13.705843 0.002013 13.314885 0.001643 12.739911           0.001686 12.164253           0.001280 11.784144 0.000871  0.390958 0.002599  0.574974           0.002354  0.575658           0.002117           0.380109           0.001548  9.482302 10.928767  8.297822 0.014066 0.018029 0.014598 0.478180  0.001195  0.417557   0.002432 0.454360  0.019159
52.409183 49.333507 5.760271 0.057410 21.937915  0.054986 -25.746195  0.059191 16.399576      5189.390255      3.726708 18.216312       706.141609      8.393226 15.113916      7138.249579     20.397291  1.285660        NaN       NaN 0.000780 0.012905 0.003102 0.003199    G+U 14.316048 0.002680 13.793901 0.002061 13.169742           0.002073 12.644674           0.001672 12.331571 0.001184  0.522146 0.003381  0.624160           0.002923  0.525067           0.002663           0.313104           0.002049 10.201790 12.018526  8.916130 0.021656 0.025198 0.021863 0.368675  0.001834  0.304364   0.001338 0.332111  0.024077
52.276569 49.320126 5.854574 0.048427 22.839146  0.044386 -25.660780  0.046697 16.054457      7131.219085      4.589396 17.678505      1158.818052      6.907032 14.815484      9396.468635     16.812492  1.238973        NaN       NaN 0.000699 0.006471 0.001943 0.002064    G+U 14.004725 0.002348 13.589483 0.001879 13.011773           0.001900 12.459610           0.001559 12.124528 0.001011  0.415242 0.003008  0.577710           0.002672  0.552163           0.002458           0.335082           0.001858  9.891933 11.515981  8.652960 0.017975 0.019092 0.018066 0.417028  0.001478  0.348453   0.001734 0.388511  0.015957
52.126319 49.389719 6.109684 0.147602 23.321149  0.134787 -26.159076  0.147758 17.956133      1237.352079      1.670042 19.942532       144.013806      7.089141 16.632504      1762.613039      9.075304  1.323629        NaN       NaN 0.001465 0.053446 0.005590 0.005779    G+U 15.738484 0.005635 15.201190 0.004334 14.572217           0.004365 14.033772           0.004339 13.700728 0.002748  0.537294 0.007109  0.628973           0.006151  0.538444           0.006155           0.333044           0.005136 11.886227 13.872626 10.562598 0.052481 0.074890 0.052757 0.186397  0.002272  0.143075   0.001853 0.179449  0.026243
52.300299 49.397137 5.696595 0.100731 23.017532  0.091262 -25.119249  0.093075 17.377468      2108.429733      2.292935 19.214577       281.570048      9.126045 16.094355      2893.454535      8.790426  1.283114        NaN       NaN 0.001181 0.035190 0.003299 0.003503    G+U 15.276135 0.004247 14.750603 0.003319 14.121468           0.003381 13.599747           0.003021 13.309526 0.002198  0.525533 0.005390  0.629135           0.004738  0.521721           0.004534           0.290220           0.003736 11.155545 12.992654  9.872432 0.038415 0.052084 0.038539 0.249326  0.002350  0.202878   0.002237 0.238573  0.030306
52.310433 49.413522 5.867255 0.065947 23.620250  0.064209 -27.016915  0.062777 16.684082      3993.137510      3.059643 18.662520       468.175761     10.624427 15.365937      5659.568274      9.773165  1.318145        NaN       NaN 0.000832 0.024639 0.001875 0.002051    G+U 14.490473 0.002868 13.948168 0.002196 13.305757           0.002187 12.780739           0.001783 12.538766 0.001337  0.542305 0.003612  0.642411           0.003099  0.525018           0.002821           0.241973           0.002229 10.526257 12.504695  9.208112 0.024421 0.034681 0.024479 0.321930  0.002176  0.268348   0.001915 0.280168  0.032147
52.150185 49.419247 5.681127 0.050746 22.593874  0.045409 -25.368380  0.047605 16.066536      7052.324324     16.100328 17.678087      1159.262376     19.177834 14.823709      9325.545919     68.724660  1.242827        NaN       NaN 0.002479 0.017961 0.008001 0.008376    G+U 13.978428 0.002280 13.554575 0.001820 12.978260           0.001854 12.427703           0.001513 12.077412 0.000980  0.423853 0.002917  0.576315           0.002598  0.550557           0.002393           0.350291           0.001803  9.838708 11.450259  8.595882 0.019554 0.026435 0.020982 0.427648  0.001823  0.361875   0.001986 0.395103  0.026429
52.877835 49.342334 5.703722 0.048516 22.267958  0.043971 -25.845986  0.049224 16.072773      7011.931687      5.690518 17.773739      1061.503506      8.658138 14.824330      9320.218331     23.224377  1.248443        NaN       NaN 0.000881 0.008856 0.002705 0.002845    G+U 13.923391 0.002401 13.515632 0.001980 12.974136           0.001949 12.377062           0.001350 12.185811 0.001161  0.407760 0.003112  0.541495           0.002778  0.597074           0.002371           0.191251           0.001780  9.853565 11.554531  8.605122 0.018491 0.020484 0.018668 0.419509  0.001557  0.351674   0.001879 0.384451  0.019219
52.842855 49.441010 6.020707 0.113137 22.939351  0.103051 -25.745499  0.111268 17.859330      1352.742743      1.637261 19.882730       152.168547      7.680984 16.533697      1930.542061     10.251655  1.325632        NaN       NaN 0.001314 0.054805 0.005766 0.005913    G+U 15.569303 0.005518 15.066582 0.004525 14.471926           0.004314 13.907565           0.003250 13.407222 0.002473  0.502721 0.007136  0.594656           0.006252  0.564361           0.005401           0.500343           0.004084 11.757567 13.780967 10.431934 0.040826 0.068327 0.041210 0.194514  0.001957  0.150689   0.001706 0.184378  0.027987
52.818914 49.550836 5.789816 0.030303 22.346800  0.028446 -25.910465  0.030306 15.359313     13527.621324      8.502122 16.772010      2670.621682      8.712733 14.193732     16659.623464     22.748910  1.165581 -37.381474  5.576442 0.000682 0.003542 0.001483 0.001632    G+U 13.370789 0.001764 13.044278 0.001545 12.510194           0.001487 11.909598           0.001069 11.687338 0.000876  0.326510 0.002345  0.534084           0.002145  0.600595           0.001831           0.222260           0.001382  9.172637 10.585334  8.007056 0.011386 0.011904 0.011461 0.514409  0.000682  0.456279   0.002074 0.492189  0.010324
53.202260 49.685939 5.541613 0.059004 21.666777  0.057109 -24.810764  0.058106 16.698526      3940.362331      3.127902 18.368807       613.612363      8.537992 15.449605      5239.817957     14.753198  1.248921        NaN       NaN 0.000862 0.015107 0.003057 0.003176    G+U 14.585350 0.003111 14.188997 0.002855 13.637726           0.002709 13.061964           0.001952 12.618444 0.001564  0.396353 0.004222  0.551271           0.003936  0.575762           0.003339           0.443520           0.002501 10.416707 12.086988  9.167786 0.023137 0.027619 0.023322 0.343970  0.001993  0.285044   0.001795 0.326693  0.024290
52.633390 49.717619 5.840575 0.092039 22.801839  0.077292 -26.175780  0.086520 17.107578      2703.430550      2.495549 19.213022       281.973338      8.471556 15.720458      4082.958035      9.873104  1.387120        NaN       NaN 0.001002 0.032620 0.002625 0.002810    G+U 14.734725 0.003548 14.167191 0.002807 13.550526           0.002664 13.001727           0.001921 12.456320 0.001379  0.567534 0.004524  0.616666           0.003870  0.548799           0.003285           0.545407           0.002365 10.939856 13.045300  9.552736 0.034234 0.047276 0.034320 0.268469  0.002476  0.220932   0.002248 0.227993  0.030947
52.579092 49.726219 5.275115 0.176698 23.354102  0.149385 -25.799843  0.176329 16.948502      3130.012597     11.125512 18.808290       409.355859      7.065532 15.515511      4931.213587     11.650596  1.432991        NaN       NaN 0.003859 0.018740 0.002565 0.004634    G+U 14.647431 0.003049 14.135582 0.002409 13.467978           0.002342 12.931721           0.001899 12.522244 0.001288  0.511849 0.003886  0.667604           0.003360  0.536257           0.003015           0.409477           0.002294 10.559662 12.419450  9.126671 0.072839 0.075112 0.072782 0.321260  0.005700  0.263555   0.004983 0.277283  0.028574
52.890863 49.867139 5.713042 0.127489 23.079714  0.116469 -26.433435  0.116405 17.873184      1335.590080      1.720921 19.859758       155.422453      7.911618 16.545849      1909.054576      9.640337  1.327335        NaN       NaN 0.001399 0.055268 0.005483 0.005658    G+U 15.593366 0.005528 15.098111 0.004689 14.484053           0.004465 13.914913           0.003348 13.695451 0.003168  0.495255 0.007249  0.614058           0.006475  0.569140           0.005581           0.219462           0.004610 11.657521 13.644095 10.330186 0.048478 0.073503 0.048767 0.202915  0.002542  0.157792   0.002565 0.191896  0.029539
52.961212 49.987287 5.737859 0.082502 22.967828  0.072797 -26.079591  0.080105 16.689285      3974.041431      3.665954 18.492527       547.527872      8.659679 15.415600      5406.527536     13.087596  1.273686        NaN       NaN 0.001002 0.017172 0.002628 0.002813    G+U 14.614646 0.002932 14.122952 0.002317 13.501429           0.002293 12.925427           0.001820 12.658011 0.001467  0.491694 0.003737  0.621524           0.003260  0.576001           0.002927           0.267416           0.002337 10.483034 12.286276  9.209349 0.031239 0.035633 0.031333 0.329342  0.002617  0.271977   0.002317 0.304908  0.026630
52.037768 49.720554 5.750531 0.070257 22.073483  0.059330 -25.198495  0.069883 16.230644      6063.021121      4.174291 17.887333       956.056752      8.390022 14.996419      7954.094875     13.056773  1.234225        NaN       NaN 0.000748 0.009528 0.001782 0.001933    G+U 14.181685 0.002421 13.756479 0.001982 13.171139           0.001975 12.595963           0.001611 12.273498 0.001113  0.425206 0.003129  0.585341           0.002798  0.575175           0.002549           0.322466           0.001958 10.029184 11.685873  8.794959 0.026541 0.028189 0.026590 0.397016  0.002173  0.328216   0.002214 0.371020  0.019557
51.761587 49.686223 5.712312 0.063421 23.584659  0.055292 -25.581248  0.057880 16.632917      4185.811231      2.802546 18.397170       597.790553      8.727275 15.371918      5628.479809     11.283588  1.261000        NaN       NaN 0.000727 0.015851 0.002177 0.002295    G+U 14.571982 0.002892 14.100188 0.002385 13.515772           0.002413 12.946479           0.002040 12.590396 0.001348  0.471794 0.003748  0.584416           0.003393  0.569293           0.003160           0.356083           0.002445 10.416977 12.181230  9.155978 0.024120 0.028853 0.024207 0.340333  0.002073  0.281987   0.001860 0.316671  0.025546
51.958818 49.905175 5.988743 0.035680 24.222656  0.029525 -26.330957  0.031948 15.399414     13037.103999      9.318086 16.847666      2490.869188     12.128139 14.219303     16271.853732     26.124704  1.180111        NaN       NaN 0.000776 0.005286 0.001743 0.001908    G+U 13.387791 0.001962 13.032039 0.001530 12.525717           0.001626 11.906651           0.001095 11.687139 0.000821  0.355752 0.002488  0.506322           0.002233  0.619066           0.001960           0.219512           0.001369  9.286092 10.734344  8.105981 0.012960 0.013976 0.013054 0.502103  0.001269  0.437666   0.002152 0.475707  0.012984
51.952406 49.904986 6.045699 0.051307 24.083773  0.043432 -26.176055  0.046639 16.205542      6204.829950      7.172894 17.945517       906.170836      8.633931 14.952531      8282.201520     20.694849  1.253011        NaN       NaN 0.001255 0.010345 0.002713 0.002989    G+U 14.037918 0.002680 13.608123 0.002030 13.075521           0.002134 12.464848           0.001483 12.325582 0.001155  0.429795 0.003362  0.532601           0.002945  0.610674           0.002599           0.139266           0.001880 10.112775 11.852750  8.859764 0.018471 0.021133 0.018627 0.382872  0.001564  0.316145   0.001177 0.352275  0.020940
52.679377 49.939764 5.850077 0.103792 23.050992  0.097384 -25.105049  0.098926 17.411352      2043.647106      2.158962 19.243433       274.184970      9.959953 16.090870      2902.755995     10.161229  1.320482        NaN       NaN 0.001147 0.039440 0.003801 0.003970    G+U 15.172042 0.004803 14.668987 0.003566 14.093928           0.003743 13.500092           0.002699 13.165868 0.001951  0.503055 0.005982  0.575059           0.005169  0.593837           0.004615           0.334224           0.003331 11.247160 13.079241  9.926678 0.038543 0.055134 0.038713 0.242044  0.002285  0.196372   0.002242 0.229072  0.030648
52.304178 50.134657 5.668534 0.033038 21.852590  0.027380 -25.030996  0.030758 15.358690     13535.387018     10.191526 16.746645      2733.749021     17.171844 14.200080     16562.517246     33.401820  1.158610        NaN       NaN 0.000818 0.006820 0.002190 0.002337    G+U 13.368436 0.001974 13.034767 0.001553 12.539082           0.001682 11.901084           0.001094 11.625352 0.000787  0.333669 0.002512  0.495686           0.002290  0.637998           0.002007           0.275732           0.001348  9.126044 10.513999  7.967434 0.012682 0.014377 0.012844 0.520029  0.000738  0.462357   0.002059 0.499839  0.014020
50.635492 49.187633 5.791337 0.107330 23.084746  0.130584 -25.893942  0.113491 17.661850      1622.582438      2.302736 19.667240       185.575590      6.265104 16.307259      2378.235410     14.838598  1.354591        NaN       NaN 0.001541 0.036655 0.006774 0.006947    G+U 15.448172 0.004893 14.867369 0.003647 14.252747           0.003629       NaN -1000000000.000000 13.355092 0.002170  0.580803 0.006102  0.614622           0.005144       NaN -1000000000.000000 -1000000000.000000 -1000000000.000000 11.475744 13.481134 10.121153 0.040273 0.054435 0.040810 0.218568  0.002217  0.172613   0.002195 0.200151  0.025909
50.636680 49.187855 5.619415 0.051791 22.996787  0.061813 -25.527505  0.056673 16.330843      5528.528197     10.213719 17.992603       867.711438     14.240773 15.088656      7306.268488     37.996075  1.242187        NaN       NaN 0.002006 0.017819 0.005646 0.005992      G       NaN      NaN       NaN      NaN       NaN                NaN       NaN                NaN       NaN      NaN       NaN      NaN       NaN                NaN       NaN                NaN                NaN                NaN 10.079298 11.741058  8.837111 0.020114 0.026796 0.020795 0.392277  0.001866  0.326745   0.001876 0.364377  0.026648
50.940642 49.331188 5.546080 0.047333 22.067074  0.052107 -24.486723  0.052592 15.741385      9514.649770      8.101989 17.220907      1766.256802     13.796845 14.545015     12054.584458     23.010670  1.196369        NaN       NaN 0.000925 0.008481 0.002073 0.002269    G+U 13.806912 0.002052 13.404425 0.001795 12.833376           0.001775 12.259208           0.001215 11.942362 0.000878  0.402488 0.002726  0.571049           0.002524  0.574168           0.002151           0.316846           0.001499  9.461315 10.940838  8.264946 0.018555 0.020381 0.018648 0.479029  0.001461  0.415344   0.004710 0.452604  0.016920
51.021408 49.404388 5.942815 0.130242 22.995607  0.127546 -24.435790  0.136592 17.921590      1277.350453      1.860467 19.999249       136.683909      9.742370 16.595724      1823.343862      7.939439  1.325867        NaN       NaN 0.001581 0.077388 0.004728 0.004985    G+U 15.744975 0.005444 15.174338 0.004392 14.553311           0.004154 14.020692           0.003365 13.649498 0.002514  0.570637 0.006995  0.621027           0.006045  0.532620           0.005346           0.371194           0.004201 11.791551 13.869210 10.465685 0.047616 0.090849 0.047824 0.191295  0.002305  0.148799   0.001900 0.179752  0.032682
50.607439 49.201698 5.731744 0.103803 24.007770  0.125140 -25.281077  0.109312 17.562807      1777.559526      2.374463 19.459328       224.742786     10.084660 16.216970      2584.463096     14.229498  1.345837        NaN       NaN 0.001450 0.048719 0.005978 0.006151    G+U 15.377327 0.004698 14.823617 0.003561 14.182981           0.003498 13.621336           0.002599 13.273077 0.002053  0.553710 0.005895  0.640636           0.004992  0.561645           0.004358           0.348259           0.003312 11.354241 13.250762 10.008404 0.039353 0.062611 0.039778 0.231738  0.002328  0.187252   0.002288 0.215294  0.032104
50.520039 49.198357 5.693913 0.065197 24.001854  0.071360 -25.389411  0.068792 16.723953      3849.152658      3.697637 18.504269       541.638619      7.904823 15.453566      5220.738164     10.642318  1.270388        NaN       NaN 0.001043 0.015846 0.002213 0.002447    G+U 14.625366 0.003136 14.155840 0.002528 13.551044           0.002558 13.011319           0.001767 12.735235 0.001379  0.469526 0.004029  0.604795           0.003597  0.539725           0.003109           0.276084           0.002241 10.501007 12.281323  9.230620 0.024886 0.029484 0.024962 0.328173  0.002113  0.271469   0.001857 0.305504  0.025327
50.441283 49.374366 5.658399 0.087220 21.651837  0.113298 -24.269481  0.089614 17.013950      2946.910482      3.045588 18.972440       351.917115      5.492364 15.694200      4182.908452     14.504910  1.319751        NaN       NaN 0.001122 0.016945 0.003765 0.003929    G+U 14.848685 0.003406 14.315375 0.002793 13.666951           0.002632 13.115188           0.001925 12.750522 0.001358  0.533310 0.004405  0.648424           0.003838  0.551764           0.003260           0.364666           0.002356 10.777418 12.735908  9.457668 0.033490 0.037516 0.033683 0.286570  0.002371  0.234446   0.002106 0.258299  0.024606
50.844838 49.494211 5.786480 0.039679 23.453774  0.038304 -25.246209  0.041332 15.483871     12061.423952     17.342173 16.946415      2274.316041     19.012160 14.294634     15181.152239     57.846270  1.189237        NaN       NaN 0.001561 0.009076 0.004137 0.004422    G+U 13.508721 0.001834 13.130180 0.001533 12.579276           0.001571 12.012644           0.001049 11.718832 0.000833  0.378541 0.002391  0.550904           0.002195  0.566632           0.001890           0.293812           0.001339  9.295943 10.758487  8.106706 0.014972 0.017438 0.015454 0.500729  0.001666  0.437673   0.002157 0.472575  0.017175
50.737794 49.505366 5.864598 0.097930 23.230797  0.093979 -24.673461  0.097608 17.427322      2013.805012      2.275360 19.397726       237.862791     10.280691 16.098776      2881.692739      7.970008  1.328547        NaN       NaN 0.001227 0.046927 0.003003 0.003244    G+U 15.167217 0.004110 14.660961 0.003213 14.009645           0.003120 13.459966           0.002289 13.079185 0.001835  0.506256 0.005217  0.651317           0.004479  0.549679           0.003870           0.380781           0.002934 11.268513 13.238917  9.939967 0.036281 0.059304 0.036385 0.237582  0.002192  0.193344   0.002159 0.217561  0.032591
50.777050 49.634687 5.869496 0.043617 23.831597  0.039929 -25.387735  0.045518 15.845171      8647.257323      5.573335 17.303625      1636.691392     16.295410 14.632247     11123.957783     24.271944  1.212924        NaN       NaN 0.000700 0.010810 0.002369 0.002470    G+U 13.873719 0.002178 13.490463 0.001803 12.917668           0.001838 12.337956           0.001248 12.025690 0.000985  0.383256 0.002828  0.572795           0.002575  0.579712           0.002221           0.312266           0.001589  9.688175 11.146629  8.475251 0.016152 0.019423 0.016309 0.452495  0.001244  0.385265   0.001803 0.428415  0.019128
51.282892 49.467661 5.695481 0.079256 22.507370  0.070126 -24.160780  0.069644 17.043446      2867.927596      2.963447 18.786880       417.507568      5.440519 15.789107      3832.790534     12.455464  1.254338        NaN       NaN 0.001122 0.014148 0.003528 0.003702    G+U 14.983578 0.003622 14.475072 0.002947 13.881751           0.002979 13.326745           0.002750 12.998897 0.001728  0.508506 0.004669  0.593321           0.004190  0.555006           0.004055           0.327848           0.003248 10.821098 12.564532  9.566759 0.030238 0.033366 0.030423 0.287976  0.002133  0.235421   0.001901 0.278201  0.022042
51.618577 49.691340 5.894051 0.086340 23.722963  0.077678 -26.070209  0.079645 15.665785     10200.766556     11.203050 17.335512      1589.322388     11.467356 14.387455     13937.219736     29.251950  1.278330        NaN       NaN 0.001192 0.007834 0.002279 0.002572    G+U 13.584825 0.001785 13.079926 0.001428 12.485082           0.001461 11.903213           0.001123 11.565914 0.000745  0.504898 0.002286  0.594845           0.002043  0.581869           0.001843           0.337298           0.001348  9.517854 11.187581  8.239524 0.031831 0.032759 0.031891 0.465188  0.002331  0.397160   0.002489 0.421076  0.018367
51.335367 49.717451 5.922871 0.043780 24.144509  0.041277 -26.444273  0.048452 15.421505     12774.523529      8.983066 17.152580      1880.982645     10.963097 14.152027     17312.005800     21.048512  1.269478        NaN       NaN 0.000763 0.006328 0.001320 0.001525      G       NaN      NaN       NaN      NaN       NaN                NaN       NaN                NaN       NaN      NaN       NaN      NaN       NaN                NaN       NaN                NaN                NaN                NaN  9.284167 11.015242  8.014689 0.016069 0.017253 0.016105 0.491875  0.000955  0.431242   0.002216 0.441398  0.016554
51.450039 49.776205 5.964606 0.090557 23.451588  0.087155 -26.314515  0.094370 17.233856      2406.603699      3.993897 19.187360       288.717314      6.586486 15.932027      3360.064146     18.404879  1.301829        NaN       NaN 0.001802 0.024769 0.005947 0.006214    G+U 15.061106 0.003784 14.541042 0.003020 13.958455           0.003087 13.382960           0.002723 13.249362 0.002036  0.520063 0.004841  0.582587           0.004318  0.575495           0.004116           0.133598           0.003400 11.111765 13.065269  9.809936 0.033017 0.041236 0.033500 0.250446  0.001986  0.203168   0.001933 0.232144  0.025631
50.945006 49.628510 5.672712 0.068443 22.902834  0.063524 -24.448179  0.067902 16.336310      5500.764732      8.507751 17.837942      1000.553199     30.245428 15.003694      7900.976528     34.922370  1.332616        NaN       NaN 0.001679 0.032820 0.004799 0.005084      G       NaN      NaN       NaN      NaN       NaN                NaN       NaN                NaN       NaN      NaN       NaN      NaN       NaN                NaN       NaN                NaN                NaN                NaN 10.105264 11.606896  8.772648 0.026253 0.041995 0.026635 0.399908  0.002414  0.337175   0.002351 0.368125  0.035247
50.951503 49.638338 5.683237 0.063446 22.686040  0.056465 -25.606804  0.059936 16.559519      4478.565454      4.338891 18.248434       685.556245      8.314019 15.311700      5949.471660     18.191877  1.247819        NaN       NaN 0.001052 0.013167 0.003320 0.003483    G+U 14.503105 0.002866 14.060716 0.002390 13.469796           0.002431 12.920036           0.001696 12.588022 0.001299  0.442389 0.003732  0.590920           0.003409  0.549760           0.002964           0.332014           0.002137 10.332498 12.021413  9.084679 0.024264 0.027587 0.024468 0.354459  0.002038  0.293281   0.001782 0.334037  0.022997
50.402097 49.388464 6.003859 0.076311 23.823621  0.097217 -26.176168  0.077982 17.012423      2951.055985      4.945809 18.851696       393.313341     10.172251 15.722617      4074.845709     20.580960  1.289805        NaN       NaN 0.001820 0.028080 0.005484 0.005778    G+U 14.888124 0.003477 14.384049 0.002891 13.747849           0.002736 13.248082           0.002082 12.930292 0.001515  0.504075 0.004522  0.636200           0.003981  0.499767           0.003438           0.317790           0.002575 10.904575 12.743848  9.614769 0.027660 0.039374 0.028140 0.276994  0.002083  0.228596   0.001904 0.259310  0.030071
50.701763 49.656335 5.501274 0.032456 22.568976  0.031446 -23.564929  0.031503 15.344355     13715.283336     18.666690 16.758482      2704.107989     23.861890 14.176946     16919.204335     55.325623  1.167409 -16.000650  7.569084 0.001478 0.009581 0.003550 0.003846    G+U 13.422969 0.001746 13.043948 0.001452 12.505529           0.001507 11.893900           0.000995 11.594701 0.000780  0.379021 0.002271  0.538419           0.002093  0.611630           0.001806           0.299199           0.001265  9.046672 10.460799  7.879263 0.012896 0.015998 0.013294 0.527346  0.000753  0.474418   0.002052 0.505213  0.016757
50.671192 49.679251 5.789486 0.061706 24.243331  0.058497 -25.438775  0.056951 16.486244      4791.251483      4.742700 18.005602       857.385467     20.313854 15.187968      6667.621117     27.566677  1.298276        NaN       NaN 0.001075 0.025724 0.004489 0.004616    G+U 14.411509 0.002809 13.964685 0.002253 13.352559           0.002256 12.779845           0.001570 12.498636 0.001289  0.446823 0.003600  0.612126           0.003188  0.572714           0.002748           0.281209           0.002031 10.299444 11.818802  9.001168 0.023169 0.034603 0.023575 0.369393  0.002132  0.307453   0.001533 0.348742  0.030835
50.311814 49.681623 5.572420 0.089396 22.581452  0.090634 -24.246827  0.098703 16.997170      2992.809104      3.806605 18.731174       439.487932     13.189468 15.718916      4088.761694     12.929928  1.278254        NaN       NaN 0.001381 0.032584 0.003433 0.003701    G+U 14.890471 0.003510 14.422870 0.002935 13.809174           0.002929 13.224735           0.002061 12.919061 0.001581  0.467602 0.004575  0.613696           0.004147  0.584438           0.003581           0.305675           0.002598 10.727389 12.461393  9.449135 0.034864 0.047700 0.035005 0.301196  0.002763  0.249409   0.002458 0.286092  0.034151
50.132414 49.666474 5.638004 0.073930 23.310368  0.073599 -24.664835  0.079442 16.934515      3170.596036      3.410420 18.698626       452.862892      6.901145 15.671789      4270.143321     11.916642  1.262726        NaN       NaN 0.001168 0.016545 0.003030 0.003247    G+U 14.807811 0.003402 14.369007 0.002804 13.793635           0.002843 13.207957           0.002040 12.884872 0.001627  0.438804 0.004408  0.575372           0.003993  0.585678           0.003499           0.323085           0.002609 10.690142 12.454253  9.427416 0.028498 0.032932 0.028635 0.303315  0.002153  0.249269   0.001910 0.288487  0.024743
50.259892 49.784198 5.457485 0.044777 22.756747  0.041245 -24.073389  0.047857 15.609639     10742.143399     10.853366 17.269417      1689.080142     15.363678 14.361832     14270.055638     35.890167  1.247807  57.701637  6.089846 0.001097 0.009876 0.002731 0.002943    G+U 13.606571 0.001850 13.130126 0.001562 12.535267           0.001511 11.967323           0.001055 11.666124 0.000766  0.476445 0.002421  0.594859           0.002173  0.567944           0.001843           0.301199           0.001304  9.294602 10.954380  8.046795 0.017850 0.020370 0.018024 0.493887  0.001279  0.431294   0.002228 0.449188  0.019931
50.409879 49.815405 5.876893 0.057739 24.252055  0.054334 -25.736725  0.059767 15.769719      9269.555556      7.844445 17.305176      1634.356706      8.341286 14.553368     11962.204021     28.256070  1.216352        NaN       NaN 0.000919 0.005541 0.002565 0.002724    G+U 13.780489 0.001995 13.405917 0.001782 12.833991           0.001743 12.242661           0.001207 12.003037 0.000919  0.374572 0.002676  0.571926           0.002493  0.591330           0.002120           0.239625           0.001517  9.615458 11.150915  8.399107 0.021354 0.022042 0.021488 0.457171  0.001524  0.390298   0.002262 0.428972  0.014272
50.537849 49.847859 5.477998 0.051765 21.840204  0.046604 -23.839649  0.050725 16.268003      5857.948213      6.205496 17.875727       966.332007     11.118369 15.042647      7622.531754     21.033897  1.225356        NaN       NaN 0.001150 0.012492 0.002996 0.003209    G+U 14.248985 0.002485 13.816556 0.002170 13.243003           0.002108 12.667346           0.001507 12.375503 0.001137  0.432429 0.003299  0.573553           0.003026  0.575657           0.002592           0.291843           0.001888  9.961112 11.568836  8.735756 0.020552 0.024023 0.020737 0.408795  0.001657  0.341760   0.001777 0.383824  0.021850
50.857402 49.936870 5.864301 0.080980 22.539748  0.073504 -24.528910  0.069295 16.932650      3176.046610      2.584485 18.721855       443.276936      8.887158 15.653902      4341.077507     12.183560  1.278748        NaN       NaN 0.000884 0.021768 0.003047 0.003173    G+U 14.710606 0.003519 14.263891 0.002710 13.704481           0.002694 13.145993           0.002142 12.821249 0.001167  0.446714 0.004441  0.559410           0.003821  0.558488           0.003442           0.324744           0.002440 10.773731 12.562936  9.494983 0.029999 0.037054 0.030140 0.293122  0.002246  0.241208   0.002017 0.276680  0.027750
51.145530 50.234607 5.831946 0.129787 22.786145  0.112597 -25.068691  0.133316 17.886911      1318.809755      1.494786 20.268097       106.703310      4.346772 16.498201      1994.698785      7.275723  1.388710        NaN       NaN 0.001231 0.044230 0.003960 0.004147    G+U 15.479647 0.005268 14.876102 0.003841 14.236776           0.003561 13.695946           0.003135 13.286346 0.001581  0.603544 0.006520  0.639326           0.005238  0.540831           0.004744           0.409599           0.003511 11.715979 14.097165 10.327269 0.048341 0.065510 0.048487 0.191907  0.002115  0.147328   0.001699 0.165592  0.024261
50.903481 50.105864 5.982500 0.112534 23.253691  0.099811 -25.462077  0.113646 17.515753      1856.288514      1.884935 19.438372       229.122701      7.614454 16.213854      2591.891766     10.460388  1.301899        NaN       NaN 0.001102 0.036082 0.004382 0.004518    G+U 15.294012 0.004702 14.804472 0.003721 14.215503           0.003487 13.674765           0.003107 13.313993 0.001597  0.489540 0.005997  0.588969           0.005100  0.540738           0.004671           0.360771           0.003494 11.400166 13.322785 10.098267 0.040861 0.054501 0.041081 0.225604  0.002246  0.179495   0.002317 0.213290  0.027048
50.760083 50.317472 5.541308 0.108492 23.167486  0.097048 -24.867029  0.111985 17.542294      1811.461434      1.906876 19.781326       167.065452      5.142319 16.186787      2657.319282      9.514930  1.355507        NaN       NaN 0.001143 0.033419 0.003888 0.004052    G+U 15.160713 0.004652 14.655354 0.003299 14.018761           0.003203 13.444420           0.002682 13.087218 0.001354  0.505360 0.005703  0.636593           0.004598  0.574341           0.004178           0.357202           0.003004 11.260355 13.499387  9.904848 0.042530 0.054077 0.042692 0.230768  0.002316  0.184675   0.002405 0.199438  0.026531
50.924870 50.462752 5.775179 0.028854 23.801676  0.026261 -25.500897  0.032566 15.306810     14197.855683      6.811579 16.673012      2925.581947      8.992788 14.161420     17162.888554     22.182528  1.145390  15.263770  8.762715 0.000521 0.003337 0.001403 0.001497    G+U 13.302712 0.001723 13.008393 0.001495 12.494017           0.001452 11.954453           0.001056 11.619072 0.000606  0.294319 0.002281  0.514377           0.002084  0.539564           0.001795           0.335381           0.001217  9.114637 10.480839  7.969247 0.010861 0.011351 0.010939 0.521032  0.000632  0.462356   0.002058 0.503998  0.009656
51.550492 49.874502 5.469595 0.072433 21.475580  0.067126 -24.882183  0.079259 16.899363      3274.925975      2.612316 18.684597       458.752458      7.150008 15.629194      4440.995674      8.814259  1.270168        NaN       NaN 0.000866 0.016922 0.002155 0.002322    G+U 14.789540 0.003267 14.295697 0.002637 13.704172           0.002665 13.149033           0.002293 12.868736 0.001585  0.493843 0.004198  0.591525           0.003749  0.555140           0.003515           0.280296           0.002787 10.589139 12.374373  9.318970 0.028770 0.033366 0.028837 0.315726  0.002329  0.260409   0.002088 0.296045  0.025741
51.670473 49.959540 5.861398 0.045684 23.457623  0.039839 -25.655211  0.043278 16.010366      7426.771709      9.811934 17.625069      1217.276470     11.347995 14.786075      9654.468064     29.107424  1.224292        NaN       NaN 0.001434 0.010122 0.003273 0.003574    G+U 13.944575 0.002520 13.550571 0.002008 12.992777           0.001969 12.374481           0.001393 12.125394 0.001046  0.394004 0.003222  0.557795           0.002812  0.618296           0.002411           0.249087           0.001742  9.850372 11.465075  8.626081 0.016985 0.019720 0.017238 0.423644  0.001467  0.355944   0.001252 0.395285  0.019741
51.717213 50.008950 5.386211 0.220925 22.734452  0.184698 -24.806779  0.212221 17.944786      1250.351331      6.572079 20.262472       107.257530      5.156775 16.453186      2079.141077      7.752759  1.491600        NaN       NaN 0.005707 0.052201 0.004049 0.006997    G+U 15.470412 0.005408 14.889919 0.004036 14.237501           0.003766 13.696709           0.003076 13.363387 0.002169  0.580493 0.006748  0.652418           0.005521  0.540792           0.004863           0.333322           0.003764 11.601203 13.918889 10.109603 0.089249 0.103236 0.089159 0.202500  0.004175  0.155448   0.003897 0.169175  0.027857
51.638714 50.128141 5.494293 0.135698 22.590189  0.120602 -25.273687  0.137903 17.715460      1544.412002      1.715305 19.827726       160.076059      6.408383 16.410610      2162.292423      8.765908  1.304850        NaN       NaN 0.001206 0.043466 0.004402 0.004564    G+U 15.468994 0.005565 14.965824 0.004160 14.368977           0.004286 13.792569           0.003214 13.561733 0.002448  0.503170 0.006948  0.596848           0.005973  0.576407           0.005357           0.230836           0.004040 11.415019 13.527285 10.110169 0.053645 0.069033 0.053811 0.219451  0.002882  0.173151   0.002912 0.200529  0.028949
52.226574 50.271630 5.742840 0.028080 22.544632  0.023429 -26.026901  0.025281 15.056889     17872.740072     13.958135 16.336784      3987.521224     16.600922 13.936889     21105.841812     42.982517  1.120000  42.939476  5.348710 0.000848 0.004520 0.002211 0.002368    G+U 13.133324 0.001666 12.838306 0.001366 12.360940           0.001486 11.718803           0.001005 11.398321 0.000737  0.295017 0.002154  0.477366           0.002019  0.642137           0.001795           0.320482           0.001247  8.852523 10.132418  7.732523 0.010651 0.011540 0.010845 0.546105  0.000565  0.498300   0.001996 0.540076  0.010243
52.120932 50.302670 5.861154 0.085596 22.980052  0.072908 -25.938138  0.076551 17.143438      2615.598348      2.133587 19.128632       304.764174      7.626712 15.819743      3726.156532     10.743064  1.323695        NaN       NaN 0.000886 0.027171 0.003130 0.003253    G+U 14.809252 0.003762 14.329954 0.002870 13.746929           0.002985 13.231323           0.002360 12.727833 0.001522  0.479298 0.004732  0.583025           0.004141  0.515606           0.003805           0.503490           0.002808 10.983354 12.968548  9.659659 0.031725 0.041760 0.031866 0.264176  0.002208  0.216500   0.002023 0.238315  0.028320
52.351834 50.508089 5.867714 0.066429 23.394580  0.061542 -25.612332  0.063918 16.736279      3805.706745      3.017283 18.568040       510.740849      9.446768 15.452611      5225.329493      9.106827  1.283668        NaN       NaN 0.000861 0.020082 0.001892 0.002079    G+U 14.506392 0.003286 14.090583 0.002614 13.492332           0.002511 12.914832           0.001829 12.591438 0.001361  0.415809 0.004199  0.598251           0.003625  0.577499           0.003107           0.323394           0.002280 10.578624 12.410385  9.294956 0.024599 0.031743 0.024656 0.316904  0.002077  0.262874   0.001886 0.291604  0.028241
51.954560 50.531030 5.769208 0.045686 22.411056  0.044025 -25.103859  0.045093 16.108362      6785.811851      9.235143 17.766027      1069.068641     10.697350 14.864332      8983.081930     35.601654  1.244030        NaN       NaN 0.001478 0.010864 0.004303 0.004550    G+U 13.972391 0.002532 13.562763 0.001962 13.024565           0.002068 12.399353           0.001411 12.131058 0.001058  0.409628 0.003203  0.538199           0.002851  0.625212           0.002503           0.268295           0.001764  9.913943 11.571608  8.669913 0.017259 0.020340 0.017726 0.413743  0.001451  0.346844   0.001697 0.382464  0.020882
51.244707 50.279473 6.035801 0.062436 24.136623  0.049489 -26.181321  0.061937 16.488422      4781.646270      5.289700 18.293596       657.624570      8.839982 15.205296      6562.056340     20.764280  1.283127        NaN       NaN 0.001201 0.014595 0.003436 0.003639    G+U 14.253284 0.002975 13.800982 0.002164 13.232324           0.002176 12.645273           0.001659 12.309744 0.000875  0.452303 0.003678  0.568658           0.003069  0.587050           0.002736           0.335529           0.001875 10.392096 12.197270  9.108970 0.022494 0.026787 0.022724 0.342902  0.001942  0.284014   0.001759 0.313296  0.024944
51.180245 50.254435 5.970447 0.054331 23.957392  0.045095 -26.063391  0.053885 16.313036      5619.950352      5.187386 18.035921       833.774822      9.399274 15.058365      7512.982867     13.246229  1.254671        NaN       NaN 0.001002 0.012240 0.001914 0.002161    G+U 14.138174 0.002681 13.722545 0.002105 13.163569           0.002037 12.603103           0.001543 12.257939 0.000855  0.415629 0.003409  0.558976           0.002929  0.560466           0.002555           0.345163           0.001764 10.193070 11.915955  8.938399 0.019786 0.023244 0.019853 0.372966  0.001685  0.307489   0.001165 0.345117  0.022590
51.307591 50.418410 5.877869 0.082050 23.200735  0.065212 -25.776815  0.077302 16.862469      3388.122812      3.327173 18.873512       385.489111      7.597284 15.542097      4811.929052     11.864500  1.320372        NaN       NaN 0.001066 0.021398 0.002677 0.002882    G+U 14.572016 0.003229 14.098557 0.002546 13.471342           0.002356 12.906309           0.001795 12.510026 0.001011  0.473459 0.004112  0.627214           0.003469  0.565033           0.002962           0.396283           0.002060 10.708569 12.719612  9.388197 0.030331 0.037104 0.030430 0.294215  0.002270  0.242120   0.001969 0.259977  0.028239
51.668216 50.394825 6.057172 0.077743 24.299186  0.066603 -26.939013  0.073910 17.042776      2869.700975      2.888769 18.963373       354.868767      8.155290 15.734271      4031.342455     18.176678  1.308505        NaN       NaN 0.001093 0.024951 0.004895 0.005016    G+U 14.744548 0.003680 14.289782 0.002950 13.695746           0.002848 13.119949           0.002105 12.894496 0.001673  0.454766 0.004717  0.594035           0.004100  0.575797           0.003541           0.225453           0.002688 10.954125 12.874722  9.645620 0.027892 0.037408 0.028297 0.269081  0.001999  0.220993   0.001818 0.246913  0.027684
52.012950 50.671847 5.586156 0.045542 21.589303  0.043057 -25.387576  0.049148 15.834481      8732.813004      7.828115 17.348944      1569.782823     13.802711 14.631510     11131.510512     23.548716  1.202972        NaN       NaN 0.000973 0.009547 0.002297 0.002495    G+U 13.750814 0.002229 13.408612 0.001821 12.877207           0.001937 12.280701           0.001386 12.079552 0.001067  0.342202 0.002878  0.531405           0.002658  0.596506           0.002381           0.201149           0.001749  9.570046 11.084509  8.367075 0.017730 0.020113 0.017852 0.464145  0.001357  0.396840   0.002187 0.437062  0.018300
53.025225 50.098171 5.517558 0.086571 22.065556  0.084188 -25.634824  0.080901 17.337563      2187.368518      2.290656 19.253006       271.777908      7.945774 16.026987      3078.669135     10.912927  1.310575        NaN       NaN 0.001137 0.031743 0.003849 0.004013    G+U 15.174012 0.003901 14.654606 0.003060 14.022853           0.003005 13.433676           0.002452 12.953545 0.001754  0.519406 0.004958  0.631753           0.004289  0.589177           0.003878           0.480131           0.003015 11.046298 12.961741  9.735722 0.034090 0.046566 0.034287 0.259255  0.002349  0.212309   0.002237 0.239510  0.029979
53.440757 50.147454 5.353780 0.128423 21.487210  0.131583 -25.350002  0.135162 17.814554      1409.694179      1.927567 19.875893       153.129926      6.752938 16.486860      2015.645306      9.850551  1.327694        NaN       NaN 0.001485 0.047880 0.005306 0.005510    G+U 15.605238 0.005000 15.056322 0.003855 14.439665           0.003783 13.884814           0.003271 13.534809 0.002502  0.548916 0.006313  0.616657           0.005401  0.554851           0.005001           0.350005           0.004118 11.457857 13.519196 10.130163 0.052109 0.070751 0.052357 0.217989  0.002862  0.172186   0.002847 0.199547  0.029892
53.405777 50.381279 5.538562 0.053204 21.927873  0.053527 -25.372740  0.050764 16.371367      5325.984667      5.371961 18.108010       780.212428      7.361309 15.118735      7106.633218     15.963839  1.252631        NaN       NaN 0.001095 0.010244 0.002439 0.002673    G+U 14.319353 0.002470 13.854465 0.002045 13.261785           0.002046 12.641679           0.001547 12.408360 0.001260  0.464888 0.003207  0.592681           0.002893  0.620106           0.002565           0.233319           0.001996 10.088352 11.824995  8.835720 0.020888 0.023239 0.021002 0.386028  0.001763  0.318236   0.002087 0.355262  0.020852
52.764307 50.411447 6.165167 0.122035 23.152650  0.128841 -27.358580  0.126735 17.833424      1385.407517      1.781531 19.996328       137.051965      6.968480 16.471075      2045.164318      9.601375  1.362349        NaN       NaN 0.001396 0.055205 0.005097 0.005285    G+U 15.421941 0.005322 14.924316 0.003950 14.313794           0.004031 13.780556           0.003069 13.408559 0.002219  0.497624 0.006628  0.610522           0.005644  0.533238           0.005066           0.371997           0.003787 11.783148 13.946052 10.420799 0.043005 0.069965 0.043284 0.191495  0.002003  0.148065   0.001631 0.174109  0.027249
52.943979 50.639348 5.973445 0.108246 21.909737  0.108669 -25.202213  0.103250 17.454311      1964.365850      2.528066 19.464930       223.586288      6.926323 16.140804      2772.275018      7.017363  1.313507        NaN       NaN 0.001397 0.033634 0.002748 0.003083    G+U 15.314511 0.003950 14.798331 0.003516 14.138553           0.003242 13.560926           0.002772 13.190701 0.002061  0.516180 0.005288  0.659779           0.004783  0.577626           0.004265           0.370225           0.003454 11.335435 13.346054 10.021928 0.039375 0.051765 0.039446 0.229311  0.002162  0.183257   0.002235 0.211348  0.026614
53.576825 50.990978 5.833357 0.034823 22.546735  0.032327 -26.500180  0.032492 15.375821     13323.496591     11.238440 16.755215      2712.257724     12.290672 14.218174     16288.775406     34.057680  1.157647        NaN       NaN 0.000916 0.004920 0.002270 0.002448    G+U 13.466148 0.001711 13.086844 0.001407 12.559430           0.001482 12.035543           0.001117 11.716601 0.000807  0.379304 0.002215  0.527414           0.002044  0.523887           0.001856           0.318942           0.001378  9.205414 10.584808  8.047767 0.012995 0.013865 0.013160 0.512215  0.000802  0.450191   0.002126 0.492250  0.011959
54.364479 50.664978 5.881869 0.057154 22.516286  0.053359 -25.950030  0.048305 16.423388      5076.815293      4.796423 18.154116       747.774853     11.167767 15.162201      6827.756383     13.836006  1.261187        NaN       NaN 0.001026 0.016215 0.002200 0.002428    G+U 14.304731 0.002447 13.848688 0.002105 13.264173           0.002082 12.689685           0.001479 12.461624 0.001284  0.456043 0.003228  0.584516           0.002961  0.574488           0.002554           0.228061           0.001959 10.270965 12.001693  9.009778 0.021125 0.026611 0.021215 0.362850  0.001850  0.301149   0.001444 0.335379  0.025970
53.162663 51.511875 6.039861 0.109188 23.647000  0.116940 -26.585939  0.096491 17.644463      1648.777334      2.205331 19.686737       182.273007      6.088345 16.312010      2367.851381     13.620459  1.332453        NaN       NaN 0.001452 0.036266 0.006245 0.006412    G+U 15.403637 0.004178 14.873856 0.003554 14.238605           0.003297 13.674391           0.002844 13.294957 0.002013  0.529781 0.005485  0.635251           0.004848  0.564214           0.004354           0.379434           0.003484 11.549598 13.591872 10.217145 0.039282 0.053444 0.039749 0.210707  0.002133  0.164810   0.002226 0.194839  0.024864
52.418869 50.989841 5.690216 0.032098 22.250213  0.029893 -25.555582  0.032436 15.292887     14381.093264     11.037605 16.616222      3082.678080     12.873010 14.158103     17215.391386     30.109250  1.134784   1.989172  8.171334 0.000833 0.004534 0.001899 0.002074    G+U 13.426634 0.001652 13.070403 0.001401 12.550466           0.001501 12.024539           0.001097 11.656211 0.000776  0.356231 0.002166  0.519938           0.002053  0.525927           0.001859           0.368328           0.001343  9.068531 10.391866  7.933747 0.012277 0.013061 0.012395 0.526521  0.000617  0.474400   0.002064 0.513264  0.010901
52.571767 51.144850 5.330584 0.086005 21.779129  0.075639 -24.042830  0.090408 17.091879      2742.807258      3.663217 18.975252       351.007402      7.163050 15.789985      3829.697304     15.920614  1.301894        NaN       NaN 0.001450 0.022157 0.004514 0.004741    G+U 14.935607 0.003320 14.404865 0.002780 13.765056           0.002606 13.186671           0.002096 12.991840 0.001653  0.530742 0.004330  0.639810           0.003811  0.578384           0.003344           0.194831           0.002669 10.725753 12.609126  9.423859 0.035065 0.041453 0.035325 0.295821  0.002594  0.243070   0.002287 0.271021  0.028632
51.974828 51.281741 5.643530 0.038672 22.775878  0.032790 -24.885792  0.040083 15.675555     10109.385549     15.525236 17.139150      1904.392918     19.083052 14.485926     12728.813529     51.606570  1.189630 -39.186130  6.378799 0.001667 0.010880 0.004402 0.004707    G+U 13.708150 0.001730 13.334349 0.001487 12.802589           0.001563 12.211294           0.001200 12.454352 0.001258  0.373801 0.002282  0.531759           0.002157  0.591295           0.001971          -0.243058           0.001739  9.433309 10.896904  8.243680 0.014973 0.018433 0.015517 0.483920  0.001218  0.419802   0.004642 0.457660  0.018903
52.560028 51.415025 5.994751 0.151985 22.615672  0.137150 -25.901454  0.140982 17.721344      1536.064582      1.933655 19.920055       147.026148      7.131952 16.341760      2303.849599      8.800689  1.379583        NaN       NaN 0.001367 0.052667 0.004148 0.004367    G+U 15.410108 0.004292 14.789402 0.003360 14.136184           0.003337 13.583134           0.002794 13.248295 0.002076  0.620706 0.005451  0.653218           0.004735  0.553050           0.004352           0.334839           0.003481 11.610200 13.808911 10.230616 0.055070 0.076188 0.055209 0.203533  0.002824  0.157808   0.002836 0.180382  0.028641
53.217824 51.849987 5.747380 0.036444 22.201415  0.038096 -26.726654  0.040534 15.623406     10606.795662      5.972641 17.060364      2047.723361      9.042759 14.449347     13164.957016     20.758615  1.174060  21.247990  3.989453 0.000611 0.004795 0.001712 0.001818    G+U 13.715606 0.001834 13.335842 0.001489 12.788361           0.001560 12.229302           0.001239 11.865997 0.000901  0.379764 0.002362  0.547482           0.002157  0.559058           0.001992           0.363305           0.001532  9.420755 10.857713  8.246696 0.013783 0.014580 0.013875 0.485105  0.001049  0.417621   0.002448 0.462763  0.012359
53.233463 51.845993 5.751436 0.032148 22.339540  0.032860 -26.641627  0.034384 15.471647     12197.980250     11.747070 16.903060      2366.968772     15.319382 14.301056     15091.618949     37.032005  1.170591   9.074677  6.676092 0.001046 0.007027 0.002664 0.002862    G+U 13.530320 0.001682 13.158783 0.001370 12.632694           0.001450 12.078876           0.001144 11.775872 0.000857  0.371537 0.002169  0.526089           0.001995  0.553818           0.001847           0.303004           0.001429  9.270528 10.701941  8.099937 0.012183 0.014025 0.012427 0.504805  0.000666  0.443946   0.002121 0.479692  0.014753
53.624064 51.924084 5.426576 0.036266 21.551017  0.032525 -25.059507  0.033062 15.642842     10418.607805     18.422730 17.091358      1990.093321     19.734138 14.459252     13045.399248     55.733788  1.183590        NaN       NaN 0.001920 0.010766 0.004639 0.005020      G       NaN      NaN       NaN      NaN       NaN                NaN       NaN                NaN       NaN      NaN       NaN      NaN       NaN                NaN       NaN                NaN                NaN                NaN  9.315472 10.763988  8.131882 0.014639 0.018070 0.015236 0.498638  0.001605  0.437664   0.002151 0.472224  0.018545
54.121091 52.275393 5.409116 0.107623 20.612028  0.109672 -24.898062  0.090024 17.508860      1868.111364      3.602015 19.545134       207.665153      7.595181 16.180258      2673.345392     13.574735  1.328602        NaN       NaN 0.002093 0.039710 0.005513 0.005897      G       NaN      NaN       NaN      NaN       NaN                NaN       NaN                NaN       NaN      NaN       NaN      NaN       NaN                NaN       NaN                NaN                NaN                NaN 11.174492 13.210766  9.845890 0.043256 0.058682 0.043555 0.243687  0.002545  0.197678   0.002527 0.219790  0.031137
50.258780 50.241750 5.607437 0.254512 24.079804  0.215698 -24.826273  0.206949 16.914877      3228.462104     10.831160 18.839264       397.842837     11.813048 15.464966      5166.210020     18.028364  1.449911        NaN       NaN 0.003643 0.032238 0.003789 0.005256    G+U 14.441916 0.003045 13.924311 0.002288 13.324860           0.002159 12.804945           0.001758 12.403280 0.000912  0.517606 0.003809  0.599451           0.003146  0.519915           0.002785           0.401665           0.001981 10.658699 12.583086  9.208788 0.098627 0.103698 0.098632 0.306387  0.007295  0.250864   0.006346 0.260800  0.036122
49.836211 50.000346 5.901253 0.078287 24.023759  0.075312 -24.422245  0.076882 17.035458      2889.110013      2.924577 18.945020       360.917934      9.420008 15.734401      4030.861123     13.515469  1.301057        NaN       NaN 0.001099 0.028338 0.003640 0.003803    G+U 14.708818 0.003693 14.270101 0.002896 13.708984           0.002794 13.153910           0.002108 12.884250 0.001633  0.438718 0.004693  0.561116           0.004024  0.555075           0.003500           0.269660           0.002667 10.890179 12.799741  9.589122 0.028828 0.040409 0.029036 0.276935  0.002157  0.228475   0.001975 0.253906  0.030318
49.735880 50.049431 5.862303 0.057116 23.501528  0.052192 -24.507099  0.057296 16.138174      6602.029666      8.156166 17.629122      1212.741839     32.104923 14.842641      9164.354832     60.432728  1.295533        NaN       NaN 0.001341 0.028743 0.007160 0.007284    G+U 13.944801 0.002463 13.557178 0.002047 13.045006           0.001951 12.467819           0.001423 12.167552 0.001091  0.387624 0.003203  0.512172           0.002828  0.577187           0.002415           0.300267           0.001793  9.978515 11.469463  8.682982 0.021199 0.035689 0.022335 0.415809  0.002032  0.353240   0.002089 0.386280  0.032488
50.212089 50.254271 5.793926 0.091907 23.061813  0.080298 -24.924009  0.074709 17.099892      2722.639348      2.674861 18.973124       351.696290     10.538479 15.799479      3796.353451     13.013333  1.300413        NaN       NaN 0.001067 0.032534 0.003722 0.003872    G+U 14.825607 0.003686 14.379233 0.002882 13.794885           0.002744 13.221064           0.002293 12.885389 0.001204  0.446374 0.004679  0.584349           0.003980  0.573821           0.003576           0.335674           0.002590 10.914757 12.787989  9.614344 0.034462 0.047381 0.034646 0.275021  0.002548  0.226590   0.002258 0.254755  0.032216
50.096264 50.321310 5.757823 0.082595 22.785793  0.071111 -25.228547  0.074987 17.175909      2538.533606      2.596427 19.017258       337.686820      6.382884 15.894880      3477.010436     10.662643  1.281029        NaN       NaN 0.001110 0.020522 0.003330 0.003510    G+U 14.900738 0.003973 14.516481 0.003226 13.951406           0.003200 13.331057           0.002327 12.998103 0.001798  0.384256 0.005118  0.565076           0.004544  0.620349           0.003957           0.332953           0.002941 10.977201 12.818550  9.696172 0.031169 0.037302 0.031327 0.267508  0.002123  0.218411   0.001971 0.253411  0.025065
50.360617 50.316734 5.860288 0.067610 24.230957  0.057935 -25.671925  0.060062 16.611805      4268.000318      3.537171 18.403927       594.081295      9.604805 15.340602      5793.185227     15.282189  1.271203        NaN       NaN 0.000900 0.017554 0.002864 0.003002    G+U 14.395421 0.002964 13.979568 0.002343 13.413878           0.002245 12.843635           0.001775 12.516935 0.000969  0.415853 0.003778  0.565689           0.003245  0.570244           0.002862           0.326699           0.002022 10.451400 12.243522  9.180197 0.025068 0.030590 0.025216 0.334952  0.002177  0.277612   0.001920 0.309468  0.026937
50.698620 50.497650 5.345619 0.077190 22.010909  0.065227 -23.756055  0.077793 17.156956      2583.237418      2.089987 19.144999       300.204476      6.213623 15.847440      3632.306010     10.550436  1.309516        NaN       NaN 0.000878 0.022473 0.003154 0.003274    G+U 14.871726 0.003762 14.419778 0.002940 13.807101           0.002846 13.212278           0.002302 12.859543 0.001248  0.451948 0.004774  0.612677           0.004092  0.594823           0.003660           0.352736           0.002619 10.796946 12.784989  9.487430 0.031368 0.038577 0.031514 0.284118  0.002296  0.233397   0.001986 0.254949  0.027991
49.683873 50.153782 5.896674 0.058777 23.842612  0.057916 -25.434172  0.062199 16.739359      3794.926935      2.628857 18.430020       579.974524      7.728853 15.479649      5096.815343     10.054269  1.259710        NaN       NaN 0.000752 0.014469 0.002142 0.002270    G+U 14.540848 0.003392 14.138194 0.002681 13.595714           0.002642 13.025035           0.001970 12.648797 0.001461  0.402654 0.004323  0.542480           0.003764  0.570679           0.003295           0.376238           0.002452 10.592394 12.283055  9.332684 0.021658 0.026036 0.021751 0.319136  0.001808  0.263912   0.001518 0.305333  0.023337
49.627312 50.201049 5.819587 0.041877 24.186950  0.038051 -25.113490  0.043115 15.850898      8601.766035      8.675043 17.372149      1536.589069     12.349821 14.642362     11020.812685     32.024170  1.208536        NaN       NaN 0.001095 0.008726 0.003155 0.003340    G+U 13.745861 0.002299 13.386412 0.001836 12.882476           0.001838 12.294019           0.001317 12.090042 0.001052  0.359449 0.002942  0.503936           0.002598  0.588457           0.002261           0.203977           0.001686  9.675359 11.196610  8.466823 0.015664 0.017897 0.015941 0.451027  0.001198  0.384960   0.002000 0.424482  0.017609
49.518770 50.330029 5.738670 0.047028 22.982175  0.042953 -25.271709  0.046116 15.898319      8234.153974      9.506884 17.481136      1389.831519     12.434181 14.679826     10647.017068     27.644474  1.218493        NaN       NaN 0.001254 0.009714 0.002819 0.003085    G+U 13.754736 0.002259 13.404759 0.001814 12.869826           0.001783 12.251126           0.001268 11.959277 0.000975  0.349977 0.002897  0.534933           0.002544  0.618700           0.002188           0.291849           0.001599  9.692375 11.275192  8.473882 0.017839 0.020274 0.018017 0.446559  0.001436  0.379768   0.001936 0.416002  0.019115
49.811160 50.344572 5.590199 0.073300 23.659909  0.069543 -24.511677  0.070168 16.781584      3650.168316      2.632744 18.524893       531.446352     14.797145 15.505506      4976.864161     11.505789  1.276078        NaN       NaN 0.000783 0.030230 0.002510 0.002629    G+U 14.541275 0.003408 14.145677 0.002693 13.577085           0.002616 12.998199           0.001955 12.644998 0.001460  0.395598 0.004343  0.568592           0.003754  0.578885           0.003266           0.353202           0.002440 10.518720 12.262029  9.242642 0.028484 0.041528 0.028583 0.329240  0.002602  0.274995   0.002311 0.306589  0.034485
49.588470 50.550210 5.657218 0.067444 23.787062  0.053607 -25.683860  0.058744 16.779808      3656.146755      3.077692 18.597790       496.936442      6.969673 15.498268      5010.152053     14.179422  1.281540        NaN       NaN 0.000914 0.015228 0.003073 0.003206    G+U 14.507850 0.003184 14.119884 0.002695 13.542523           0.002452 12.952396           0.001825 12.683324 0.001469  0.387965 0.004172  0.577361           0.003644  0.590127           0.003057           0.269073           0.002343 10.542823 12.360805  9.261283 0.025904 0.030034 0.026070 0.320961  0.002141  0.264959   0.001920 0.296681  0.024826
49.333784 50.528508 5.890459 0.070157 24.414644  0.065394 -25.662962  0.067812 16.846365      3438.748660      3.294948 18.684360       458.851982     12.119182 15.543245      4806.843150     13.884527  1.303120        NaN       NaN 0.001040 0.028676 0.003136 0.003304    G+U 14.528770 0.003260 14.104793 0.002605 13.517311           0.002485 12.897047           0.001881 12.700655 0.001548  0.423978 0.004173  0.587481           0.003600  0.620264           0.003116           0.196392           0.002436 10.697111 12.535106  9.393991 0.025884 0.038616 0.026052 0.303404  0.002140  0.252270   0.001977 0.277632  0.032638
50.300964 50.985498 5.790849 0.042728 23.648695  0.041251 -25.162315  0.047448 16.156448      6491.828666      5.050669 17.824902      1012.642955      9.182289 14.910142      8611.951496     25.343240  1.246306        NaN       NaN 0.000845 0.009845 0.003195 0.003305    G+U 13.996546 0.002557 13.623747 0.002039 13.089063           0.002025 12.466828           0.001394 12.228604 0.001189  0.372799 0.003271  0.534684           0.002874  0.622234           0.002458           0.238224           0.001832  9.970159 11.638613  8.723853 0.016044 0.018805 0.016338 0.405808  0.001291  0.338718   0.001163 0.375139  0.019936
49.998680 50.752741 5.984181 0.078405 24.178242  0.068560 -26.070104  0.078019 17.080616      2771.407165      3.014991 19.039444       330.856388      6.207096 15.778844      3869.193993     17.569252  1.301772        NaN       NaN 0.001181 0.020369 0.004930 0.005070    G+U 14.748182 0.003611 14.339334 0.002929 13.746791           0.002823 13.152536           0.002065 12.842281 0.001627  0.408848 0.004649  0.592544           0.004068  0.594255           0.003498           0.310255           0.002629 10.965640 12.924468  9.663868 0.028475 0.034991 0.028875 0.265464  0.001949  0.216827   0.001794 0.243480  0.024858
50.191176 51.235288 6.090785 0.119479 23.782862  0.107098 -26.061513  0.107691 17.649810      1640.674588      2.038585 19.741516       173.304676      9.009110 16.346907      2292.954185     14.730401  1.302904        NaN       NaN 0.001349 0.056441 0.006975 0.007104    G+U 15.343734 0.004849 14.911739 0.003808 14.319531           0.003674 13.775186           0.002919 13.444340 0.002527  0.431994 0.006165  0.592208           0.005291  0.544346           0.004692           0.330846           0.003861 11.573176 13.664882 10.270273 0.042618 0.070711 0.043164 0.207316  0.002401  0.163167   0.002567 0.192338  0.030750
51.335791 51.013113 5.557796 0.133685 22.714157  0.139545 -26.169329  0.125882 17.904778      1297.286260      1.628473 19.966667       140.847682      7.003657 16.571291      1864.839492     10.966634  1.333487        NaN       NaN 0.001363 0.053988 0.006385 0.006529    G+U 15.678497 0.004799 15.125215 0.003706 14.483609           0.003715 13.954708           0.003481 13.679723 0.002836  0.553283 0.006063  0.641605           0.005247  0.528901           0.005091           0.274985           0.004490 11.629291 13.691180 10.295804 0.052250 0.075119 0.052621 0.203820  0.002727  0.158285   0.002738 0.189070  0.029354
51.280192 51.193335 5.791711 0.039214 22.621355  0.034436 -25.955979  0.035140 15.718542      9716.948986     19.695204 17.253010      1714.798795     20.377874 14.515650     12385.064895     70.660400  1.202892        NaN       NaN 0.002201 0.012902 0.006194 0.006574    G+U 13.637272 0.001737 13.243214 0.001442 12.703309           0.001525 12.161876           0.001198 11.946510 0.000963  0.394058 0.002257  0.539905           0.002099  0.541433           0.001939           0.215365           0.001537  9.532576 11.067044  8.329684 0.014866 0.019561 0.015954 0.469150  0.001230  0.403480   0.002342 0.439305  0.021382
51.424683 51.306157 5.578039 0.053135 22.384739  0.047349 -24.872050  0.053898 16.430008      5045.958559      7.817173 18.171984       735.569288     11.529016 15.166833      6798.686973     28.049973  1.263175        NaN       NaN 0.001682 0.017017 0.004480 0.004785    G+U 14.318607 0.002322 13.816242 0.001887 13.284318           0.001993 12.707294           0.001574 12.433021 0.001270  0.502365 0.002992  0.531924           0.002744  0.577024           0.002539           0.274273           0.002022 10.162416 11.904392  8.899241 0.020753 0.026785 0.021164 0.377916  0.001828  0.313442   0.001929 0.345764  0.026872
49.446622 51.113143 5.777278 0.086243 24.065371  0.075739 -25.033627  0.089004 17.083487      2764.090471      2.636480 18.959318       356.196750      6.331438 15.796698      3806.089398      9.317724  1.286789        NaN       NaN 0.001036 0.019299 0.002658 0.002853    G+U 14.863037 0.003754 14.409298 0.003055 13.836110           0.002888 13.281857           0.002482 12.998939 0.001883  0.453739 0.004840  0.573188           0.004204  0.554254           0.003808           0.282918           0.003115 10.892103 12.767934  9.605314 0.032432 0.037726 0.032524 0.275825  0.002259  0.225480   0.002050 0.257666  0.025152
49.898747 51.208379 5.974066 0.107733 24.584880  0.108032 -25.844978  0.119620 17.580841      1748.277570      1.885069 19.396172       238.203431      6.932602 16.223848      2568.142633     16.520325  1.356993        NaN       NaN 0.001171 0.031599 0.006984 0.007082    G+U 15.274491 0.004675 14.787370 0.003708 14.171957           0.003371 13.637946           0.002740 13.367601 0.002317  0.487122 0.005967  0.615413           0.005011  0.534011           0.004343           0.270345           0.003588 11.462191 13.277522 10.105198 0.039177 0.050318 0.039777 0.224635  0.002124  0.177977   0.002200 0.212367  0.024686
48.928051 51.006624 5.669356 0.044384 23.851049  0.035787 -23.927179  0.042244 16.140064      6590.539638      6.048736 17.904093       941.412909      8.226389 14.874031      8903.189839     21.021534  1.266033        NaN       NaN 0.000996 0.009488 0.002564 0.002750    G+U 14.085431 0.002388 13.589466 0.001882 13.004450           0.001996 12.401470           0.001331 12.039284 0.000971  0.495965 0.003041  0.585016           0.002743  0.602980           0.002399           0.362186           0.001648  9.907732 11.671761  8.641699 0.017029 0.019468 0.017192 0.410353  0.001387  0.343064   0.001420 0.370802  0.020394
48.718362 51.354750 5.837344 0.035947 23.971669  0.032608 -24.619995  0.036568 15.764667      9312.795036      9.634462 17.340483      1582.063601     10.987265 14.549940     12000.021868     29.575150  1.214726        NaN       NaN 0.001123 0.007540 0.002676 0.002902    G+U 13.745178 0.001988 13.334807 0.001636 12.779379           0.001722 12.183011           0.001158 11.935902 0.000933  0.410371 0.002575  0.555428           0.002375  0.596368           0.002075           0.247109           0.001487  9.595744 11.171560  8.381017 0.013419 0.015352 0.013637 0.458783  0.001018  0.390765   0.001948 0.427526  0.016738
49.136155 51.498146 5.340298 0.052886 22.202429  0.053046 -23.150504  0.058379 16.373526      5315.403937      3.519549 18.284262       663.303266      7.110796 15.067978      7446.752832     14.252179  1.305548        NaN       NaN 0.000719 0.011639 0.002078 0.002199    G+U 14.178766 0.002429 13.681513 0.001964 13.079275           0.001945 12.557531           0.001502 12.108086 0.000992  0.497253 0.003124  0.602238           0.002764  0.521744           0.002458           0.449446           0.001800 10.011354 11.922090  8.705806 0.021517 0.024453 0.021605 0.391381  0.001872  0.322921   0.001748 0.341283  0.023915
49.442162 51.748343 5.546827 0.058670 22.635253  0.051990 -24.089919  0.055857 16.437290      5012.223766      5.722204 18.121965       770.248908      9.455357 15.191578      6645.490765     18.220074  1.245712        NaN       NaN 0.001240 0.013328 0.002977 0.003225    G+U 14.391275 0.002593 13.940705 0.002058 13.345020           0.002139 12.763769           0.001644 12.466267 0.001204  0.450570 0.003310  0.595685           0.002968  0.581251           0.002698           0.297503           0.002038 10.157513 11.842188  8.911801 0.023001 0.026555 0.023160 0.379020  0.001944  0.312865   0.002031 0.353441  0.023263
50.276834 51.694649 5.842536 0.065965 23.799372  0.065597 -25.754256  0.072721 16.792246      3614.503765      3.167149 18.550870       518.882020      8.984222 15.520932      4906.653795     11.804662  1.271314        NaN       NaN 0.000951 0.018799 0.002612 0.002780    G+U 14.722872 0.003081 14.234826 0.002478 13.620922           0.002472 13.060175           0.002011 12.708336 0.001407  0.488046 0.003954  0.613904           0.003500  0.560747           0.003187           0.351839           0.002455 10.625253 12.383877  9.353939 0.024535 0.030895 0.024656 0.312712  0.002017  0.258757   0.001897 0.294714  0.026739
50.739064 51.804308 5.524807 0.150060 22.657663  0.138342 -25.733596  0.140543 17.925060      1273.275259      1.819591 20.036490       132.075136      8.551310 16.590733      1831.745633     11.229092  1.334328        NaN       NaN 0.001552 0.070297 0.006656 0.006834    G+U 15.718272 0.004873 15.161397 0.003840 14.502963           0.003783 13.938908           0.003460 13.533721 0.002870  0.556875 0.006204  0.658434           0.005390  0.564055           0.005127           0.405187           0.004496 11.636645 13.748075 10.302318 0.059000 0.091762 0.059354 0.202497  0.003099  0.157726   0.003102 0.185942  0.033313
49.740566 51.926715 5.536643 0.034367 23.149003  0.028836 -23.854421  0.033213 15.452538     12414.557738     12.116765 16.880627      2416.387272     15.059184 14.283562     15336.759202     32.153770  1.168977  14.468761  6.549162 0.001060 0.006766 0.002276 0.002511    G+U 13.574379 0.001728 13.177753 0.001496 12.619037           0.001474 12.021115           0.001122 11.793274 0.000834  0.396626 0.002286  0.558716           0.002100  0.597921           0.001852           0.227841           0.001398  9.168771 10.596859  7.999794 0.013520 0.015082 0.013670 0.514801  0.000804  0.456279   0.002074 0.490974  0.014362
51.715250 51.911072 5.752084 0.117073 22.747390  0.102061 -25.705256  0.103103 17.540108      1815.112523      2.159918 19.561940       204.475295      9.123899 16.234940      2542.041899      9.201483  1.305168        NaN       NaN 0.001292 0.048447 0.003930 0.004137    G+U 15.413741 0.004251 14.848379 0.003337 14.222011           0.003319 13.664977           0.003011 13.396111 0.002444  0.565362 0.005404  0.626368           0.004707  0.557034           0.004481           0.268866           0.003878 11.339234 13.361066 10.034066 0.044215 0.065577 0.044371 0.228966  0.002527  0.184026   0.002535 0.210912  0.031971
51.609753 52.451705 5.506621 0.112776 22.477421  0.100040 -24.375759  0.114624 17.428050      2012.459208      2.376572 19.448000       227.099841      6.913686 16.102392      2872.110466      7.993862  1.325657        NaN       NaN 0.001282 0.033053 0.003022 0.003283    G+U 15.204012 0.003733 14.699139 0.003068 14.024177           0.002987 13.440947           0.002646 13.124080 0.001927  0.504873 0.004832  0.674962           0.004282  0.583230           0.003990           0.316867           0.003273 11.132476 13.152426  9.806818 0.044490 0.055410 0.044574 0.247261  0.002584  0.200295   0.002542 0.224154  0.029061
51.376636 53.457089 5.916610 0.055700 23.024797  0.051485 -25.863724  0.054277 16.471249      4857.883661     10.458442 18.261930       677.087077     12.312872 15.191650      6645.046659     37.657940  1.279598        NaN       NaN 0.002337 0.019744 0.006153 0.006582      G       NaN      NaN       NaN      NaN       NaN                NaN       NaN                NaN       NaN      NaN       NaN      NaN       NaN                NaN       NaN                NaN                NaN                NaN 10.331614 12.122295  9.052015 0.020576 0.028421 0.021348 0.353634  0.001873  0.294781   0.001641 0.321395  0.029054
51.633778 53.519424 5.960298 0.106127 23.521756  0.100029 -26.223499  0.109628 17.343563      2175.313681      2.837657 19.316372       256.370473      9.478482 16.023903      3087.430121     13.736307  1.319660        NaN       NaN 0.001416 0.040142 0.004831 0.005034      G       NaN      NaN       NaN      NaN       NaN                NaN       NaN                NaN       NaN      NaN       NaN      NaN       NaN                NaN       NaN                NaN                NaN                NaN 11.219903 13.192712  9.900243 0.038691 0.055734 0.038965 0.241174  0.002297  0.195696   0.002314 0.221449  0.030871
53.862972 43.165434 5.694523 0.294973 20.511815  0.306105 -23.324871  0.279622 16.912529      3235.455671      7.048249 17.962399       892.189815      8.001411 15.657214      4327.854615      9.928307  1.255315        NaN       NaN 0.002365 0.009737 0.002491 0.003435      G       NaN      NaN       NaN      NaN       NaN                NaN       NaN                NaN       NaN      NaN       NaN      NaN       NaN                NaN       NaN                NaN                NaN                NaN 10.689816 11.739686  9.434501 0.112506 0.112902 0.112508 0.339543  0.008953  0.278992   0.007547 0.351326  0.019522
53.430971 43.035278 5.306007 0.115200 20.423067  0.130531 -24.520436  0.120739 17.520660      1847.918508      2.425908 19.335882       251.804631     12.741432 16.218569      2580.660516     13.033794  1.302092        NaN       NaN 0.001425 0.054939 0.005484 0.005666      G       NaN      NaN       NaN      NaN       NaN                NaN       NaN                NaN       NaN      NaN       NaN      NaN       NaN                NaN       NaN                NaN                NaN                NaN 11.144499 12.959721  9.842408 0.047167 0.072394 0.047463 0.251754  0.003105  0.206324   0.003005 0.239683  0.038044
46.418532 46.479373 6.112640 0.431196 24.974799  0.523407 -24.078931  0.410585 19.427557       319.097877      1.551148 20.792940        65.802266     16.819538 18.007908       496.586634     11.106214  1.419649        NaN       NaN 0.005278 0.277522 0.024283 0.024850    G+U 17.024100 0.010919 16.274837 0.007926 15.542623           0.008031 15.004212           0.007255 14.585103 0.005382  0.749262 0.013492  0.732215           0.011284  0.538410           0.010823           0.419109           0.009033 13.358701 14.724084 11.939052 0.153270 0.316990 0.155092 0.115965  0.003673       NaN        NaN 0.137575  0.029922
48.338023 51.429152 5.558478 0.168697 23.486371  0.153227 -23.084306  0.160274 18.368048       846.696111      1.147065 20.499027        86.259282      7.070232 16.984943      1274.032816      8.129437  1.383104        NaN       NaN 0.001471 0.088992 0.006928 0.007082    G+U 16.041729 0.006653 15.401342 0.004580 14.712781           0.004935 14.135688           0.003522 13.704208 0.002830  0.640387 0.008078  0.688561           0.006733  0.577093           0.006063           0.431479           0.004518 12.092827 14.223806 10.709722 0.065920 0.110738 0.066266 0.171728  0.002754  0.131501   0.002539 0.159948  0.029964
49.102981 52.631319 6.130060 0.156208 24.924198  0.152430 -25.933297  0.179241 18.235693       956.465604      1.502160 20.376947        96.524602      6.593411 16.876368      1408.027556      7.839017  1.359325        NaN       NaN 0.001705 0.074165 0.006045 0.006281      G       NaN      NaN       NaN      NaN       NaN                NaN       NaN                NaN       NaN      NaN       NaN      NaN       NaN                NaN       NaN                NaN                NaN                NaN 12.173017 14.314271 10.813692 0.055360 0.092532 0.055663 0.166132  0.002170  0.126083   0.002231 0.157035  0.026298
49.643359 53.198597 5.702651 0.150661 23.645174  0.141700 -24.802865  0.182840 18.016565      1170.364003      1.704995 19.984497       138.553625     11.704890 16.695908      1662.629035     10.321385  1.320658        NaN       NaN 0.001582 0.091722 0.006740 0.006923      G       NaN      NaN       NaN      NaN       NaN                NaN       NaN                NaN       NaN      NaN       NaN      NaN       NaN                NaN       NaN                NaN                NaN                NaN 11.796949 13.764881 10.476292 0.057391 0.108186 0.057764 0.192141  0.002780  0.149439   0.002347 0.185356  0.036024
50.648432 53.744673 6.131198 0.354707 22.695086  0.421642 -23.143232  0.351368 19.475437       305.331518      1.695632 20.983458        55.212068      5.088699 17.847383       575.711190     11.192075  1.628054        NaN       NaN 0.006030 0.100068 0.021107 0.021952      G       NaN      NaN       NaN      NaN       NaN                NaN       NaN                NaN       NaN      NaN       NaN      NaN       NaN                NaN       NaN                NaN                NaN                NaN 13.413164 14.921185 11.785110 0.125770 0.160610 0.127386 0.122034  0.003056       NaN        NaN 0.127644  0.015775
55.514388 51.713407 5.616617 0.226975 21.800579  0.214894 -27.409477  0.199343 18.726414       608.668624      1.249872 21.097824        49.692066      4.518801 17.350458       909.860349      9.701656  1.375956        NaN       NaN 0.002230 0.098733 0.011577 0.011790      G       NaN      NaN       NaN      NaN       NaN                NaN       NaN                NaN       NaN      NaN       NaN      NaN       NaN                NaN       NaN                NaN                NaN                NaN 12.473788 14.845198 11.097832 0.087780 0.132093 0.088512 0.147375  0.002917       NaN        NaN 0.137135  0.024103
55.900244 52.362327 5.265390 0.796915 22.875440  0.805025 -29.002003  0.603698 20.032440       182.797823      0.847619 21.345177        39.568213      7.314915 18.583258       292.317478      9.730008  1.449183        NaN       NaN 0.005034 0.200718 0.036140 0.036489      G       NaN      NaN       NaN      NaN       NaN                NaN       NaN                NaN       NaN      NaN       NaN      NaN       NaN                NaN       NaN                NaN                NaN                NaN 13.639593 14.952330 12.190411 0.328690 0.385097 0.330633 0.117070  0.007220       NaN        NaN 0.130227  0.022700
55.320570 52.595640 5.218165 0.999857 24.645590  0.820980 -24.645302  0.943087 20.217543       154.145098      0.845362 21.353848        39.253428      7.080334 18.702776       261.847286      8.990781  1.514767        NaN       NaN 0.005954 0.195840 0.037280 0.037752      G       NaN      NaN       NaN      NaN       NaN                NaN       NaN                NaN       NaN      NaN       NaN      NaN       NaN                NaN       NaN                NaN                NaN                NaN 13.805132 14.941437 12.290365 0.416120 0.459863 0.417745 0.115569  0.009316       NaN        NaN 0.128417  0.021609
50.976197 43.598576 5.544563 0.635649 21.893835  0.861303 -25.608649  0.714488 19.991430       189.834112      0.808893 21.524342        33.549041      5.143755 18.555048       300.012273      6.677970  1.436382        NaN       NaN 0.004626 0.166466 0.024167 0.024606      G       NaN      NaN       NaN      NaN       NaN                NaN       NaN                NaN       NaN      NaN       NaN      NaN       NaN                NaN       NaN                NaN                NaN                NaN 13.710767 15.243679 12.274385 0.248988 0.299474 0.250116 0.110579  0.005630       NaN        NaN 0.124329  0.018085
52.543804 43.942519 5.069557 0.560988 23.663330  0.731237 -26.820436  0.675307 20.135715       166.211253      0.759325 21.484959        34.788314      7.231658 18.655573       273.482383      7.057900  1.480143        NaN       NaN 0.004960 0.225699 0.028020 0.028456      G       NaN      NaN       NaN      NaN       NaN                NaN       NaN                NaN       NaN      NaN       NaN      NaN       NaN                NaN       NaN                NaN                NaN                NaN 13.660565 15.009809 12.180423 0.240343 0.329666 0.241920 0.112604  0.005687       NaN        NaN 0.128264  0.022494
53.435979 45.579937 5.599587 0.910921 23.551168  1.363823 -29.026722  0.790292 20.343533       137.256760      0.822026 21.529380        33.393695      7.369304 18.968124       205.072924      6.107156  1.375408        NaN       NaN 0.006502 0.239600 0.032334 0.032981    G+U 18.053701 0.021967 17.372631 0.017529 16.599533           0.014877 15.987491           0.015678 15.550389 0.011954  0.681070 0.028103  0.773098           0.022991  0.612042           0.021613           0.437101           0.019716 14.084313 15.270160 12.708904 0.353307 0.426839 0.354724      NaN       NaN       NaN        NaN 0.123769  0.019093
48.875365 45.550394 6.291613 0.775390 25.211155  0.744027 -24.789231  0.814198 19.888206       208.767977      1.011429 21.538559        33.112584      5.868169 18.421795       339.188061      9.270635  1.466412        NaN       NaN 0.005260 0.192413 0.029675 0.030138    G+U 17.465567 0.015152 16.581497 0.009363 15.804333           0.008210 15.253363           0.009671 14.861729 0.006496  0.884069 0.017812  0.777164           0.012453  0.550970           0.012686           0.391634           0.011650 13.882016 15.532369 12.415605 0.267668 0.329608 0.269257      NaN       NaN       NaN        NaN 0.118564  0.016765
49.249044 45.347465 5.514425 0.184633 22.831482  0.176983 -23.854854  0.161884 18.237217       955.125145      1.770405 20.445635        90.607212      7.788698 16.875296      1409.417884      8.343290  1.361921        NaN       NaN 0.002013 0.093331 0.006427 0.006735      G       NaN      NaN       NaN      NaN       NaN                NaN       NaN                NaN       NaN      NaN       NaN      NaN       NaN                NaN       NaN                NaN                NaN                NaN 11.944718 14.153136 10.582797 0.072733 0.118308 0.072988 0.179741  0.003172  0.138445   0.002716 0.164159  0.032743
50.666299 47.182976 5.754885 0.218218 23.194342  0.228117 -24.796474  0.198238 18.676285       637.430397      1.208276 20.993351        54.711230      9.276649 17.266966       982.588426      9.382363  1.409319        NaN       NaN 0.002058 0.184094 0.010367 0.010570    G+U 16.289999 0.008118 15.657780 0.006371 14.966020           0.005894 14.393500           0.004593 14.017132 0.004199  0.632219 0.010319  0.691760           0.008679  0.572519           0.007472           0.376369           0.006223 12.476468 14.793534 11.067149 0.082365 0.201669 0.082990 0.148296  0.003092       NaN        NaN 0.137697  0.033409
51.378413 47.240299 6.319296 0.618805 22.259717  0.845416 -25.018317  0.522366 19.618685       267.591713      1.282136 21.357609        39.117689      9.386706 18.175630       425.506330      7.145982  1.443054        NaN       NaN 0.005202 0.260534 0.018234 0.018962    G+U 17.147575 0.014462 16.458567 0.010496 15.775404           0.009601 15.205325           0.007858 14.807017 0.007000  0.689009 0.017869  0.683163           0.014224  0.570079           0.012407           0.398308           0.010524 13.622029 15.360953 12.178974 0.212701 0.336292 0.213418 0.106731  0.005311       NaN        NaN 0.122193  0.022879
51.591570 47.269372 6.101855 0.262333 23.818994  0.418485 -25.624481  0.267584 18.489790       756.886458      1.415838 20.251839       108.313234      8.460726 17.057434      1191.748485     13.934558  1.432356        NaN       NaN 0.002031 0.084811 0.012695 0.012856    G+U 16.206446 0.007252 15.577018 0.005419 14.923135           0.005688       NaN -1000000000.000000 14.111291 0.003935  0.629428 0.009053  0.653883           0.007855       NaN -1000000000.000000 -1000000000.000000 -1000000000.000000 12.417100 14.179149 10.984744 0.093379 0.126128 0.094216 0.160624  0.003211  0.117033   0.004201 0.159050  0.026267
51.100205 47.458674 5.406575 0.305807 22.416278  0.309111 -25.331130  0.295739 18.736765       602.893441      1.525413 20.944723        57.217302      6.399579 17.332262       925.237930      8.344441  1.404503        NaN       NaN 0.002747 0.121436 0.009792 0.010170    G+U 16.436024 0.008152 15.793544 0.006139 15.096977           0.005980 14.565814           0.004741 14.279258 0.004339  0.642480 0.010205  0.696567           0.008570  0.531163           0.007631           0.286556           0.006427 12.401376 14.609334 10.996873 0.122854 0.172720 0.123213 0.153936  0.004096  0.113107   0.003649 0.143894  0.029253
51.093941 47.469892 5.667034 0.271819 22.823761  0.284820 -25.750324  0.225495 18.541435       721.726638      1.588648 20.766232        67.441089      6.846119 17.160190      1084.130861      8.664524  1.381245        NaN       NaN 0.002390 0.110216 0.008677 0.009000    G+U 16.221994 0.007185 15.610167 0.005490 14.941916           0.005427 14.416887           0.004271 14.039824 0.003611  0.611827 0.009043  0.668252           0.007719  0.525028           0.006906           0.377064           0.005592 12.308214 14.533011 10.926969 0.104182 0.151643 0.104516 0.158122  0.003606  0.116001   0.004272 0.147494  0.029329
50.645266 47.331487 6.085620 0.211273 22.869799  0.230272 -24.691116  0.185028 18.583132       694.534876      1.256189 20.640050        75.752469      8.591257 17.203762      1041.486591      8.620781  1.379370        NaN       NaN 0.001964 0.123136 0.008987 0.009199    G+U 16.294210 0.007636 15.656306 0.005859 14.987410           0.005634 14.457576           0.004524 14.108228 0.003659  0.637904 0.009625  0.668897           0.008128  0.529834           0.007226           0.349348           0.005819 12.504656 14.561574 11.125286 0.075412 0.144380 0.075920 0.148650  0.002702       NaN        NaN 0.146341  0.028754
51.218612 47.581463 5.780094 0.234198 22.707740  0.239818 -24.825944  0.218370 18.484194       760.797356      1.392548 20.608501        77.985877      6.525936 17.112795      1132.505394      7.471696  1.371399        NaN       NaN 0.001987 0.090855 0.007163 0.007434    G+U 16.236622 0.007316 15.581780 0.005527 14.905469           0.005546 14.311117           0.005135 14.081871 0.003702  0.654841 0.009169  0.676311           0.007830  0.594352           0.007558           0.229246           0.006330 12.293869 14.418176 10.922470 0.088006 0.126475 0.088275 0.160170  0.003082  0.117914   0.003921 0.152226  0.027455
51.357829 47.911739 6.262870 0.845632 24.576057  1.049349 -27.355646  0.791666 20.545582       113.949829      0.713738 21.869476        24.413303      6.513130 18.995430       199.979991      6.085062  1.550152        NaN       NaN 0.006801 0.289659 0.033037 0.033730    G+U 17.892025 0.021737 16.752071 0.012501 15.841000           0.010530 15.169780           0.010338 14.645995 0.006172  1.139954 0.025076  0.911072           0.016345  0.671220           0.014757           0.523785           0.012041 14.529449 15.853343 12.979297 0.293278 0.412151 0.295054      NaN       NaN       NaN        NaN 0.112443  0.014742
51.303738 47.963484 5.203398 0.849101 24.938427  1.018622 -26.347898  0.817781 20.416367       128.351307      0.833374 21.398510        37.671526      7.081929 18.971369       204.461170      7.906055  1.444998        NaN       NaN 0.007050 0.204109 0.041983 0.042571    G+U 17.889492 0.021997 17.093359 0.016233 16.306380           0.015528 15.714588           0.017074 15.307526 0.010358  0.796133 0.027338  0.786980           0.022464  0.591791           0.023079           0.407063           0.019970 13.997802 14.979945 12.552804 0.354415 0.408927 0.356824      NaN       NaN       NaN        NaN 0.128115  0.019395
55.270937 45.790759 5.248540 0.191406 21.041448  0.229619 -23.893722  0.174108 18.169920      1016.198234      1.784658 19.875343       153.207297     30.805515 16.813320      1492.209978     22.119040  1.356600        NaN       NaN 0.001907 0.218310 0.016094 0.016206      G       NaN      NaN       NaN      NaN       NaN                NaN       NaN                NaN       NaN      NaN       NaN      NaN       NaN                NaN       NaN                NaN                NaN                NaN 11.770113 13.475536 10.413513 0.079213 0.232229 0.080809 0.196460  0.004369  0.155478   0.004260 0.199072  0.058335
57.647871 47.432243 5.775093 0.459722 20.902962  0.504817 -26.830526  0.420378 19.681137       252.633849      0.784011 21.482714        34.860320      3.681470 18.179607       423.950566      5.250084  1.501530        NaN       NaN 0.003369 0.114661 0.013445 0.013861    G+U 17.187570 0.013028 16.424465 0.009323 15.716301           0.008456 15.155817           0.007468 14.759576 0.007200  0.763105 0.016020  0.708164           0.012586  0.560484           0.011282           0.396241           0.010374 13.488932 15.290509 11.987402 0.172891 0.207430 0.173381 0.116055  0.003380       NaN        NaN 0.122588  0.015381
46.373097 49.859957 5.896112 0.195362 23.298412  0.199439 -23.094818  0.179775 18.512447       741.254689      1.586276 20.644878        75.416400      6.576287 17.144539      1099.873934      9.195755  1.367908        NaN       NaN 0.002323 0.094676 0.009078 0.009370    G+U 16.217640 0.006515 15.623513 0.005300 14.948452           0.005368 14.391356           0.004466 14.134019 0.004001  0.594127 0.008399  0.675061           0.007544  0.557095           0.006983           0.257338           0.005996 12.365275 14.497706 10.997367 0.071987 0.118913 0.072520 0.155679  0.002556  0.113825   0.003239 0.149247  0.026854
47.819131 51.320247 5.488481 0.369775 23.628327  0.370659 -22.867419  0.484697 19.564040       281.404709      0.811146 21.303930        41.100315      5.879202 18.147170       436.807694      7.294421  1.416870        NaN       NaN 0.003130 0.155309 0.018131 0.018399    G+U 17.108225 0.011087 16.437672 0.007545 15.713565           0.007014 15.129982           0.006994 14.654429 0.005681  0.670553 0.013410  0.724107           0.010301  0.583583           0.009905           0.475553           0.009010 13.261301 15.001191 11.844431 0.146332 0.213364 0.147418 0.120772  0.003515       NaN        NaN 0.130957  0.021945
56.836532 51.192345 5.943704 0.597471 20.538576  0.680811 -26.043263  0.586229 20.138973       165.713406      0.825042 21.887146        24.019215      3.557955 18.698190       262.955463      9.069348  1.440783        NaN       NaN 0.005406 0.160830 0.037447 0.037835      G       NaN      NaN       NaN      NaN       NaN                NaN       NaN                NaN       NaN      NaN       NaN      NaN       NaN                NaN       NaN                NaN                NaN                NaN 14.009259 15.757432 12.568476 0.218347 0.271131 0.221469      NaN       NaN       NaN        NaN 0.115572  0.013509
56.868650 51.779617 6.247807 1.016351 23.941504  1.002881 -22.147551  1.124495 20.525210       116.108230      0.763409 21.247395        43.297148      7.684680 18.870085       224.452520     13.246593  1.655125        NaN       NaN 0.007139 0.192704 0.064077 0.064474      G       NaN      NaN       NaN      NaN       NaN                NaN       NaN                NaN       NaN      NaN       NaN      NaN       NaN                NaN       NaN                NaN                NaN                NaN 14.503848 15.226033 12.848723 0.353312 0.402385 0.359005      NaN       NaN       NaN        NaN 0.118620  0.013322
48.430231 45.906787 5.744921 0.194041 24.472006  0.238865 -25.458112  0.179481 18.487888       758.212895      2.066206 20.584555        79.725088      7.088298 17.096008      1150.151244     16.422860  1.391880        NaN       NaN 0.002959 0.096532 0.015503 0.015783    G+U 16.232204 0.006817 15.601394 0.005006 14.958400           0.004804 14.412607           0.004700 14.127799 0.003638  0.630811 0.008457  0.642994           0.006938  0.545793           0.006721           0.284808           0.005944 12.284308 14.380975 10.892428 0.073403 0.121234 0.074964 0.161077  0.002724  0.120171   0.003264 0.152891  0.028424
48.053898 46.633846 5.490442 0.461145 25.759385  0.524754 -25.354086  0.550263 19.744843       238.237319      1.000153 21.078123        50.602017     12.484417 18.189188       420.226000     10.127419  1.555654        NaN       NaN 0.004558 0.267870 0.026166 0.026560    G+U 17.365976 0.012172 16.536722 0.008174 15.794754           0.007423 15.203708           0.009257 14.801667 0.006753  0.829254 0.014661  0.741968           0.011041  0.591046           0.011866           0.402040           0.011459 13.442879 14.776159 11.887224 0.182440 0.324065 0.184250 0.117206  0.004336       NaN        NaN 0.132529  0.027604
48.512613 47.042344 5.468518 0.209751 24.061038  0.219060 -25.257140  0.166289 18.583935       694.020844      1.010539 20.368536        97.275235      8.869805 17.278273       972.409223     12.049452  1.305662        NaN       NaN 0.001581 0.099000 0.013454 0.013546    G+U 16.420680 0.006987 15.914985 0.005682 15.294808           0.005577 14.741934           0.006158 14.372556 0.005136  0.505694 0.009006  0.620176           0.007962  0.552875           0.008308           0.369378           0.008018 12.273283 14.057884 10.967621 0.083304 0.129376 0.084369 0.164445  0.003121  0.123004   0.003453 0.170142  0.030668
49.368445 47.255358 5.221749 0.201418 21.986019  0.217955 -23.012865  0.197704 18.631603       664.210517      1.276123 20.601124        78.517687     11.467894 17.246948      1000.872392      9.950947  1.384655        NaN       NaN 0.002086 0.158577 0.010795 0.010994    G+U 16.220260 0.007682 15.620982 0.005551 14.926526           0.005621 14.389077           0.004704 13.986987 0.003543  0.599278 0.009477  0.694456           0.007900  0.537449           0.007330           0.402090           0.005889 12.220683 14.190204 10.836028 0.083786 0.179339 0.084453 0.165086  0.003442  0.126165   0.003553 0.161103  0.038597
50.528493 47.735785 6.339329 0.818659 23.570051  0.987472 -24.877993  1.013995 20.307432       141.897281      0.721832 21.689714        28.809216      4.270205 18.845636       229.563783      7.694548  1.461796        NaN       NaN 0.005523 0.160932 0.036392 0.036809    G+U 17.753200 0.019113 16.918688 0.012378 16.129517           0.010853 15.546394           0.009332 15.063179 0.007557  0.834513 0.022771  0.789171           0.016462  0.583122           0.014313           0.483215           0.012008 14.317649 15.699931 12.855853 0.280478 0.323321 0.282775      NaN       NaN       NaN        NaN 0.115585  0.012198
51.001641 47.924822 5.907411 0.180265 22.361883  0.184429 -23.814177  0.177067 18.489906       756.805889      1.256851 20.852564        62.286128      5.240185 17.100073      1145.854126      8.083867  1.389833        NaN       NaN 0.001803 0.091344 0.007660 0.007869    G+U 16.178692 0.006950 15.587451 0.005202 14.883993           0.005025 14.289742           0.003717 13.921948 0.003045  0.591241 0.008681  0.703458           0.007233  0.594251           0.006250           0.367794           0.004804 12.346892 14.709550 10.957059 0.066287 0.112847 0.066704 0.154431  0.002360  0.113266   0.002966 0.141009  0.024940
50.828479 48.073640 5.618845 0.174292 23.153982  0.192234 -25.452029  0.185539 18.345371       864.566817      1.393216 20.344490        99.453643      7.832605 16.985733      1273.108331      8.500291  1.359638        NaN       NaN 0.001750 0.085509 0.007249 0.007457    G+U 16.055420 0.006341 15.476167 0.004799       NaN -1000000000.000000 14.201463           0.003531 13.803823 0.002800  0.579253 0.007952       NaN -1000000000.000000       NaN -1000000000.000000           0.397640           0.004506 12.093606 14.092725 10.733968 0.067380 0.108852 0.067746 0.173035  0.002802  0.132347   0.002562 0.166757  0.030085
50.786278 48.080613 6.192560 0.285574 22.355949  0.312259 -25.266920  0.306242 19.123898       422.072918      1.056883 21.156862        47.062138      5.426181 17.701890       658.266437      6.935328  1.422007        NaN       NaN 0.002719 0.125183 0.011439 0.011758    G+U 16.699009 0.009624 16.045582 0.006902 15.293753           0.006326 14.733729           0.005063 14.327452 0.004211  0.653427 0.011843  0.751829           0.009362  0.560023           0.008103           0.406278           0.006586 13.083249 15.116213 11.661241 0.100176 0.160308 0.100790 0.123714  0.002877       NaN        NaN 0.128355  0.020058
50.124779 47.945136 6.398560 0.381745 22.446914  0.406975 -23.115384  0.294064 19.204826       391.756320      1.134739 20.968166        55.995170      7.292484 17.756485       625.985464      9.957118  1.448341        NaN       NaN 0.003145 0.141400 0.017270 0.017554    G+U 16.833124 0.009922 16.063719 0.007313 15.300947           0.006677 14.714365           0.005354 14.337976 0.004401  0.769405 0.012326  0.762772           0.009903  0.586582           0.008558           0.376389           0.006930 13.235237 14.998577 11.786896 0.129591 0.191775 0.130698 0.121609  0.003268       NaN        NaN 0.130316  0.020880
50.088108 48.017504 5.977216 0.200161 23.283588  0.229870 -26.256553  0.205533 18.457115       780.010720      1.409190 20.643670        75.500444     10.296927 17.065899      1182.493364      9.600223  1.391216        NaN       NaN 0.001962 0.148075 0.008815 0.009030    G+U 16.201742 0.006850 15.579494 0.005383 14.891086           0.005151 14.346438           0.004113 13.990203 0.003372  0.622248 0.008712  0.688409           0.007450  0.544647           0.006591           0.356235           0.005319 12.339610 14.526165 10.948394 0.072743 0.164967 0.073249 0.156398  0.002791  0.116746   0.003621 0.147359  0.033528
50.249499 48.309918 5.312467 0.153755 22.358800  0.174731 -24.344387  0.173991 18.110037      1073.821941      1.726628 20.159927       117.881654      8.171315 16.754234      1575.667561     10.224270  1.355803        NaN       NaN 0.001746 0.075261 0.007045 0.007258    G+U 15.903962 0.006233 15.316517 0.004759 14.669248           0.004363 14.118512           0.003589 13.733150 0.002904  0.587445 0.007842  0.647269           0.006456  0.550736           0.005649           0.385363           0.004616 11.736518 13.786408 10.380715 0.062872 0.098051 0.063241 0.196511  0.003036  0.152100   0.002710 0.182582  0.033119
50.904876 48.620847 5.747778 0.180205 23.703916  0.184130 -25.579298  0.168797 18.403020       819.856997      1.539544 20.598206        78.728984      6.987465 17.024426      1228.536542     16.286057  1.378595        NaN       NaN 0.002039 0.096363 0.014393 0.014537    G+U 16.103497 0.006808 15.538367 0.005274 14.889627           0.004761 14.356634           0.004046 13.956132 0.003495  0.565129 0.008612  0.648741           0.007105  0.532992           0.006248           0.400502           0.005346 12.200520 14.395706 10.821926 0.068111 0.117986 0.069585 0.164291  0.002653  0.124312   0.002824 0.152919  0.029153
50.454754 48.547773 6.348225 0.291358 23.351062  0.321541 -24.109466  0.261099 19.198800       393.937147      0.992495 21.229895        44.000609      4.898885 17.799591       601.619761      5.943235  1.399208        NaN       NaN 0.002735 0.120882 0.010726 0.011069    G+U 16.809980 0.010306 16.075281 0.007341 15.356180           0.006313 14.808368           0.005651 14.433908 0.004534  0.734699 0.012653  0.719101           0.009682  0.547812           0.008473           0.374459           0.007245 13.212062 15.243157 11.812853 0.099699 0.156668 0.100237 0.118704  0.002330       NaN        NaN 0.125897  0.018128
50.638377 48.783303 5.772864 0.148362 23.656837  0.171482 -24.794382  0.146755 18.250990       943.084131      1.318342 20.268478       106.665870      5.797122 16.916080      1357.457827      8.419301  1.334909        NaN       NaN 0.001518 0.059008 0.006734 0.006903    G+U 16.040180 0.006263 15.493598 0.005106 14.844237           0.004712 14.261256           0.003750 13.925168 0.003186  0.546582 0.008080  0.649361           0.006948  0.582981           0.006022           0.336088           0.004921 12.057946 14.075434 10.723036 0.055827 0.081218 0.056211 0.174833  0.002275  0.133289   0.002060 0.168752  0.025415
48.861917 48.126787 5.627130 0.166512 23.548378  0.170275 -24.668087  0.168700 18.036747      1148.810262      1.567899 20.010532       135.270829     10.776751 16.695484      1663.276368     11.353194  1.341263        NaN       NaN 0.001482 0.086498 0.007411 0.007558    G+U 15.730948 0.005685 15.166064 0.004369 14.522005           0.004224 13.974012           0.004023 13.583159 0.002868  0.564884 0.007170  0.644059           0.006077  0.547993           0.005834           0.390853           0.004941 11.788182 13.761967 10.446919 0.064273 0.107753 0.064682 0.193512  0.003059  0.149946   0.002613 0.184465  0.035052
49.434058 48.557872 5.527168 0.202867 22.728570  0.259269 -24.244643  0.225029 18.473259       768.498748      1.416233 20.699554        71.712571      6.515917 17.070120      1177.904775     11.488981  1.403139        NaN       NaN 0.002001 0.098652 0.010590 0.010777    G+U 16.138075 0.006782 15.460250 0.005142 14.770826           0.004967 14.205794           0.003679 13.869919 0.003146  0.677825 0.008511  0.689424           0.007149  0.565032           0.006181           0.335875           0.004841 12.185772 14.412067 10.782633 0.079726 0.126824 0.080401 0.165306  0.003051  0.124893   0.003196 0.151317  0.029408
49.795655 48.705004 5.564334 0.172610 22.148882  0.192012 -24.279266  0.188136 18.368480       846.359065      1.376710 20.448020        90.408300      7.651236 17.011015      1243.804347      9.093988  1.357466        NaN       NaN 0.001766 0.091886 0.007938 0.008132    G+U 16.140148 0.006639 15.588928 0.005681 14.937291           0.005192 14.344662           0.004293 13.937764 0.003421  0.551220 0.008738  0.651637           0.007696  0.592629           0.006737           0.406898           0.005490 12.095546 14.175086 10.738081 0.067384 0.113932 0.067827 0.171630  0.002820  0.131387   0.002605 0.163179  0.030804
49.437322 49.101371 6.419254 0.235694 24.687163  0.244337 -25.663883  0.223418 18.816158       560.381353      1.261292 20.899252        59.664543      7.186374 17.429579       845.914749      5.928914  1.386580        NaN       NaN 0.002444 0.130773 0.007610 0.007993    G+U 16.500523 0.008838 15.837592 0.006591 15.138627           0.006509 14.603798           0.006481 14.206795 0.004288  0.662930 0.011025  0.698965           0.009264  0.534829           0.009186           0.397003           0.007771 12.853581 14.936675 11.467002 0.079767 0.153161 0.080092 0.131517  0.002375       NaN        NaN 0.134008  0.023784
49.580703 49.242974 5.118228 0.542563 22.025467  0.542461 -23.324246  0.417654 19.901964       206.139331      0.892084 21.289383        41.654699      6.287756 18.438660       333.959981      6.578599  1.463305        NaN       NaN 0.004699 0.163891 0.021388 0.021898    G+U 17.443027 0.015873 16.609870 0.011190 15.870482           0.010366 15.311878           0.010867 14.971778 0.007766  0.833157 0.019421  0.739389           0.015254  0.558603           0.015019           0.340100           0.013357 13.447562 14.834981 11.984258 0.230237 0.282573 0.231181 0.121590  0.005073       NaN        NaN 0.133317  0.022015
49.947865 48.978884 5.505089 0.161675 24.103759  0.168780 -25.020035  0.160632 18.251122       942.970961      1.317329 20.317230       101.982377      8.812074 16.919138      1353.640565      8.637977  1.331984        NaN       NaN 0.001517 0.093816 0.006928 0.007092    G+U 16.040413 0.006381 15.503686 0.005600 14.848449           0.005029 14.298502           0.004109 13.999875 0.003619  0.536727 0.008489  0.655237           0.007527  0.549947           0.006494           0.298627           0.005475 11.954944 14.021052 10.622960 0.063791 0.113439 0.064148 0.180263  0.002869  0.139345   0.002440 0.171657  0.033479
49.592081 49.338634 5.828769 0.167155 22.262503  0.198116 -23.643695  0.148159 18.336311       871.810142      1.446220 20.578234        80.190560      8.341443 16.955990      1308.465707      7.438190  1.380321        NaN       NaN 0.001801 0.112939 0.006172 0.006429    G+U 16.083822 0.006732 15.440260 0.005152 14.769856           0.005211 14.280444           0.004656 13.858146 0.002294  0.643562 0.008477  0.670404           0.007328  0.489411           0.006988           0.422298           0.005190 12.164195 14.406118 10.783874 0.062299 0.128969 0.062578 0.165958  0.002567  0.127248   0.002582 0.152461  0.031813
47.435789 48.770675 5.259564 0.195530 24.583005  0.211788 -24.764111  0.208075 18.359978       853.012945      1.500199 20.505550        85.742597      7.218853 16.959381      1304.384872     12.181225  1.400597        NaN       NaN 0.001909 0.091410 0.010139 0.010318    G+U 15.972838 0.007069 15.395797 0.005540 14.740526           0.005137 14.148241           0.003868 13.841777 0.003545  0.577042 0.008982  0.655271           0.007556  0.592285           0.006430           0.306464           0.005247 11.964727 14.110299 10.564130 0.080749 0.121954 0.081361 0.180220  0.003460  0.138331   0.002967 0.164328  0.032267
47.282634 48.917452 5.558084 0.230305 24.567636  0.251834 -23.040756  0.260772 18.248503       945.247983      2.894829 20.481863        87.633828      4.822445 16.749138      1583.079811      6.639568  1.499365        NaN       NaN 0.003325 0.059748 0.004554 0.005638    G+U 15.747550 0.006346 15.170760 0.004856 14.497819           0.004623 13.946792           0.003511 13.606174 0.002935  0.576790 0.007991  0.672941           0.006705  0.551027           0.005805           0.340618           0.004576 11.973128 14.206488 10.473763 0.090039 0.108008 0.090092 0.179520  0.003514  0.136240   0.003050 0.155810  0.025160
47.837544 49.215607 5.473020 0.197458 24.056034  0.185693 -22.866140  0.198120 18.339150       869.534196      1.335879 20.358320        98.194943      9.412472 16.972046      1289.258478      8.593230  1.367104        NaN       NaN 0.001668 0.104073 0.007237 0.007426    G+U 15.950598 0.006875 15.434269 0.005375 14.809968           0.004950 14.254674           0.004053 14.013158 0.003160  0.516329 0.008727  0.624301           0.007308  0.555294           0.006398           0.241516           0.005140 12.030285 14.049455 10.663181 0.078361 0.130265 0.078677 0.176930  0.003378  0.136027   0.002976 0.168529  0.034147
49.307205 49.210420 5.500632 0.147614 23.785103  0.156055 -24.517722  0.145453 18.041134      1144.177404      1.575922 20.108397       123.611280      7.898531 16.693570      1666.214235      8.903379  1.347565        NaN       NaN 0.001495 0.069377 0.005802 0.005991    G+U 15.807442 0.005757 15.231729 0.004457 14.536570           0.004373 13.998596           0.003986 13.698597 0.002911  0.575713 0.007281  0.695159           0.006244  0.537973           0.005917           0.299999           0.004936 11.743197 13.810460 10.395633 0.058293 0.090603 0.058561 0.195477  0.002767  0.151146   0.002428 0.181751  0.031624
49.537923 49.421819 5.188976 0.340464 23.439033  0.367412 -25.810849  0.300520 19.248080       376.456737      0.994813 21.379913        38.322317      7.460366 17.771267       617.520651      9.298654  1.476812        NaN       NaN 0.002869 0.211365 0.016349 0.016599    G+U 16.786015 0.010506 15.956891 0.006867 15.238447           0.006692 14.627896           0.006465 14.196240 0.004099  0.829124 0.012551  0.718444           0.009588  0.610551           0.009305           0.431656           0.007655 12.823488 14.955321 11.346675 0.142506 0.254901 0.143412 0.134522  0.004331       NaN        NaN 0.131131  0.030268
49.364996 49.614578 5.579686 0.310664 22.626746  0.392694 -23.618027  0.299477 19.367195       337.340438      0.983480 21.080389        50.496468      6.715067 17.964630       516.780974      6.057127  1.402565        NaN       NaN 0.003165 0.144382 0.012726 0.013114    G+U 16.960081 0.011261 16.318521 0.008253 15.586988           0.007920 15.035803           0.008414 14.579977 0.005683  0.641560 0.013961  0.731533           0.011438  0.551186           0.011555           0.455826           0.010153 13.100244 14.813438 11.697679 0.120944 0.188318 0.121570 0.126197  0.003429       NaN        NaN 0.136531  0.023613
48.714833 49.647476 5.789081 0.276390 23.265147  0.345683 -24.267470  0.313334 19.013239       467.359291      1.199451 20.853228        62.248020      6.963845 17.620730       709.359578      6.553617  1.392510        NaN       NaN 0.002786 0.121464 0.010031 0.010411    G+U 16.679104 0.009482 15.987228 0.007169 15.294073           0.007123 14.751429           0.007459 14.297267 0.004834  0.691875 0.011887  0.693155           0.010106  0.542644           0.010314           0.454162           0.008889 12.826287 14.666276 11.433778 0.103711 0.159692 0.104157 0.136815  0.003075       NaN        NaN 0.141826  0.024889
48.280874 49.744046 5.692811 0.165072 22.938386  0.201957 -23.295304  0.173027 18.145287      1039.518294      1.600872 20.131939       120.959836     13.636854 16.795353      1517.110424      8.700548  1.349934        NaN       NaN 0.001672 0.122404 0.006227 0.006447    G+U 15.799515 0.006429 15.297621 0.004849 14.671515           0.004597 14.098421           0.004080 13.707336 0.002652  0.501894 0.008052  0.626106           0.006682  0.573093           0.006147           0.391085           0.004866 11.921921 13.908573 10.571987 0.062987 0.137650 0.063272 0.183555  0.003011  0.143103   0.002471 0.176282  0.039208
47.736094 49.551191 5.789538 0.294914 24.087939  0.298629 -24.451285  0.246612 18.997263       474.287087      1.221277 21.074205        50.784937      5.754706 17.582699       734.646557      6.605993  1.414564        NaN       NaN 0.002796 0.123030 0.009763 0.010155    G+U 16.531252 0.009658 15.940046 0.007578 15.238224           0.006694 14.660199           0.005760 14.290392 0.004204  0.591206 0.012276  0.701822           0.010111  0.578025           0.008831           0.369807           0.007131 12.810483 14.887425 11.395919 0.110648 0.165444 0.111043 0.135507  0.003192       NaN        NaN 0.134634  0.023660
47.731074 50.267494 5.549651 0.210723 23.779503  0.225654 -24.446950  0.189772 18.250078       943.877053      1.571527 20.368084        97.315733      7.274877 16.906640      1369.312819      9.862898  1.343439        NaN       NaN 0.001808 0.081165 0.007820 0.008027    G+U 15.890827 0.006792 15.443354 0.004977 14.827631           0.005013 14.270531           0.004133 13.978998 0.003596  0.447474 0.008420  0.615723           0.007064  0.557100           0.006497           0.291533           0.005478 11.971406 14.089412 10.627968 0.082472 0.115698 0.082822 0.178934  0.003411  0.136707   0.002966 0.167888  0.030733
54.717962 45.729806 5.518645 0.395226 20.753697  0.461613 -25.947082  0.313353 19.310580       355.397790      1.046204 21.300238        41.240282      5.206875 17.901590       547.673831      8.549469  1.408989        NaN       NaN 0.003196 0.137082 0.016949 0.017248      G       NaN      NaN       NaN      NaN       NaN                NaN       NaN                NaN       NaN      NaN       NaN      NaN       NaN                NaN       NaN                NaN                NaN                NaN 13.019742 15.009400 11.610752 0.155546 0.207306 0.156434 0.128405  0.004168       NaN        NaN 0.131334  0.022632
54.988189 47.063779 5.803734 0.219139 22.217379  0.250175 -26.522834  0.177701 18.477255       765.675310      1.527854 20.596890        78.824464      7.298461 17.096714      1149.402951     12.892667  1.380541        NaN       NaN 0.002167 0.100530 0.012179 0.012370    G+U 16.165304 0.005956 15.527909 0.004372 14.838449           0.004216 14.278523           0.003569 13.846164 0.002952  0.637395 0.007388  0.689461           0.006073  0.559925           0.005523           0.432360           0.004631 12.295792 14.415427 10.915251 0.082020 0.129726 0.082890 0.160033  0.002962  0.118553   0.003744 0.151975  0.028787
55.248284 47.194723 5.410684 0.272778 21.886785  0.455996 -28.671167  0.286769 18.857096       539.645457      1.332087 21.105356        49.348550      7.966249 17.492085       798.591572      8.403150  1.365011        NaN       NaN 0.002680 0.175268 0.011425 0.011735    G+U 16.553830 0.007460 15.896514 0.005367 15.148821           0.005006 14.565348           0.004356 14.124087 0.003635  0.657315 0.009190  0.747693           0.007339  0.583473           0.006636           0.441260           0.005673 12.523357 14.771617 11.158346 0.109507 0.206648 0.110068 0.145720  0.003812       NaN        NaN 0.139761  0.032746
54.095376 46.461333 5.328695 0.220555 21.426352  0.273445 -25.380580  0.189275 18.587683       691.630131      1.408575 20.490326        86.953355     10.410780 17.192522      1052.323173     18.300577  1.395161        NaN       NaN 0.002211 0.129993 0.018882 0.019011    G+U 16.362185 0.006935 15.697101 0.005107 15.017680           0.004765 14.425062           0.003932 14.073341 0.003423  0.665084 0.008612  0.679420           0.006985  0.592618           0.006178           0.351721           0.005213 12.220787 14.123430 10.825626 0.089904 0.158039 0.091839 0.166974  0.003610  0.126786   0.003671 0.163517  0.035262
54.185051 46.503092 6.062231 0.171351 23.945124  0.220526 -27.379442  0.145841 18.199091       989.259521      1.686575 20.361216        97.933419      8.113351 16.822433      1479.737058     12.977425  1.376658        NaN       NaN 0.001851 0.089948 0.009522 0.009700    G+U 15.949771 0.005504 15.308791 0.004118 14.614701           0.003836 14.057845           0.003090 13.663213 0.002553  0.640980 0.006874  0.694090           0.005628  0.556856           0.004926           0.394632           0.004008 12.112253 14.274378 10.735595 0.061405 0.108894 0.062112 0.169921  0.002559  0.130144   0.002413 0.158048  0.029677
53.480070 46.633071 5.494578 0.259793 20.544143  0.305378 -24.765162  0.244319 18.844213       546.086140      1.510980 20.632584        76.275282      7.937756 17.481934       806.091578     12.534680  1.362280        NaN       NaN 0.003004 0.112990 0.016883 0.017148    G+U 16.620676 0.008211 15.954258 0.006226 15.255754           0.006359 14.682490           0.005866 14.369386 0.004784  0.666418 0.010304  0.698504           0.008899  0.573263           0.008651           0.313105           0.007570 12.543885 14.332256 11.181606 0.102715 0.152670 0.104050 0.151260  0.003466       NaN        NaN 0.155354  0.028549
54.146472 47.063095 5.683432 0.150251 22.193901  0.153516 -26.413127  0.135551 18.234009       957.950889      1.666892 20.287176       104.844747     10.320008 16.885748      1395.915913      9.638852  1.348261        NaN       NaN 0.001889 0.106870 0.007497 0.007731    G+U 16.006842 0.005412 15.379185 0.004381 14.750080           0.004286 14.176185           0.003435 13.682035 0.002849  0.627657 0.006963  0.629105           0.006129  0.573895           0.005493           0.494150           0.004463 12.007063 14.060230 10.658802 0.057438 0.121313 0.057894 0.177048  0.002638  0.137465   0.002306 0.168950  0.034825
54.846226 47.608597 6.183299 0.176118 21.723219  0.202463 -26.168023  0.159481 18.238000       954.435536      1.524376 20.491297        86.875721      8.713639 16.889416      1391.207630     10.123637  1.348585        NaN       NaN 0.001734 0.108899 0.007901 0.008089    G+U 16.083364 0.005821 15.472935 0.004420 14.834141           0.004355 14.259848           0.004405 13.884620 0.003427  0.610430 0.007309  0.638794           0.006205  0.574293           0.006194           0.375228           0.005581 12.194101 14.447398 10.845517 0.061874 0.125238 0.062352 0.163302  0.002460  0.124337   0.002642 0.152066  0.030877
54.552045 47.878173 5.814991 0.179367 21.734215  0.210005 -25.891956  0.174371 18.171734      1014.502356      1.509762 20.183930       115.304114      8.886562 16.839584      1456.547010     10.790807  1.332150        NaN       NaN 0.001616 0.083678 0.008044 0.008204    G+U 15.993985 0.005459 15.439047 0.004343 14.802346           0.004228 14.249227           0.004030 13.896729 0.003483  0.554938 0.006976  0.636701           0.006061  0.553120           0.005841           0.352497           0.005327 11.994479 14.006675 10.662329 0.067000 0.107184 0.067462 0.178631  0.002893  0.137266   0.002523 0.172238  0.031250
56.698780 47.975544 5.399955 0.430236 21.155237  0.404826 -26.338350  0.353362 19.722206       243.256230      0.761954 21.560215        32.458705      4.840704 18.282372       385.664249      6.871719  1.439835        NaN       NaN 0.003401 0.161920 0.019346 0.019642      G       NaN      NaN       NaN      NaN       NaN                NaN       NaN                NaN       NaN      NaN       NaN      NaN       NaN                NaN       NaN                NaN                NaN                NaN 13.384157 15.222166 11.944323 0.173043 0.236961 0.174088 0.116878  0.003669       NaN        NaN 0.125291  0.020031
56.472603 49.065915 5.305264 0.185885 20.514604  0.178756 -24.717909  0.159927 18.287796       911.649858      1.258220 20.077620       127.165348     15.730091 16.942549      1324.764462     25.380500  1.345247        NaN       NaN 0.001498 0.134303 0.020801 0.020855    G+U 16.144476 0.006168 15.492348 0.004499 14.836280           0.004441 14.256035           0.004742 13.853259 0.003051  0.652128 0.007634  0.656068           0.006322  0.580245           0.006497           0.402776           0.005638 11.911331 13.701155 10.566084 0.076098 0.154357 0.078876 0.186582  0.003673  0.145054   0.003017 0.186927  0.042229
52.808692 46.798492 5.526607 0.308048 21.183999  0.380521 -25.252922  0.249085 19.150248       411.952704      1.219143 21.128994        48.285810      8.688908 17.750230       629.601862      8.432932  1.400017        NaN       NaN 0.003213 0.195375 0.014542 0.014893    G+U 16.850245 0.009509 16.157183 0.006955 15.443958           0.007040 14.849480           0.006253 14.399304 0.004717  0.693062 0.011781  0.713224           0.009896  0.594479           0.009416           0.450175           0.007832 12.862541 14.841287 11.462523 0.121078 0.229829 0.121906 0.132279  0.003643       NaN        NaN 0.136288  0.030040
53.191843 47.019851 5.671331 0.164149 22.063858  0.163518 -25.818873  0.152254 18.284613       914.327320      1.424052 20.286108       104.947894      7.135920 16.924885      1346.494615     19.363430  1.359728        NaN       NaN 0.001691 0.073825 0.015614 0.015705    G+U 16.088968 0.006124 15.473579 0.004749 14.826194           0.004753 14.287547           0.004473 14.009174 0.003712  0.615389 0.007749  0.647386           0.006719  0.538647           0.006527           0.278373           0.005813 12.053038 14.054533 10.693310 0.062873 0.096955 0.064761 0.175816  0.002655  0.134435   0.002362 0.168583  0.028498
52.952772 47.290365 6.076781 0.351916 23.411321  0.370106 -26.906538  0.361775 19.566536       280.758376      0.972525 21.421862        36.869950      5.177437 18.146765       436.970354      6.780351  1.419771        NaN       NaN 0.003761 0.152464 0.016847 0.017262    G+U 17.072767 0.013168 16.383917 0.009867 15.669588           0.008653 15.144769           0.007795 14.715591 0.005456  0.688850 0.016454  0.714329           0.013124  0.524819           0.011647           0.429177           0.009515 13.484904 15.340230 12.065133 0.125809 0.197634 0.126877 0.111308  0.002975       NaN        NaN 0.123203  0.017879
53.068147 47.447525 5.876287 0.738370 21.178716  0.836828 -26.053202  0.638824 20.147188       164.464170      0.834202 21.412441        37.191238      6.693277 18.693525       264.087766      7.997685  1.453663        NaN       NaN 0.005507 0.195399 0.032881 0.033339    G+U 17.512543 0.017506 16.746290 0.012541 15.977005           0.010567 15.410986           0.009374 14.959210 0.006569  0.766253 0.021535  0.769285           0.016400  0.566019           0.014126           0.451776           0.011446 13.992703 15.257956 12.539040 0.272907 0.335602 0.274825      NaN       NaN       NaN        NaN 0.122973  0.017208
53.182269 47.691470 5.568205 0.147520 22.279719  0.181812 -25.269444  0.150341 18.003525      1184.504730      1.737668 19.906605       148.858989      8.070422 16.663698      1712.690333     13.731524  1.339827        NaN       NaN 0.001593 0.058863 0.008705 0.008849      G       NaN      NaN       NaN      NaN       NaN                NaN       NaN                NaN       NaN      NaN       NaN      NaN       NaN                NaN       NaN                NaN                NaN                NaN 11.732101 13.635181 10.392274 0.057552 0.082308 0.058184 0.199240  0.002807  0.153782   0.002551 0.191440  0.029730
53.030571 47.881375 5.660681 0.192367 21.236968  0.213911 -24.612412  0.171155 18.406343       817.351834      1.351051 20.745869        68.717805      7.931104 16.981516      1278.060715     15.845454  1.424828        NaN       NaN 0.001795 0.125311 0.013461 0.013580    G+U 15.959420 0.006503 15.336842 0.005180 14.664371           0.004725 14.128034           0.003908 13.729035 0.002851  0.622579 0.008314  0.672470           0.007011  0.536338           0.006132           0.398998           0.004837 12.170686 14.510212 10.745859 0.073815 0.145424 0.075011 0.165650  0.003019  0.126680   0.003061 0.146760  0.032350
53.905546 47.776862 6.114787 0.192964 21.928403  0.216702 -26.203245  0.166946 18.326555       879.679898      1.513096 20.439121        91.152393      7.892196 16.989307      1268.922474      8.757804  1.337248        NaN       NaN 0.001868 0.094006 0.007493 0.007723    G+U 16.112774 0.005858 15.501243 0.004687 14.876957           0.004608 14.330585           0.004496 13.961528 0.003810  0.611531 0.007502  0.624286           0.006573  0.546371           0.006438           0.369058           0.005893 12.258462 14.371028 10.921214 0.068550 0.116330 0.068933 0.161075  0.002548  0.120495   0.003014 0.155498  0.028620
53.635491 48.166941 5.864706 0.170364 20.899142  0.192910 -25.270745  0.142588 18.291006       908.958792      1.467605 20.481474        87.665165      7.191600 16.954601      1310.139093     10.231047  1.336405        NaN       NaN 0.001753 0.089068 0.008479 0.008658    G+U 16.020557 0.007174 15.448342 0.005298 14.864290           0.005189 14.288643           0.004297 13.956010 0.003520  0.572215 0.008919  0.584052           0.007416  0.575647           0.006737           0.332633           0.005554 12.132237 14.322705 10.795832 0.063104 0.109143 0.063647 0.167430  0.002544  0.127597   0.002517 0.157687  0.029302
53.415819 48.302275 5.360947 0.264099 24.670595  0.272666 -25.462658  0.236050 18.853926       541.223294      1.189454 20.850172        62.423542      7.926305 17.497850       794.361774     10.446779  1.356075        NaN       NaN 0.002386 0.137863 0.014279 0.014477    G+U 16.593143 0.009887 16.017803 0.007651 15.381498           0.006963 14.812638           0.006101 14.465071 0.005273  0.575340 0.012502  0.636305           0.010346  0.568860           0.009258           0.347568           0.008064 12.500133 14.496379 11.144057 0.107001 0.174498 0.107923 0.149994  0.003692       NaN        NaN 0.149530  0.031186
53.749568 48.631512 5.888009 0.297637 21.681083  0.327998 -26.325146  0.293306 19.119286       423.869646      1.137377 21.205406        45.004339      5.514057 17.632631       701.625641      7.541855  1.486654        NaN       NaN 0.002913 0.133027 0.011671 0.012029    G+U 16.585870 0.010040 15.877075 0.006593 15.140858           0.005867 14.572028           0.004980 14.099126 0.003825  0.708796 0.012011  0.736217           0.008825  0.568830           0.007695           0.472902           0.006279 12.969128 15.055248 11.482473 0.109806 0.172468 0.110386 0.129289  0.003106       NaN        NaN 0.128343  0.021577
52.098365 47.571644 5.583328 0.183360 23.014570  0.181632 -26.666324  0.187167 18.298649       902.582596      1.578215 20.483612        87.492695      7.619822 16.922115      1349.933402     12.015242  1.376534        NaN       NaN 0.001898 0.094558 0.009664 0.009848    G+U 16.089237 0.006635 15.398524 0.005083 14.736979           0.005122 14.187000           0.004919 13.831690 0.003185  0.690713 0.008359  0.661546           0.007216  0.549978           0.007101           0.355310           0.005860 12.033115 14.218078 10.656581 0.071338 0.118434 0.071964 0.174662  0.003037  0.134097   0.002715 0.160544  0.031583
52.034950 47.899984 5.962322 0.172164 22.892314  0.173208 -25.964837  0.160881 18.125153      1058.974717      1.814388 20.387000        95.635139      5.998100 16.747350      1585.687629     12.051419  1.377802        NaN       NaN 0.001860 0.068096 0.008252 0.008459    G+U 15.832993 0.005784 15.270715 0.004482 14.607564           0.004427 14.049704           0.003877 13.649006 0.002763  0.562278 0.007318  0.663151           0.006300  0.557860           0.005885           0.400698           0.004761 12.002230 14.264077 10.624427 0.062730 0.092567 0.063243 0.175294  0.002592  0.133974   0.002315 0.158522  0.026818
52.091587 47.962947 5.901284 1.260825 23.532282  1.554626 -27.391640  1.204459 20.502571       118.554645      0.947745 21.776009        26.608073      5.995049 18.938602       210.725385      7.128488  1.563969        NaN       NaN 0.008680 0.244627 0.036729 0.037740    G+U 17.981220 0.023263 16.970446 0.013550 16.148943           0.012430 15.696550           0.014880 15.095939 0.008371  1.010775 0.026921  0.821503           0.018388  0.452393           0.019389           0.600612           0.017073 14.357303 15.630741 12.793334 0.464022 0.524484 0.465393      NaN       NaN       NaN        NaN 0.115106  0.016206
52.888237 48.168815 5.305113 0.569520 23.098435  0.600357 -24.939018  0.614852 19.987492       190.524145      0.895283 21.554450        32.631508      5.735199 18.489538       318.671394      8.177874  1.497953        NaN       NaN 0.005102 0.190825 0.027863 0.028326    G+U 17.495306 0.018186 16.678503 0.011208 15.938348           0.009845 15.380116           0.009301 15.002800 0.007883  0.816803 0.021363  0.740155           0.014918  0.558232           0.013544           0.377316           0.012193 13.610965 15.177923 12.113011 0.233170 0.301258 0.234773 0.113404  0.005265       NaN        NaN 0.124630  0.020160
52.393953 48.262035 6.096989 0.213278 22.711671  0.227338 -25.968791  0.206372 18.515907       738.896367      1.441838 20.270365       106.480786     13.376955 17.056711      1192.543078     20.479310  1.459196        NaN       NaN 0.002119 0.136399 0.018645 0.018765      G       NaN      NaN       NaN      NaN       NaN                NaN       NaN                NaN       NaN      NaN       NaN      NaN       NaN                NaN       NaN                NaN                NaN                NaN 12.441484 14.195942 10.982288 0.075989 0.156123 0.078215 0.156129  0.002885       NaN        NaN 0.157222  0.032608
52.632403 48.163348 5.662969 0.189055 22.117085  0.202340 -25.816286  0.194133 18.201170       987.368116      1.626857 20.149280       119.043279     16.889963 16.845970      1448.004938     12.459020  1.355200        NaN       NaN 0.001789 0.154045 0.009342 0.009512    G+U 15.930274 0.006633 15.357047 0.004956 14.725636           0.004536 14.190433           0.003872 13.893112 0.003466  0.573227 0.008280  0.631412           0.006718  0.535202           0.005964           0.297321           0.005197 11.966391 13.914501 10.611191 0.072515 0.170250 0.073093 0.180792  0.003466  0.141064   0.002903 0.175615  0.043397
52.529741 48.323744 5.697667 0.196569 21.716226  0.236416 -24.873116  0.208438 18.624990       668.268358      1.376820 20.438171        91.232228      7.729331 17.252201       996.041987     10.968861  1.372789        NaN       NaN 0.002237 0.091985 0.011957 0.012164    G+U 16.314331 0.008195 15.764026 0.006268 15.135654           0.005724 14.594848           0.005076 14.277290 0.004621  0.550305 0.010317  0.628372           0.008488  0.540806           0.007651           0.317557           0.006864 12.403475 14.216656 11.030686 0.074949 0.118632 0.075864 0.157901  0.002671  0.115174   0.003589 0.159992  0.027438
52.676716 48.356879 5.832811 0.227034 22.799372  0.283188 -26.088032  0.247202 18.831387       552.576575      1.489584 20.975058        55.640860      4.562963 17.397867       870.986791     10.634592  1.433519        NaN       NaN 0.002927 0.089038 0.013257 0.013576    G+U 16.396393 0.008611 15.768747 0.006307 15.079586           0.005546 14.537447           0.004886 14.011699 0.003764  0.627645 0.010674  0.689161           0.008398  0.542139           0.007391           0.525748           0.006168 12.660776 14.804447 11.227256 0.084572 0.122767 0.085555 0.142096  0.002645       NaN        NaN 0.136580  0.021426
51.909016 48.090259 5.868314 0.209947 23.330266  0.242552 -24.887440  0.178955 18.375872       840.616336      1.672176 20.490055        86.975037      7.085412 17.017572      1236.315371      9.927371  1.358299        NaN       NaN 0.002160 0.088449 0.008718 0.008982    G+U 16.126186 0.006668 15.555238 0.005253 14.891935           0.005272 14.333208           0.005017 13.914805 0.003291  0.570949 0.008488  0.663302           0.007442  0.558727           0.007278           0.418403           0.006000 12.218439 14.332622 10.860139 0.077717 0.117723 0.078175 0.164111  0.002882  0.123075   0.003143 0.156262  0.028278
51.628961 48.237404 5.474687 0.178914 21.578554  0.175202 -25.015565  0.153493 18.170195      1015.942587      1.862434 20.400757        94.430884      7.227339 16.743233      1591.714539      9.081630  1.426962        NaN       NaN 0.001990 0.083098 0.006195 0.006507    G+U 15.853395 0.006117 15.188663 0.004496 14.501524           0.004236 13.961287           0.003132 13.578067 0.002465  0.664732 0.007591  0.687139           0.006177  0.540237           0.005268           0.383221           0.003986 11.861992 14.092554 10.435030 0.070992 0.109275 0.071234 0.186416  0.003163  0.143683   0.002550 0.164013  0.031683
52.349307 48.417715 5.977294 0.157681 23.514580  0.185280 -24.925104  0.150749 18.212880       976.776444      1.593376 20.326382       101.126289      9.423840 16.858480      1431.417544     10.681674  1.354399        NaN       NaN 0.001771 0.101178 0.008102 0.008293      G       NaN      NaN       NaN      NaN       NaN                NaN       NaN                NaN       NaN      NaN       NaN      NaN       NaN                NaN       NaN                NaN                NaN                NaN 12.095403 14.208905 10.741003 0.057311 0.116269 0.057854 0.170848  0.002499  0.131725   0.002304 0.161832  0.032121
52.173512 48.597160 5.194657 0.280675 21.159056  0.279365 -24.636225  0.243095 19.099886       431.511433      1.133527 21.288614        41.684138      5.726651 17.710442       653.102322      9.540978  1.389444        NaN       NaN 0.002852 0.149161 0.015861 0.016116    G+U 16.706066 0.009791 16.059624 0.007250 15.390560           0.006700 14.857060           0.005593 14.457287 0.004872  0.646442 0.012183  0.669064           0.009872  0.533500           0.008728           0.399774           0.007418 12.677671 14.866399 11.288227 0.117362 0.189775 0.118395 0.139610  0.003673       NaN        NaN 0.136045  0.027745
52.437601 48.815600 5.519761 0.183489 22.392465  0.233722 -24.590461  0.176972 18.229750       961.715832      1.921657 20.257278       107.771830      7.315178 16.885784      1395.868091     10.941181  1.343965        NaN       NaN 0.002169 0.073696 0.008510 0.008782    G+U 15.926122 0.006105 15.360366 0.004813 14.704482           0.004418 14.164133           0.003387 13.827183 0.002993  0.565756 0.007774  0.655884           0.006533  0.540349           0.005567           0.336950           0.004520 11.939351 13.966879 10.595385 0.072217 0.103159 0.072684 0.182608  0.003072  0.139935   0.002579 0.173705  0.030026
53.336436 48.763449 5.876278 0.278952 22.063015  0.282986 -26.637118  0.271284 19.042585       454.896509      1.101782 21.378153        38.384464      6.528615 17.633062       701.347165      9.015731  1.409523        NaN       NaN 0.002630 0.184667 0.013957 0.014203    G+U 16.658398 0.010221 16.041134 0.008427 15.323311           0.006427 14.758453           0.005617 14.343611 0.004659  0.617264 0.013247  0.717823           0.010598  0.564858           0.008535           0.414843           0.007298 12.888097 15.223665 11.478574 0.103115 0.211490 0.104022 0.128305  0.003135       NaN        NaN 0.126234  0.025730
53.450876 48.874385 6.265302 0.444525 23.345892  0.421369 -28.369316  0.434927 19.607920       270.258288      0.896951 20.779833        66.601403     17.735380 18.163328       430.354763      5.863322  1.444592        NaN       NaN 0.003603 0.289122 0.014792 0.015225    G+U 17.218979 0.013356 16.483944 0.009472 15.741462           0.008609 15.195422           0.007653 14.752096 0.006382  0.735035 0.016374  0.742482           0.012800  0.546040           0.011519           0.443326           0.009965 13.592630 14.764543 12.148038 0.154109 0.327610 0.154775 0.107583  0.004233       NaN        NaN 0.134811  0.026942
52.545074 48.730276 6.111847 0.315522 23.122216  0.370362 -26.489232  0.309712 19.287430       363.056945      0.968594 21.319496        40.515256      6.540183 17.876220       560.621760      6.852794  1.411209        NaN       NaN 0.002897 0.175265 0.013272 0.013584    G+U 16.865265 0.011639 16.141550 0.008258 15.435983           0.007224 14.891207           0.006615 14.511356 0.006011  0.723715 0.014271  0.705567           0.010971  0.544776           0.009795           0.379850           0.008938 13.218292 15.250358 11.807082 0.112139 0.208050 0.112884 0.117521  0.002610       NaN        NaN 0.125478  0.022032
53.094920 48.901960 5.261873 0.404372 23.217426  0.455726 -25.860479  0.416499 19.641907       261.929300      0.894075 21.436947        36.361224      4.944734 18.178686       424.310800      7.007091  1.463221        NaN       NaN 0.003706 0.147648 0.017930 0.018309    G+U 17.186092 0.014221 16.474133 0.009841 15.759100           0.008938 15.206561           0.008328 14.762499 0.007005  0.711960 0.017294  0.715033           0.013294  0.552539           0.012217           0.444062           0.010882 13.247609 15.042649 11.784388 0.166917 0.222818 0.167837 0.122405  0.004048       NaN        NaN 0.128911  0.021078
52.855233 49.047398 6.280723 0.193214 23.248184  0.166691 -26.379657  0.164989 18.175518      1010.973510      1.610983 20.332857       100.524999      6.176204 16.829357      1470.331645     10.587405  1.346161        NaN       NaN 0.001730 0.066707 0.007818 0.008007    G+U 15.900538 0.006466 15.328154 0.005199 14.707840           0.004730 14.158479           0.003900 13.886012 0.003408  0.572384 0.008297  0.620314           0.007029  0.549361           0.006131           0.272467           0.005180 12.165566 14.322905 10.819405 0.066824 0.094405 0.067257 0.166365  0.002486  0.125062   0.002591 0.157232  0.025088
52.763220 49.048713 5.803627 0.194949 22.585660  0.170788 -25.993397  0.167150 18.326666       879.590292      1.374916 20.418308        92.916677      5.794755 16.995580      1261.611713     12.459865  1.331085        NaN       NaN 0.001697 0.067712 0.010723 0.010856    G+U 16.026072 0.006964 15.459212 0.005638 14.843235           0.005128 14.318659           0.004355 14.039429 0.003814  0.566859 0.008960  0.615977           0.007622  0.524576           0.006728           0.279230           0.005789 12.145164 14.236806 10.814078 0.072961 0.099526 0.073725 0.168440  0.002743  0.126777   0.002749 0.161552  0.025934
52.952457 49.374177 5.674479 0.432340 21.655238  0.430487 -27.524789  0.430862 19.434097       317.181251      0.951775 21.237670        43.686591      6.364012 18.083792       463.064145      6.610228  1.350306        NaN       NaN 0.003258 0.158164 0.015499 0.015838    G+U 17.114443 0.013851 16.592098 0.012199 15.936544           0.011093 15.383178           0.009270 14.822023 0.007166  0.522345 0.018457  0.655554           0.016488  0.553367           0.014456           0.561154           0.011717 13.203727 15.007300 11.853422 0.165477 0.228884 0.166170 0.122095  0.004023       NaN        NaN 0.132565  0.023146
53.028878 49.422794 5.701110 0.154937 22.723424  0.152549 -25.762198  0.156903 18.132103      1052.217567      1.609006 20.398085        94.663612      7.027274 16.774858      1546.019083     12.347532  1.357244        NaN       NaN 0.001660 0.080599 0.008671 0.008829    G+U 15.880032 0.006113 15.331728 0.005377 14.697756           0.004778 14.154798           0.003797 13.849790 0.003389  0.548304 0.008141  0.633972           0.007194  0.542958           0.006103           0.305008           0.005089 11.911900 14.177882 10.554655 0.059037 0.099894 0.059647 0.181077  0.002640  0.139834   0.002241 0.163277  0.030588
54.602345 48.439982 6.468798 0.306181 22.090215  0.335814 -27.215829  0.332330 19.317274       353.213243      1.004896 21.212986        44.691215      8.077358 17.892650       552.201941      7.287134  1.424624        NaN       NaN 0.003089 0.196233 0.014328 0.014657    G+U 16.912657 0.011825 16.162806 0.008273 15.463236           0.007345 14.945415           0.007286 14.503805 0.005282  0.749851 0.014432  0.699570           0.011063  0.517821           0.010345           0.441609           0.008999 13.371392 15.267104 11.946768 0.102826 0.221520 0.103774 0.112160  0.002460       NaN        NaN 0.124695  0.021869
54.582373 48.575372 5.775429 0.276354 21.012031  0.264415 -26.019342  0.236369 18.928793       505.160300      1.036390 21.147715        47.460369      3.980833 17.531427       770.170983      8.327960  1.397366        NaN       NaN 0.002228 0.091068 0.011740 0.011950    G+U 16.554996 0.009316 15.915651 0.006995 15.241940           0.006287 14.700213           0.005922 14.304894 0.004504  0.639345 0.011650  0.673712           0.009405  0.541726           0.008637           0.395320           0.007440 12.736714 14.955636 11.339348 0.103929 0.138165 0.104566 0.137435  0.002951       NaN        NaN 0.133271  0.020423
54.201549 48.690963 5.650371 0.170096 22.059310  0.162889 -26.084390  0.161417 18.347569       862.817579      1.111455 20.370085        97.136621      6.301021 16.975163      1285.563078     10.799921  1.372406        NaN       NaN 0.001399 0.070429 0.009121 0.009228    G+U 16.034351 0.006760 15.476809 0.005153 14.855073           0.004952 14.321273           0.004719 13.940902 0.003647  0.557542 0.008501  0.621737           0.007147  0.533800           0.006840           0.380371           0.005964 12.107954 14.130470 10.735548 0.065384 0.096090 0.066002 0.172422  0.002637  0.131144   0.002419 0.164467  0.026997
54.617766 49.270411 6.230538 0.305859 22.202737  0.334120 -27.499905  0.283499 19.182835       399.772576      1.009683 20.928934        58.055484      7.886853 17.740936       635.014948      4.962821  1.441898        NaN       NaN 0.002742 0.147498 0.008485 0.008917    G+U 16.892382 0.009210 16.183460 0.006724 15.484547           0.006367 14.924529           0.006956 14.503726 0.005143  0.708921 0.011403  0.698914           0.009260  0.560018           0.009430           0.420803           0.008651 13.155463 14.901562 11.713564 0.106634 0.181985 0.106935 0.122989  0.003027       NaN        NaN 0.133025  0.022554
55.169446 49.646240 5.855780 0.261380 22.257040  0.264879 -28.089941  0.219953 18.864132       536.159764      1.182231 20.731544        69.630385      7.439266 17.463440       819.940202      9.158691  1.400692        NaN       NaN 0.002394 0.115999 0.012128 0.012362    G+U 16.559140 0.007634 15.931597 0.005602 15.234729           0.005352 14.660880           0.005692 14.288348 0.004325  0.627543 0.009469  0.696868           0.007748  0.573849           0.007813           0.372532           0.007149 12.702056 14.569468 11.301364 0.096956 0.151164 0.097682 0.142403  0.003114       NaN        NaN 0.144983  0.025937
55.774816 50.157805 6.243227 0.769895 23.131386  0.750835 -25.490983  0.645421 20.355247       135.783672      0.755618 21.882517        24.121808      3.418922 18.948080       208.894086      5.329854  1.407167        NaN       NaN 0.006042 0.153888 0.027702 0.028353    G+U 18.045315 0.019908 17.251242 0.013119 16.483680           0.011450 15.911777           0.017496 15.535867 0.010759  0.794073 0.023842  0.767561           0.017413  0.571903           0.020910           0.375911           0.020540 14.332293 15.859563 12.925126 0.267847 0.308848 0.269208      NaN       NaN       NaN        NaN 0.114288  0.011532
54.029745 49.047968 5.560763 0.136249 22.271116  0.133192 -26.127190  0.126122 18.091642      1092.168313      2.154028 20.136276       120.477585     10.017933 16.728697      1613.166162     11.486024  1.362946        NaN       NaN 0.002141 0.090281 0.007731 0.008022    G+U 15.843742 0.005173 15.228058 0.003949 14.571384           0.003862 14.052306           0.003718 13.685782 0.004086  0.615684 0.006508  0.656673           0.005523  0.519078           0.005361           0.366524           0.005525 11.817314 13.861948 10.454369 0.053248 0.104792 0.053764 0.190895  0.002592  0.148618   0.002151 0.178195  0.034939
53.947500 49.295184 5.763785 0.342857 21.802872  0.328202 -27.007457  0.319840 19.307630       356.364819      1.139897 21.575674        31.999816      4.556474 17.824587       587.927133      8.306075  1.483044        NaN       NaN 0.003473 0.154599 0.015339 0.015727    G+U 16.816513 0.010968 15.913385 0.008229 15.158080           0.006712 14.590013           0.005314 14.120853 0.004090  0.903128 0.013712  0.755305           0.010619  0.568067           0.008561           0.469160           0.006706 13.111169 15.379213 11.628126 0.129216 0.201458 0.130077 0.121541  0.003355       NaN        NaN 0.121447  0.020041
54.481704 50.156067 5.734003 0.260168 21.465376  0.274076 -25.605126  0.249651 18.871233       532.664026      1.232559 21.028769        52.955320      4.759608 17.495983       795.728264      8.910643  1.375250        NaN       NaN 0.002512 0.097586 0.012158 0.012415    G+U 16.546524 0.007940 15.908612 0.006476 15.219572           0.005969 14.679835           0.004708 14.312572 0.004258  0.637912 0.010246  0.689040           0.008807  0.539737           0.007602           0.367264           0.006348 12.663522 14.821058 11.288272 0.098558 0.138673 0.099273 0.140997  0.002996       NaN        NaN 0.137822  0.022773
51.916912 48.565361 6.223034 0.496642 22.954264  0.502100 -26.590071  0.464844 19.686575       251.371967      1.007546 21.715517        28.132615      6.008194 18.214815       410.423621      9.469227  1.471760        NaN       NaN 0.004352 0.231877 0.025050 0.025425    G+U 17.257898 0.014639 16.415464 0.009406 15.653036           0.008092 15.137628           0.007253 14.736995 0.006941  0.842434 0.017400  0.762428           0.012408  0.515409           0.010867           0.400633           0.010039 13.656586 15.685528 12.184826 0.173353 0.289481 0.175100 0.102750  0.004804       NaN        NaN 0.116403  0.019266
51.880618 48.656339 5.347779 0.444258 23.008256  0.445880 -26.659283  0.440426 19.249008       376.134932      1.596830 21.267405        42.506504      5.958195 17.720146       647.291193      7.881306  1.528862        NaN       NaN 0.004609 0.152189 0.013220 0.014000    G+U 16.692260 0.010486 15.919747 0.006192 15.160668           0.005724 14.620446           0.004659 14.138634 0.003775  0.772513 0.012178  0.759079           0.008433  0.540222           0.007381           0.481812           0.005997 12.889875 14.908272 11.361013 0.180451 0.236014 0.180875 0.135544  0.005014       NaN        NaN 0.130969  0.024991
52.182298 48.877880 5.448431 0.322641 22.386568  0.340623 -25.863857  0.269406 19.125046       421.627166      0.996000 20.825142        63.879321      8.217906 17.735752       638.054076      7.662848  1.389294        NaN       NaN 0.002565 0.139677 0.013039 0.013289    G+U 16.767962 0.009758 16.127422 0.007304 15.419881           0.006435 14.870860           0.005447 14.487175 0.004909  0.640539 0.012189  0.707541           0.009735  0.549021           0.008431           0.383685           0.007333 12.806403 14.506499 11.417109 0.128614 0.189854 0.129248 0.139876  0.003921       NaN        NaN 0.147198  0.027888
52.207254 48.911352 5.302364 0.248330 20.676735  0.287666 -24.019812  0.232946 19.100445       431.289685      0.964592 21.094519        49.843631      4.682539 17.722197       646.069547      6.156701  1.378248        NaN       NaN 0.002428 0.101999 0.010346 0.010628    G+U 16.803148 0.009924 16.196625 0.007588 15.511437           0.006794 14.966386           0.005871 14.594785 0.005352  0.606523 0.012492  0.685187           0.010185  0.545052           0.008980           0.371601           0.007944 12.722793 14.716867 11.344545 0.101727 0.144036 0.102223 0.140327  0.003077       NaN        NaN 0.140879  0.023476
52.095774 49.189886 5.993800 0.210369 21.911604  0.194789 -25.900401  0.177042 18.645117       655.994291      1.179531 20.706057        71.284375      6.626923 17.266060       983.409423      8.964078  1.379057        NaN       NaN 0.001952 0.100935 0.009897 0.010088    G+U 16.324490 0.007932 15.651076 0.005738 14.977831           0.005580 14.446063           0.005866 13.969271 0.003453  0.673413 0.009790  0.673245           0.008004  0.531768           0.008096           0.476792           0.006807 12.533628 14.594568 11.154571 0.076239 0.126477 0.076854 0.147805  0.002622       NaN        NaN 0.145162  0.025578
51.202975 48.829622 5.855670 0.295410 23.281961  0.371796 -25.074602  0.328906 18.384668       833.834119      3.236149 20.809110        64.829550      4.936924 16.874897      1409.936797     11.387056  1.509771        NaN       NaN 0.004214 0.082681 0.008769 0.009729    G+U 15.944725 0.006392 15.275038 0.004677 14.539301           0.004282 14.007946           0.003332 13.545279 0.002856  0.669687 0.007921  0.735737           0.006341  0.531355           0.005426           0.462667           0.004389 12.222551 14.646993 10.712780 0.109629 0.137248 0.109898 0.161568  0.003673  0.119119   0.004377 0.139080  0.024307
51.266033 48.832803 5.495441 0.405932 23.883015  0.450671 -26.462344  0.455505 19.608612       270.085833      0.886143 21.703949        28.433966      5.025394 18.160456       431.495381      7.744885  1.448156        NaN       NaN 0.003562 0.191892 0.019488 0.019811    G+U 17.156140 0.013667 16.436901 0.009735 15.687795           0.008461 15.133916           0.007493 14.673673 0.006922  0.719238 0.016780  0.749106           0.012898  0.553879           0.011302           0.460243           0.010201 13.308625 15.403962 11.860469 0.160440 0.250102 0.161580 0.115834  0.003530       NaN        NaN 0.121598  0.021322
50.999883 48.902900 5.615069 0.248772 22.973185  0.267654 -24.972341  0.235958 18.902401       517.590450      1.144289 20.936630        57.645385      6.949370 17.526632       773.580486      5.889294  1.375769        NaN       NaN 0.002400 0.130890 0.008266 0.008607    G+U 16.585200 0.008947 15.955546 0.006645 15.266574           0.005861 14.723140           0.005295 14.319287 0.004355  0.629653 0.011145  0.688972           0.008861  0.543434           0.007899           0.403852           0.006855 12.649177 14.683406 11.273408 0.096235 0.162443 0.096560 0.142069  0.003145       NaN        NaN 0.142138  0.027527
50.764201 48.884834 5.479955 0.266849 22.765670  0.284600 -24.443352  0.239288 18.803340       567.035264      1.282988 21.104616        49.382171      6.264714 17.420872       852.725420     11.078649  1.382469        NaN       NaN 0.002457 0.137739 0.014106 0.014318    G+U 16.450040 0.008130 15.828578 0.006557 15.107361           0.005643 14.593731           0.004730 14.195806 0.004011  0.621463 0.010445  0.721217           0.008651  0.513630           0.007363           0.397925           0.006202 12.497225 14.798501 11.114757 0.105769 0.173646 0.106678 0.147112  0.003593       NaN        NaN 0.138373  0.028809
51.188724 49.030854 6.170359 0.262142 24.641390  0.324376 -26.309093  0.284442 19.007973       469.632348      1.094396 21.225960        44.160433      5.107214 17.615326       712.898365      8.345158  1.392647        NaN       NaN 0.002530 0.125567 0.012710 0.012959    G+U 16.753098 0.010254 15.999080 0.007279 15.276368           0.006713 14.757393           0.005739 14.335151 0.004233  0.754018 0.012575  0.722712           0.009901  0.518975           0.008832           0.422242           0.007131 12.959525 15.177512 11.566878 0.092288 0.155813 0.093124 0.126512  0.002695       NaN        NaN 0.127680  0.020731
51.088814 48.983114 5.885910 0.267533 23.026397  0.308539 -25.353655  0.251735 18.924843       507.001849      1.203107 20.733624        69.497205      9.017319 17.529581       771.481690     10.377291  1.395262        NaN       NaN 0.002576 0.140875 0.014604 0.014830    G+U 16.594116 0.009159 15.964766 0.006754 15.283184           0.005976 14.756029           0.005410 14.361195 0.004519  0.629350 0.011380  0.681582           0.009018  0.527155           0.008061           0.394835           0.007049 12.773911 14.582692 11.378649 0.098734 0.172010 0.099775 0.138408  0.003112       NaN        NaN 0.144553  0.027787
51.642302 49.129360 6.185193 0.407329 22.349459  0.445747 -26.149881  0.483440 19.734627       240.489531      0.873829 21.519161        33.709487      4.258342 18.308865       376.367979      8.741943  1.425762        NaN       NaN 0.003945 0.137155 0.025219 0.025525    G+U 17.281507 0.014254 16.519950 0.009825 15.784333           0.009308 15.229382           0.010628 14.789970 0.006505  0.761557 0.017312  0.735618           0.013534  0.554951           0.014128           0.439412           0.012461 13.691393 15.475927 12.265631 0.143058 0.198145 0.145210 0.105724  0.003606       NaN        NaN 0.120383  0.014931
51.648033 49.262071 5.837009 0.232109 22.210162  0.230390 -24.990322  0.217792 18.658373       648.033199      1.310006 20.729254        69.777485      6.662857 17.269200       980.569214      7.183390  1.389174        NaN       NaN 0.002195 0.103674 0.007954 0.008251    G+U 16.411625 0.008029 15.734797 0.005775 15.023281           0.005720 14.465303           0.005646 14.187526 0.004151  0.676828 0.009890  0.711515           0.008128  0.557978           0.008037           0.277778           0.007008 12.489325 14.560206 11.100152 0.086376 0.134924 0.086714 0.150498  0.002944       NaN        NaN 0.146065  0.026507
51.754276 49.244568 5.578567 0.298733 23.408260  0.303424 -26.151979  0.306523 19.253730       374.502226      1.154538 21.408857        37.314166      3.991277 17.843826       577.600398     10.073264  1.409904        NaN       NaN 0.003347 0.116135 0.018935 0.019229    G+U 16.909008 0.010942 16.210135 0.007901 15.501992           0.007607 14.973666           0.008484 14.733510 0.006182  0.698874 0.013496  0.708142           0.010968  0.528326           0.011395           0.240156           0.010497 12.986343 15.141470 11.576439 0.116331 0.164344 0.117814 0.127353  0.003194       NaN        NaN 0.128111  0.019929
51.404182 49.267651 5.634363 0.155862 23.112866  0.180302 -25.443513  0.163305 18.186419      1000.873317      1.932136 20.383260        95.964856      6.442587 16.829443      1470.215529     10.689645  1.356976        NaN       NaN 0.002096 0.072891 0.007894 0.008168    G+U 15.980197 0.006406 15.392315 0.004814 14.741549           0.004734 14.201602           0.004818 13.951339 0.003360  0.587882 0.008013  0.650766           0.006752  0.539947           0.006755           0.250263           0.005874 11.940643 14.137484 10.583667 0.060105 0.094453 0.060585 0.179985  0.002611  0.138436   0.002250 0.165099  0.029036
52.309460 49.100566 5.479101 0.273248 22.337030  0.240939 -25.989067  0.235337 18.858982       538.708407      1.051057 20.864378        61.612104      4.969534 17.469477       815.393521      7.255825  1.389505        NaN       NaN 0.002118 0.087574 0.009661 0.009891    G+U 16.601387 0.009153 15.905885 0.006668 15.173246           0.006354 14.666554           0.006861 14.229284 0.004319  0.695502 0.011324  0.732638           0.009211  0.506692           0.009352           0.437270           0.008107 12.552529 14.557925 11.163024 0.108314 0.139272 0.108724 0.149432  0.003418       NaN        NaN 0.146043  0.023982
52.566295 49.460066 5.854590 0.323513 23.059714  0.288718 -26.605687  0.291411 19.129747       419.805117      1.081966 21.116081        48.863500      6.071948 17.723549       645.265547      6.082774  1.406198        NaN       NaN 0.002798 0.134917 0.010235 0.010611    G+U 16.786652 0.010353 16.125260 0.007379 15.436807           0.007136 14.874934           0.007515 14.459868 0.004941  0.661392 0.012713  0.688453           0.010265  0.561872           0.010363           0.415066           0.008994 12.967229 14.953563 11.561031 0.120024 0.180556 0.120427 0.129493  0.003351       NaN        NaN 0.132907  0.023104
52.386453 49.553953 6.096088 0.332532 22.356138  0.292747 -25.645537  0.359187 19.021902       463.645616      0.991066 20.960676        56.382787      8.083485 17.646660       692.618893      8.210091  1.375242        NaN       NaN 0.002321 0.155660 0.012870 0.013078    G+U 16.711622 0.009538 16.098263 0.007028 15.391899           0.006754 14.851028           0.007334 14.476054 0.004996  0.613359 0.011848  0.706364           0.009747  0.540871           0.009970           0.374974           0.008874 12.947158 14.885932 11.571916 0.118473 0.195603 0.119148 0.129536  0.003409       NaN        NaN 0.135602  0.025748
53.078402 49.537622 5.321046 0.282659 22.663330  0.251192 -26.370533  0.244673 19.108644       428.044414      0.992521 21.167694        46.594984      5.614314 17.716236       649.626417      7.693731  1.392408        NaN       NaN 0.002518 0.130822 0.012859 0.013103    G+U 16.710913 0.010065 16.041416 0.008427 15.330483           0.007876 14.775710           0.006178 14.454684 0.005626  0.669497 0.013127  0.710933           0.011534  0.554773           0.010010           0.321026           0.008356 12.738629 14.797679 11.346221 0.115378 0.174414 0.116065 0.138581  0.003486       NaN        NaN 0.137939  0.025879
52.198943 50.032777 5.656639 0.158966 21.451378  0.148825 -24.353530  0.165206 18.225424       965.555588      1.500279 20.308044       102.848723      8.521433 16.857948      1432.118152      8.995075  1.367476        NaN       NaN 0.001687 0.089958 0.006819 0.007025    G+U 15.891930 0.006863 15.361758 0.005102 14.713203           0.005124 14.172615           0.004249 13.835546 0.002917  0.530171 0.008552  0.648555           0.007231  0.540588           0.006657           0.337070           0.005154 11.988216 14.070836 10.620740 0.061047 0.108703 0.061404 0.178722  0.002719  0.138055   0.002345 0.167608  0.032024
50.552605 49.177664 5.759271 0.260999 23.381308  0.298250 -25.796687  0.263062 18.962654       489.649437      1.160579 21.142302        47.697602      6.013533 17.571463       742.289392     10.048451  1.391191        NaN       NaN 0.002573 0.136885 0.014698 0.014921    G+U 16.671190 0.009561 15.999450 0.006961 15.310201           0.006521 14.763864           0.005358 14.369233 0.004198  0.671741 0.011826  0.689249           0.009538  0.546337           0.008440           0.394630           0.006807 12.764492 14.944140 11.373301 0.098441 0.168587 0.099498 0.135398  0.002956       NaN        NaN 0.133743  0.025094
50.663424 49.299909 5.940371 0.222224 24.395222  0.311079 -25.837274  0.215345 18.685205       632.215204      1.312500 20.490984        86.900664      8.058418 17.299068       953.961599     10.176903  1.386137        NaN       NaN 0.002254 0.100682 0.011583 0.011800    G+U 16.447418 0.008751 15.792426 0.006866 15.114823           0.006083 14.543409           0.004905 14.140796 0.003693  0.654992 0.011123  0.677603           0.009173  0.571414           0.007814           0.402614           0.006140 12.554273 14.360052 11.168136 0.081264 0.129366 0.082054 0.150175  0.002796       NaN        NaN 0.153353  0.026536
50.818663 49.373944 5.636268 0.459354 22.437735  0.464488 -24.829043  0.467652 19.711159       245.744051      0.916686 21.342200        39.676866      7.838585 18.320507       372.353297      9.268991  1.390652        NaN       NaN 0.004050 0.214499 0.027027 0.027329    G+U 17.305166 0.015044 16.549814 0.011255 15.808942           0.009273 15.286057           0.008564 14.897494 0.006710  0.755352 0.018788  0.740872           0.014583  0.522884           0.012623           0.388563           0.010880 13.466117 15.097158 12.075465 0.177021 0.278082 0.179026 0.113567  0.004104       NaN        NaN 0.128876  0.023548
51.235068 49.362488 5.491703 0.182506 22.048698  0.169632 -25.621749  0.161767 18.208792       980.460870      2.090708 19.964344       141.149362     13.882527 16.833010      1465.393264     11.687459  1.375782        NaN       NaN 0.002315 0.106786 0.008659 0.008964    G+U 16.005615 0.006314 15.355207 0.004919 14.727106           0.004614 14.170030           0.003773 13.829491 0.002871  0.650408 0.008004  0.628101           0.006745  0.557076           0.005961           0.340539           0.004741 11.907327 13.662879 10.531545 0.072202 0.128884 0.072682 0.188780  0.003384  0.146342   0.002771 0.187343  0.037570
51.216360 49.561270 5.374045 0.181152 22.499354  0.175819 -23.993749  0.171285 18.037980      1147.506458      1.934019 20.265665       106.942565      7.636893 16.653904      1728.210716      9.206246  1.384075        NaN       NaN 0.001830 0.077534 0.005784 0.006066    G+U 15.713676 0.005454 15.101726 0.004143 14.427586           0.003978 13.879793           0.002943 13.493471 0.002307  0.611950 0.006849  0.674140           0.005743  0.547792           0.004949           0.386322           0.003740 11.689486 13.917171 10.305410 0.073220 0.106627 0.073426 0.197349  0.003504  0.152506   0.003156 0.174560  0.033507
50.333136 49.383839 6.187222 0.275236 22.737645  0.384427 -24.959793  0.317353 18.998047       473.945355      1.157100 21.037935        52.510053      7.271396 17.622887       707.951332      7.504570  1.375160        NaN       NaN 0.002651 0.150349 0.011509 0.011811    G+U 16.725807 0.009913 16.073069 0.007352 15.360393           0.006479 14.817664           0.005856 14.488832 0.004476  0.652739 0.012341  0.712676           0.009799  0.542728           0.008734           0.328832           0.007371 12.955526 14.995414 11.580366 0.096633 0.178706 0.097280 0.127369  0.002876       NaN        NaN 0.132636  0.024375
50.163328 49.534927 5.481625 0.213837 24.229947  0.263953 -25.527259  0.208476 18.519087       736.736059      1.678297 20.660583        74.333249      9.048041 17.138914      1105.585114     10.559488  1.380173        NaN       NaN 0.002473 0.132159 0.010370 0.010661    G+U 16.191484 0.007127 15.601494 0.005535 14.931997           0.005264 14.382076           0.004358 14.029797 0.003613  0.589991 0.009024  0.669497           0.007638  0.549921           0.006834           0.352280           0.005661 12.213634 14.355130 10.833461 0.084745 0.156976 0.085341 0.164123  0.003335  0.124483   0.003549 0.154466  0.034332
51.115042 50.269917 5.633255 0.187891 23.470995  0.167834 -26.003728  0.193658 18.339508       869.247457      1.108431 20.231293       110.382302      9.797656 16.990238      1267.834545      7.492736  1.349270        NaN       NaN 0.001384 0.096371 0.006417 0.006564    G+U 16.004662 0.006995 15.424062 0.005238 14.796678           0.004876 14.209502           0.004573 13.826703 0.002272  0.580600 0.008739  0.627384           0.007156  0.587175           0.006685           0.382799           0.005106 12.093305 13.985090 10.744035 0.072440 0.120553 0.072711 0.174163  0.003067  0.133492   0.002768 0.172161  0.032408
51.720292 49.883373 5.808621 0.227493 22.565356  0.200725 -25.366151  0.210895 18.870945       532.805187      0.888583 20.995401        54.608043      5.028016 17.483353       805.038771      7.173622  1.387592        NaN       NaN 0.001811 0.099969 0.009675 0.009843    G+U 16.611958 0.008792 15.933701 0.006624 15.220281           0.006707 14.678054           0.007020 14.320830 0.004566  0.678257 0.011008  0.713420           0.009427  0.542227           0.009709           0.357224           0.008375 12.691310 14.815766 11.303718 0.085064 0.131250 0.085594 0.139767  0.002631       NaN        NaN 0.137588  0.022732
51.602521 49.860107 5.456473 0.130121 22.350379  0.118434 -24.891752  0.125209 18.039698      1145.692204      1.539611 20.125189       121.714283      7.097044 16.707056      1645.644105      7.964946  1.332642        NaN       NaN 0.001459 0.063308 0.005255 0.005454    G+U 15.853194 0.005800 15.284234 0.004573 14.623076           0.004488 14.075031           0.004567 13.892023 0.003227  0.568960 0.007386  0.661158           0.006407  0.548045           0.006403           0.183008           0.005592 11.724258 13.809749 10.391616 0.051804 0.081789 0.052049 0.196158  0.002493  0.151829   0.002204 0.182600  0.030407
51.700151 50.037524 5.719695 0.163910 22.123165  0.147881 -24.576409  0.169078 18.126484      1057.676456      1.310051 20.312332       102.443366      8.700715 16.769562      1553.580574      7.121409  1.356922        NaN       NaN 0.001345 0.092214 0.004977 0.005155    G+U 15.754954 0.006311 15.218971 0.004879 14.599024           0.004623 14.035215           0.003873 13.730380 0.002769  0.535983 0.007977  0.619947           0.006721  0.563808           0.006031           0.304835           0.004761 11.913348 14.099196 10.556426 0.062243 0.111246 0.062427 0.182186  0.002825  0.141069   0.002351 0.166891  0.033153
52.317062 50.315310 5.614514 0.185228 23.116947  0.170802 -24.389546  0.170242 18.449644       785.396882      1.239200 20.526049        84.138983      7.482862 17.101557      1144.287454      9.622307  1.348087        NaN       NaN 0.001713 0.096559 0.009130 0.009289    G+U 16.119179 0.007969 15.559768 0.005934 14.917137           0.006024 14.369622           0.004861 13.963639 0.003226  0.559411 0.009936  0.642631           0.008456  0.547515           0.007741           0.405983           0.005834 12.196205 14.272610 10.848118 0.071659 0.120233 0.072218 0.165383  0.002785  0.125145   0.002915 0.159211  0.030102
52.328251 50.369550 5.042537 0.367688 20.983831  0.351490 -25.473348  0.355382 19.469221       307.084571      0.913426 21.559374        32.483847      4.975374 18.053568       476.136176      5.844136  1.415653        NaN       NaN 0.003230 0.166296 0.013326 0.013712    G+U 16.966540 0.012951 16.309550 0.009409 15.594381           0.008400 15.079349           0.007511 14.624012 0.005333  0.656990 0.016009  0.715168           0.012614  0.515033           0.011269           0.455337           0.009212 12.982466 15.072619 11.566813 0.158371 0.229620 0.158898 0.128145  0.004376       NaN        NaN 0.129630  0.024828
53.670038 50.061072 6.227336 0.207242 22.149013  0.195802 -26.281070  0.197030 18.658222       648.123989      1.384884 20.863950        61.636295      5.391330 17.256681       991.940763      8.307874  1.401541        NaN       NaN 0.002320 0.094969 0.009093 0.009385    G+U 16.373077 0.007457 15.707209 0.005547 15.013785           0.005236 14.451628           0.004828 14.116680 0.003979  0.665869 0.009294  0.693423           0.007628  0.562158           0.007122           0.334948           0.006256 12.629734 14.835462 11.228193 0.072302 0.119338 0.072835 0.141764  0.002351       NaN        NaN 0.136624  0.022326
53.704781 50.833597 5.936504 0.148486 22.600942  0.134466 -25.915413  0.118478 18.082798      1101.101395      1.518202 20.048382       130.636316     11.119363 16.738140      1599.197497      9.440964  1.344658        NaN       NaN 0.001497 0.092415 0.006410 0.006582    G+U 15.831760 0.005304 15.250416 0.003943 14.589857           0.004010 14.040356           0.003562 13.686551 0.002597  0.581345 0.006609  0.660559           0.005624  0.549501           0.005364           0.353805           0.004408 11.950452 13.916036 10.605794 0.054334 0.107193 0.054691 0.181874  0.002523  0.141239   0.002110 0.176097  0.033593
53.494607 50.879898 5.399141 0.246283 22.170721  0.255185 -26.991649  0.173313 18.201607       986.970310      3.259362 19.827760       160.071086      7.887691 16.748405      1584.149610     13.765986  1.453201        NaN       NaN 0.003586 0.053501 0.009435 0.010093    G+U 15.868957 0.005609 15.206844 0.004204 14.534129           0.004049 13.958855           0.003587 13.538155 0.002437  0.662112 0.007010  0.672715           0.005837  0.575274           0.005409           0.420700           0.004336 11.863230 13.489383 10.410028 0.099117 0.112577 0.099501 0.200460  0.004458  0.153055   0.003917 0.192575  0.027429
52.780435 51.160358 5.792374 0.187076 23.052415  0.177124 -26.687168  0.150445 18.448065       786.540590      1.307574 20.425459        92.306795      8.219771 17.082457      1164.596806      9.386351  1.365608        NaN       NaN 0.001805 0.096683 0.008751 0.008935    G+U 16.158500 0.006570 15.554852 0.005009 14.895278           0.004976 14.347088           0.004517 14.059763 0.003500  0.603649 0.008262  0.659574           0.007060  0.548190           0.006720           0.287325           0.005714 12.262348 14.239742 10.896740 0.070155 0.119441 0.070676 0.163075  0.002665  0.122653   0.002953 0.159724  0.029506
52.794037 51.278598 5.310079 0.185990 24.639261  0.193542 -23.280651  0.170216 18.403227       819.702515      1.408427 20.212666       112.292483      5.978256 17.108149      1137.362302      7.283360  1.295078        NaN       NaN 0.001866 0.057803 0.006953 0.007199    G+U 16.298168 0.007123 15.801045 0.006186 15.160599           0.005970 14.541309           0.005504 14.235482 0.004221  0.497123 0.009434  0.640447           0.008597  0.619289           0.008120           0.305827           0.006936 12.028732 13.838171 10.733654 0.076080 0.095530 0.076375 0.180657  0.003038  0.137212   0.002644 0.182022  0.026173
54.373467 52.333561 5.936149 0.352641 20.850225  0.374368 -25.926547  0.307913 19.374683       335.022206      1.003785 21.504253        34.175555      4.899065 17.951937       522.857412      5.989892  1.422747        NaN       NaN 0.003253 0.155640 0.012438 0.012857      G       NaN      NaN       NaN      NaN       NaN                NaN       NaN                NaN       NaN      NaN       NaN      NaN       NaN                NaN       NaN                NaN                NaN                NaN 13.242207 15.371777 11.819461 0.129039 0.202149 0.129596 0.117332  0.002856       NaN        NaN 0.122734  0.019647
53.607208 52.159815 5.295153 0.123808 23.738961  0.134834 -24.284323  0.127468 18.035192      1150.455932      1.563524 19.974419       139.845826      7.631401 16.738420      1598.783437      9.287972  1.296772        NaN       NaN 0.001476 0.059249 0.006307 0.006478      G       NaN      NaN       NaN      NaN       NaN                NaN       NaN                NaN       NaN      NaN       NaN      NaN       NaN                NaN       NaN                NaN                NaN                NaN 11.654585 13.593812 10.357813 0.050794 0.078027 0.051163 0.203169  0.002689  0.158107   0.002705 0.196383  0.030875
49.841898 50.089897 5.808110 0.523536 22.525532  0.532916 -25.294073  0.521993 19.875510       211.223814      0.975784 21.512234        33.925265      5.868204 18.417542       340.519035      9.116842  1.457968        NaN       NaN 0.005016 0.187805 0.029069 0.029498    G+U 17.298600 0.016464 16.567799 0.011616 15.860811           0.010072 15.314090           0.009241 14.856810 0.006801  0.730801 0.020150  0.706987           0.015375  0.546721           0.013669           0.457280           0.011473 13.695684 15.332408 12.237716 0.195798 0.271261 0.197881 0.107410  0.004763       NaN        NaN 0.122320  0.018479
50.639149 50.402382 5.332650 0.216747 23.944254  0.194308 -25.498482  0.216769 18.693295       627.522448      0.980771 20.841839        62.904460      5.667529 17.321321       934.607834      8.461940  1.371973        NaN       NaN 0.001697 0.097822 0.009830 0.009976    G+U 16.279156 0.008137 15.680167 0.006008 14.999092           0.005617 14.411490           0.005480 14.018645 0.002735  0.598989 0.010115  0.681075           0.008225  0.587603           0.007847           0.392844           0.006124 12.328010 14.476554 10.956036 0.088277 0.131754 0.088806 0.157877  0.003079  0.115614   0.003843 0.149928  0.027809
50.813224 50.417219 5.521463 0.199331 23.992159  0.180293 -26.119849  0.212335 18.626560       667.302623      1.207312 20.991037        54.827931      4.353301 17.234730      1012.199850      9.175318  1.391830        NaN       NaN 0.001964 0.086207 0.009842 0.010036    G+U 16.208069 0.007705 15.647533 0.005830 14.987789           0.005519 14.409074           0.005385 13.998260 0.002688  0.560535 0.009662  0.659744           0.008027  0.578715           0.007711           0.410814           0.006019 12.336831 14.701308 10.945001 0.078417 0.116520 0.079008 0.154837  0.002677  0.113092   0.003101 0.141217  0.024382
50.181314 50.994238 5.872818 0.273261 23.363457  0.285695 -24.911720  0.270242 19.166653       405.775151      1.025847 21.085402        50.263885      6.809851 17.793043       605.258725      8.524709  1.373609        NaN       NaN 0.002745 0.147098 0.015292 0.015536    G+U 16.728773 0.010809 16.110980 0.007726 15.445869           0.007158 14.896850           0.006728 14.520184 0.005779  0.617794 0.013286  0.665110           0.010532  0.549020           0.009824           0.376666           0.008869 13.010886 14.929635 11.637276 0.101076 0.178456 0.102189 0.126299  0.002989       NaN        NaN 0.134347  0.024076
50.834992 50.956637 5.528893 0.377275 22.699323  0.379633 -24.277033  0.337261 19.256767       373.456411      1.141169 21.327210        40.228422      6.658233 17.836807       581.347286      7.385924  1.419960        NaN       NaN 0.003318 0.179701 0.013794 0.014187    G+U 17.032423 0.013471 16.635965 0.012247 15.492258           0.007617 14.947637           0.007123 14.522490 0.005841  0.396458 0.018207  1.143707           0.014423  0.544621           0.010429           0.425147           0.009211 12.969958 15.040401 11.549998 0.148212 0.232912 0.148816 0.128360  0.004208       NaN        NaN 0.130328  0.026159
51.649844 51.374876 5.388999 0.254422 21.152603  0.218319 -24.109299  0.222290 18.446323       787.801959      1.352308 20.111540       123.253896     16.752384 16.926914      1343.979676     29.325619  1.519409        NaN       NaN 0.001864 0.147571 0.023691 0.023764    G+U 16.149931 0.005935 15.575888 0.004601 14.916039           0.004432 14.332881           0.004267 13.958170 0.003501  0.574043 0.007510  0.659848           0.006388  0.583159           0.006152           0.374711           0.005519 12.103864 13.769081 10.584455 0.102535 0.179686 0.105220 0.180431  0.004602  0.139076   0.003930 0.174263  0.040431
51.149795 51.182647 6.128184 0.613285 26.082596  0.646849 -27.380521  0.570883 20.188389       158.340132      0.725453 21.789593        26.277220      5.518146 18.718342       258.119868      7.353361  1.470047        NaN       NaN 0.004974 0.228002 0.030931 0.031328    G+U 17.611664 0.014500 16.733890 0.009289 15.970918           0.008405 15.392981           0.009585 14.925428 0.007855  0.877773 0.017220  0.762973           0.012528  0.577937           0.012748           0.467552           0.012392 14.125048 15.726252 12.655001 0.217369 0.314975 0.219503      NaN       NaN       NaN        NaN 0.115459  0.015599
49.592435 51.795870 5.896329 0.237328 24.605950  0.235320 -26.036925  0.221627 18.689514       629.710570      1.392975 21.032654        52.766156      6.576897 17.285930       965.574533      9.085008  1.403584        NaN       NaN 0.002402 0.135329 0.010216 0.010494    G+U 16.376030 0.007202 15.675282 0.005261 14.970377           0.004942 14.406445           0.004722 14.105286 0.003508  0.700747 0.008919  0.704905           0.007218  0.563932           0.006835           0.301159           0.005882 12.542422 14.885562 11.138838 0.087435 0.161099 0.087997 0.144619  0.003008       NaN        NaN 0.135110  0.027159
53.007948 52.915297 5.815771 0.316085 21.033382  0.322744 -24.644163  0.295695 18.993364       475.993523      1.092551 20.766047        67.452573      8.151489 17.589987       729.732574      9.510745  1.403377        NaN       NaN 0.002492 0.131209 0.014151 0.014368      G       NaN      NaN       NaN      NaN       NaN                NaN       NaN                NaN       NaN      NaN       NaN      NaN       NaN                NaN       NaN                NaN                NaN                NaN 12.816400 14.589083 11.413023 0.118045 0.176477 0.118864 0.138600  0.003558       NaN        NaN 0.143968  0.026408
51.726953 53.075116 6.329701 0.229824 23.147940  0.203961 -25.964150  0.226379 18.785654       576.347976      1.217782 21.065334        51.201566      6.544672 17.392372       875.406237     10.939418  1.393282        NaN       NaN 0.002294 0.138781 0.013568 0.013760      G       NaN      NaN       NaN      NaN       NaN                NaN       NaN                NaN       NaN      NaN       NaN      NaN       NaN                NaN       NaN                NaN                NaN                NaN 12.792570 15.072250 11.399288 0.078877 0.159613 0.080002 0.132747  0.002398       NaN        NaN 0.130283  0.023946
52.360265 53.402951 5.911313 0.141759 21.816186  0.134378 -26.247192  0.133357 18.063131      1121.229389      3.463782 20.257034       107.796176      8.567390 16.719830      1626.397318     16.964935  1.343302        NaN       NaN 0.003354 0.086292 0.011325 0.011812      G       NaN      NaN       NaN      NaN       NaN                NaN       NaN                NaN       NaN      NaN       NaN      NaN       NaN                NaN       NaN                NaN                NaN                NaN 11.921551 14.115454 10.578250 0.052182 0.100787 0.053291 0.181274  0.002421  0.140640   0.002036 0.166760  0.031939
53.993180 44.636264 5.596829 0.161838 20.843525  0.180659 -24.600174  0.130826 18.003979      1184.009097      2.858340 19.609894       195.640646     10.694100 16.657707      1722.167220     12.221046  1.346272        NaN       NaN 0.002621 0.059348 0.007705 0.008138      G       NaN      NaN       NaN      NaN       NaN                NaN       NaN                NaN       NaN      NaN       NaN      NaN       NaN                NaN       NaN                NaN                NaN                NaN 11.743689 13.349604 10.397417 0.062845 0.086399 0.063261 0.205119  0.003253  0.158841   0.003267 0.206925  0.030327
55.143999 52.008277 5.474255 0.017208 20.772393  0.017840 -25.560589  0.015858  9.096957   4326771.769532    840.416000  9.259084   2702610.414120   1141.002800  8.802034   2389706.912818    862.959600  0.294923        NaN       NaN 0.000211 0.000458 0.000392 0.000445      G       NaN      NaN       NaN      NaN       NaN                NaN       NaN                NaN       NaN      NaN       NaN      NaN       NaN                NaN       NaN                NaN                NaN                NaN  2.788582  2.950709  2.493659 0.006829 0.006841 0.006837 1.621202  0.001491  1.637796   0.001337      NaN       NaN
53.399450 44.870745 5.640390 0.019055 21.508442  0.021799 -25.838165  0.018167 10.256288   1487413.767290    696.092960 10.552379    821230.846508    805.237600  9.795286    957290.797343    763.791260  0.461001   1.817003  0.429068 0.000508 0.001065 0.000866 0.001004      G       NaN      NaN       NaN      NaN       NaN                NaN       NaN                NaN       NaN      NaN       NaN      NaN       NaN                NaN       NaN                NaN                NaN                NaN  4.012834  4.308925  3.551832 0.007354 0.007413 0.007387 1.254320  0.001009  1.256677   0.000930 1.209014  0.004115
52.246013 44.527638 5.380462 0.042018 22.226042  0.043151 -24.733487  0.040513 11.518530    465087.763072    501.785060 12.016661    213183.042129    781.234200 10.849516    362536.604405    991.686460  0.669014  -0.810648  3.112142 0.001171 0.003979 0.002970 0.003193      G       NaN      NaN       NaN      NaN       NaN                NaN       NaN                NaN       NaN      NaN       NaN      NaN       NaN                NaN       NaN                NaN                NaN                NaN  5.172628  5.670759  4.503614 0.016998 0.017418 0.017216 1.007395  0.001793  1.008598   0.002079 0.956452  0.006693
50.764605 46.334114 5.362591 0.053790 21.980470  0.054044 -25.273529  0.046878 11.455104    493066.122979    965.012000 11.871045    243780.529716   1930.233600 10.845378    363921.034858   2066.405800  0.609726   0.673080  5.734249 0.002125 0.008597 0.006165 0.006521      G       NaN      NaN       NaN      NaN       NaN                NaN       NaN                NaN       NaN      NaN       NaN      NaN       NaN                NaN       NaN                NaN                NaN                NaN  5.101977  5.517918  4.492251 0.021885 0.023416 0.022637 1.022669  0.002452  1.024393   0.002495 0.974852  0.009265
51.594458 47.269172 5.614687 0.022915 22.772188  0.031327 -25.551210  0.022347 11.650108    412005.826918    208.849950 12.117604    194256.402139    324.336330 11.014248    311500.721153    390.761600  0.635860  -0.785293  3.461292 0.000550 0.001813 0.001362 0.001469    G+U 11.036863 0.000569 11.108587 0.000579 10.560145           0.000617 10.930693           0.000679 10.070113 0.000368 -0.071724 0.000812  0.548442           0.000846 -0.370547           0.000917           0.860580           0.000772  5.396736  5.864232  4.760876 0.008880 0.009046 0.008967 0.967807  0.000936  0.968215   0.001233 0.930517  0.003770
51.229814 47.414906 5.773120 0.016971 23.118740  0.018624 -25.239297  0.017167  9.620044   2672570.461923    416.584720  9.861730   1551404.151568    408.789370  9.215563   1632800.366527    399.707600  0.404481 -16.115824  3.199263 0.000169 0.000286 0.000266 0.000315  G+U+H 12.158051 0.000948 12.195417 0.000966 10.776160           0.000666 11.709101           0.000978 10.015512 0.000348 -0.037366 0.001354  1.419257           0.001174 -0.932940           0.001183           1.693588           0.001038  3.427097  3.668783  3.022616 0.006385 0.006390 0.006389 1.411622  0.001117  1.417061   0.001498 1.368011  0.002480
51.372952 47.967207 5.745593 0.015125 21.467909  0.016516 -24.835569  0.016831  9.172591   4035619.597839    781.630200  9.382275   2412720.498415    694.137450  8.808717   2375043.080368    575.106570  0.363874   0.087613  0.489743 0.000210 0.000312 0.000263 0.000337    G+U 11.484434 0.000678 11.330574 0.000638 10.423761           0.000564 11.014888           0.000704  9.901591 0.000323  0.153860 0.000930  0.906813           0.000851 -0.591126           0.000902           1.113296           0.000774  2.969265  3.178949  2.605391 0.005720 0.005725 0.005722 1.556373  0.001163  1.566588   0.006734      NaN       NaN
56.423617 45.180399 5.633800 0.015161 21.015610  0.015438 -26.493759  0.014300 11.745817    377241.778748    469.805480 12.217464    177186.661278    814.561900 11.103573    286899.065915    950.604300  0.642244  12.218035  5.861906 0.001352 0.004991 0.003597 0.003843      G       NaN      NaN       NaN      NaN       NaN                NaN       NaN                NaN       NaN      NaN       NaN      NaN       NaN                NaN       NaN                NaN                NaN                NaN  5.499824  5.971471  4.857580 0.005998 0.007685 0.006862 0.949685  0.000709  0.951052   0.000648 0.917427  0.005793
55.274081 45.793686 5.251190 0.023159 20.623569  0.022695 -24.055936  0.020345 10.108564   1704201.153431    586.755070 10.423340    924870.171248    760.458300  9.623085   1121822.406610    493.610440  0.485479 -12.353641 15.377093 0.000374 0.000893 0.000478 0.000607      G       NaN      NaN       NaN      NaN       NaN                NaN       NaN                NaN       NaN      NaN       NaN      NaN       NaN                NaN       NaN                NaN                NaN                NaN  3.709853  4.024629  3.224374 0.009584 0.009618 0.009588 1.332442  0.001544  1.334413   0.001862 1.282225  0.004527
56.431132 46.301084 5.460292 0.013261 20.421178  0.015088 -25.853679  0.013220 11.913729    323188.141058    375.896700 12.369805    153990.731356    633.177800 11.290073    241617.763830    773.850600  0.623655  15.691516 10.365201 0.001263 0.004464 0.003477 0.003700      G       NaN      NaN       NaN      NaN       NaN                NaN       NaN                NaN       NaN      NaN       NaN      NaN       NaN                NaN       NaN                NaN                NaN                NaN  5.599808  6.055884  4.976152 0.005423 0.006909 0.006317 0.931815  0.000592  0.932811   0.000727 0.907376  0.005120
45.786736 49.643403 5.574553 0.051594 24.786953  0.052377 -22.993833  0.067316  9.823732   2215409.189506    286.727940 10.114155   1229574.580846    344.348480  9.360731   1428451.908273    313.936220  0.463001   4.651660  3.773745 0.000141 0.000304 0.000239 0.000277    G+U 11.687717 0.000749 11.783077 0.000787 10.538402           0.000564 11.146150           0.000727 10.995393 0.000571 -0.095360 0.001087  1.244676           0.000969 -0.607748           0.000920           0.150757           0.000924  3.554782  3.845205  3.091781 0.020098 0.020100 0.020099 1.374793  0.003166  1.379044   0.003336 1.326395  0.005719
57.655043 48.674308 5.146451 0.016829 23.962785  0.016594 -25.287711  0.017232  9.949155   1973716.354855    390.996370 10.250762   1084206.794616    386.796400  9.478018   1282186.252472    273.087900  0.471137   0.295432  0.594481 0.000215 0.000387 0.000231 0.000316      G       NaN      NaN       NaN      NaN       NaN                NaN       NaN                NaN       NaN      NaN       NaN      NaN       NaN                NaN       NaN                NaN                NaN                NaN  3.506694  3.808301  3.035557 0.007104 0.007111 0.007105 1.387534  0.001150  1.392363   0.001708 1.337645  0.003108
56.732619 49.690681 5.814108 0.015860 21.584283  0.017789 -27.697751  0.015289 10.506613   1181140.962813    515.602050 10.820450    641559.253881    903.672550 10.024580    775043.754517    747.798030  0.482033  -0.554585  0.389876 0.000474 0.001529 0.001048 0.001150      G       NaN      NaN       NaN      NaN       NaN                NaN       NaN                NaN       NaN      NaN       NaN      NaN       NaN                NaN       NaN                NaN                NaN                NaN  4.329029  4.642866  3.846996 0.005942 0.006118 0.006015 1.180379  0.000788  1.182038   0.000844 1.132356  0.004437
57.133575 50.047094 5.618304 0.014253 20.275327  0.015366 -27.080811  0.013561 10.175082   1602927.483306    400.812600 10.446009    905760.808481    452.045500  9.740210   1007103.722268    339.782300  0.434873   1.263786  0.967162 0.000271 0.000542 0.000366 0.000456      G       NaN      NaN       NaN      NaN       NaN                NaN       NaN                NaN       NaN      NaN       NaN      NaN       NaN                NaN       NaN                NaN                NaN                NaN  3.923108  4.194035  3.488236 0.005516 0.005535 0.005521 1.277255  0.000849  1.279279   0.000984 1.234769  0.002873
56.478260 50.419131 5.337724 0.014952 20.004767  0.015633 -25.528545  0.014493  9.383267   3323837.818028    639.242200  9.572040   2025820.422490    778.396700  9.051152   1899753.832341    567.206850  0.332115   0.784744  0.313288 0.000209 0.000417 0.000324 0.000386      G       NaN      NaN       NaN      NaN       NaN                NaN       NaN                NaN       NaN      NaN       NaN      NaN       NaN                NaN       NaN                NaN                NaN                NaN  3.020048  3.208821  2.687933 0.006086 0.006097 0.006091 1.538987  0.001218  1.544448   0.008321      NaN       NaN
55.420862 51.276420 6.056988 0.015790 22.594436  0.015325 -28.024011  0.015496  9.343081   3449167.544871    602.840200  9.580027   2010972.420775    672.564600  8.944540   2095763.461469    441.750180  0.398541 -16.586210  1.734094 0.000190 0.000363 0.000229 0.000297      G       NaN      NaN       NaN      NaN       NaN                NaN       NaN                NaN       NaN      NaN       NaN      NaN       NaN                NaN       NaN                NaN                NaN                NaN  3.254365  3.491311  2.855824 0.005664 0.005672 0.005665 1.462613  0.001022  1.468731   0.001782 1.415237  0.002517
50.163819 47.489292 5.068065 0.189595 22.620864  0.204328 -25.280256  0.186922 10.276402   1460111.874235   1829.095100 10.585111    796842.537146    757.438600  9.744634   1003008.616568    698.654800  0.531768  -2.041953  1.392780 0.001360 0.001032 0.000756 0.001556    G+U 11.592420 0.000734 11.693700 0.000762 10.613283           0.000607 11.193361           0.000704  9.941023 0.000329 -0.101280 0.001058  1.080417           0.000974 -0.580078           0.000930           1.252338           0.000778  3.800612  4.109322  3.268845 0.081246 0.081241 0.081238 1.312849  0.012220  1.315156   0.012311 1.255722  0.021093
49.614347 47.354158 5.933995 0.025109 24.380221  0.025365 -26.009332  0.023088 11.334377    551056.087783    845.292660 11.768754    267864.577651   1224.955300 10.723388    407195.762918   1387.181000  0.610990   2.186426  6.691116 0.001665 0.004965 0.003699 0.004056    G+U 11.026192 0.000604 11.017855 0.000593 10.654615           0.000627 11.490065           0.000836 10.427254 0.000350  0.008337 0.000846  0.363239           0.000862 -0.835449           0.001045           1.062811           0.000906  5.201113  5.635490  4.590124 0.009338 0.010444 0.009905 1.003425  0.001026  1.004319   0.001037 0.959445  0.006470
50.528592 47.568418 5.803576 0.072346 24.036536  0.080372 -24.127994  0.065190 11.702181    392712.254137    846.190700 12.247410    172366.510069   1306.589700 10.993492    317512.753382   1787.673200  0.708689   4.735830 10.193860 0.002339 0.008230 0.006113 0.006545    G+U 11.179569 0.000608 11.154544 0.000588 10.725188           0.000634 11.236975           0.000710 10.308527 0.000392  0.025025 0.000846  0.429356           0.000865 -0.511786           0.000952           0.928448           0.000811  5.520659  6.065888  4.811970 0.027170 0.028292 0.027751 0.944583  0.002840  0.945695   0.002767 0.907853  0.008633
50.918136 47.958130 5.759803 0.014837 22.948748  0.016734 -24.865669  0.015455  9.863218   2136286.739423    267.237900 10.191057   1145497.177893    260.678340  9.357852   1432245.478372    367.545040  0.505366   4.783972  3.313734 0.000136 0.000247 0.000279 0.000310    G+U 12.115491 0.000909 12.171460 0.000933 10.685726           0.000611 11.321896           0.000728 17.265821 0.050685 -0.055969 0.001303  1.485734           0.001115 -0.636169           0.000950          -5.943926           0.050691  3.665256  3.993095  3.159890 0.005595 0.005599 0.005601 1.344755  0.000887  1.347508   0.000861 1.291146  0.002542
50.174629 48.410317 5.874991 0.016194 23.896223  0.020321 -25.109488  0.021498 11.839821    345953.948345    414.488130 12.327652    160087.019672    705.792400 11.188996    265191.609241    813.894100  0.650825   0.034985  2.352397 0.001301 0.004787 0.003332 0.003577    G+U 10.981034 0.000571 11.191480 0.000594 10.570473           0.000607 10.959067           0.000645 10.176395 0.000365 -0.210445 0.000824  0.621007           0.000850 -0.388595           0.000886           0.782672           0.000741  5.684857  6.172688  5.034032 0.006125 0.007664 0.006851 0.917553  0.000676  0.918478   0.001273 0.895100  0.005371
50.376138 48.493746 5.746345 0.015500 23.336552  0.019691 -25.046001  0.015989  9.088406   4360983.631830    859.852700  9.283798   2641786.664300   1048.014800  8.743997   2520923.394806    763.824340  0.344409  -1.156558  1.446184 0.000214 0.000431 0.000329 0.000392    G+H       NaN      NaN       NaN      NaN       NaN                NaN       NaN                NaN       NaN      NaN       NaN      NaN       NaN                NaN       NaN                NaN                NaN                NaN  2.885364  3.080756  2.540955 0.005861 0.005873 0.005867 1.585972  0.001231  1.601020   0.001145      NaN       NaN
49.761651 48.183099 5.344377 0.099452 23.977685  0.097898 -26.370351  0.089954 11.472632    485169.985478    424.810300 11.994616    217555.616419    517.885100 10.787062    384002.053132    742.828700  0.685571  -0.603468  4.326623 0.000951 0.002585 0.002100 0.002305    G+U 10.821242 0.000539 10.695683 0.000511 10.317415           0.000555 10.717140           0.000561  9.901407 0.000333  0.125559 0.000743  0.378268           0.000754 -0.399725           0.000789           0.815733           0.000653  5.112118  5.634102  4.426548 0.040419 0.040491 0.040463 1.017744  0.004343  1.019229   0.004501 0.962454  0.007841
50.334379 48.757397 5.741032 0.013335 23.265519  0.014226 -24.911424  0.014585 11.738529    379782.589427    423.657780 12.178705    183626.282256    678.040600 11.123790    281606.300609    800.322140  0.614739  -0.154277  0.893922 0.001211 0.004009 0.003086 0.003315    G+U 11.068078 0.000582 11.028547 0.000577 10.701905           0.000632 11.063976           0.000664 10.229493 0.000398  0.039531 0.000820  0.326642           0.000856 -0.362071           0.000917           0.834483           0.000774  5.533479  5.973655  4.918740 0.005187 0.006443 0.005913 0.943835  0.000636  0.945589   0.000706 0.916254  0.004894
50.417748 49.120114 5.818307 0.017347 23.951489  0.018788 -25.777454  0.021700  9.479051   3043172.929154    477.407680  9.707881   1787576.427120    631.500240  9.092015   1829582.112192    578.197000  0.387035  -0.536736  0.220466 0.000170 0.000384 0.000343 0.000383      G       NaN      NaN       NaN      NaN       NaN                NaN       NaN                NaN       NaN      NaN       NaN      NaN       NaN                NaN       NaN                NaN                NaN                NaN  3.303034  3.531864  2.915998 0.006476 0.006486 0.006483 1.447918  0.001133  1.455876   0.001449 1.403367  0.002649
49.404073 48.835591 5.462068 0.020551 22.824160  0.023094 -23.682214  0.021753 10.951035    784391.555951    710.156560 11.341805    396912.894431   1184.637100 10.386258    555462.835268   1203.223900  0.564776   2.086855  3.243422 0.000983 0.003241 0.002352 0.002549      G       NaN      NaN       NaN      NaN       NaN                NaN       NaN                NaN       NaN      NaN       NaN      NaN       NaN                NaN       NaN                NaN                NaN                NaN  4.637820  5.028590  4.073043 0.008229 0.008789 0.008502 1.113295  0.001025  1.114214   0.001389 1.057606  0.006536
49.425561 49.029496 5.675330 0.015335 23.255497  0.015419 -24.428012  0.014615 11.681706    400188.070539    329.228730 12.117908    194202.021468    563.465500 11.066656    296821.737448    737.979600  0.615050  -3.071264  1.125878 0.000893 0.003150 0.002699 0.002843    G+U 10.890949 0.000549 10.926258 0.000540 10.470460           0.000590 10.715466           0.000603 10.091098 0.000369 -0.035309 0.000770  0.455798           0.000800 -0.245007           0.000844           0.624369           0.000707  5.451662  5.887864  4.836612 0.005935 0.006660 0.006459 0.958762  0.000685  0.959987   0.000767 0.926297  0.004512
46.960310 49.108171 5.732866 0.015505 24.429855  0.017130 -24.166051  0.016718  9.991406   1898386.679477    285.437000 10.266603   1068502.146997    348.582000  9.548175   1201954.685948    179.702000  0.443231  -1.595534  0.611693 0.000163 0.000354 0.000162 0.000230    G+U 11.579993 0.000674 12.402846 0.000996 10.812089           0.000636 11.138305           0.000704 10.292971 0.000338 -0.822853 0.001203  1.590757           0.001182 -0.326216           0.000948           0.845334           0.000781  3.783264  4.058462  3.340034 0.005875 0.005884 0.005875 1.313069  0.000886  1.316092   0.000895 1.269388  0.002606
48.454192 48.655811 5.650043 0.110779 24.801837  0.114423 -26.276412  0.111297 11.753772    374488.199279    408.250240 12.241908    173242.140527    665.103000 11.086178    291532.532917    850.989600  0.667594  -2.286566  4.421554 0.001184 0.004168 0.003169 0.003383    G+U 10.688616 0.000546 10.639264 0.000528 10.304105           0.000584 10.459815           0.000533  9.745247 0.000331  0.049352 0.000760  0.335159           0.000787 -0.155710           0.000791           0.714568           0.000628  5.514031  6.002167  4.846437 0.042592 0.042779 0.042693 0.947061  0.004372  0.948098   0.004339 0.913673  0.007343
48.037839 48.776931 5.725406 0.015231 24.443472  0.016077 -25.112979  0.015323 11.848379    343237.685271    595.341700 12.407224    148774.071855    919.301300 11.133458    279109.612037   1285.727700  0.714921 -11.138954  8.692667 0.001883 0.006709 0.005001 0.005344    G+U 10.807470 0.000579 10.797000 0.000548 10.405843           0.000573 10.615411           0.000568  9.729675 0.000328  0.010470 0.000798  0.391157           0.000793 -0.209568           0.000807           0.885736           0.000656  5.637410  6.196255  4.922489 0.006076 0.008853 0.007641 0.925370  0.000712  0.926846   0.000724 0.893729  0.007073
49.162557 49.452338 5.791075 0.018428 23.697211  0.019095 -24.757244  0.018849 11.648582    412585.245311    322.722100 12.061243    204606.652293    533.379900 11.062639    297921.924096    537.737370  0.585943  -1.408000  0.446173 0.000849 0.002830 0.001960 0.002136    G+U 11.016486 0.000554 10.977863 0.000546 10.558043           0.000608 10.849849           0.000613 10.212950 0.000301  0.038623 0.000778  0.419821           0.000817 -0.291806           0.000863           0.636899           0.000682  5.462378  5.875039  4.876435 0.006962 0.007467 0.007183 0.956745  0.000773  0.957937   0.001133 0.927459  0.004115
49.096661 49.625824 5.517894 0.018442 23.183143  0.020096 -23.591206  0.018021  9.892577   2079293.156841    815.841600 10.146893   1193052.387189   1662.329700  9.477511   1282784.448130   1024.112500  0.415066  -0.826572  1.042212 0.000426 0.001513 0.000867 0.000966    G+U 11.429789 0.000671 11.373346 0.000656 10.597628           0.000602 11.223340           0.000756 10.164690 0.000373  0.056442 0.000939  0.775719           0.000890 -0.625712           0.000966           1.058650           0.000843  3.601444  3.855760  3.186378 0.007270 0.007414 0.007309 1.361793  0.001159  1.365441   0.001043 1.320090  0.004614
49.709794 49.731045 5.646814 0.017258 23.169761  0.018728 -24.502150  0.019017 10.987741    758315.956900    343.561220 11.349055    394270.777757    469.621250 10.456519    520655.567853    379.947880  0.531222  -0.718062  0.512266 0.000492 0.001293 0.000792 0.000933    G+U 11.159802 0.000582 11.134289 0.000586 10.420241           0.000560 10.991957           0.000653 10.285222 0.000319  0.025514 0.000826  0.714047           0.000810 -0.571715           0.000860           0.706735           0.000727  4.746759  5.108073  4.215537 0.006655 0.006761 0.006684 1.091335  0.000775  1.092033   0.001161 1.041403  0.003782
49.507429 49.644012 5.631568 0.017280 22.451668  0.020283 -24.325707  0.020394  9.606756   2705480.317929    648.540800  9.830471   1596719.179051    470.365230  9.229135   1612515.675201    396.720150  0.377621  -0.939056  0.483446 0.000260 0.000320 0.000267 0.000373    G+U 11.719632 0.000775 11.721176 0.000773 10.451027           0.000567 10.985845           0.000676 10.235806 0.000403 -0.001544 0.001095  1.270149           0.000958 -0.534818           0.000882           0.750038           0.000787  3.359903  3.583618  2.982282 0.006668 0.006671 0.006668 1.431014  0.001147  1.437623   0.001101 1.388946  0.002523
49.522107 49.905950 5.879241 0.017729 24.785813  0.018370 -24.930812  0.020106  9.808981   2245714.545654    411.825100 10.066596   1284631.007575    526.252750  9.388492   1392392.076901    308.263580  0.420489 -12.871802  2.619456 0.000199 0.000445 0.000240 0.000312  G+U+H 11.430444 0.000682 11.691069 0.000746 10.359656           0.000537 10.891015           0.000645 10.210499 0.000389 -0.260625 0.001011  1.331412           0.000919 -0.531359           0.000839           0.680516           0.000753  3.655587  3.913202  3.235098 0.006551 0.006563 0.006553 1.347501  0.001014  1.350141   0.001277 1.305283  0.002861
49.247880 49.926496 5.632790 0.021296 23.584080  0.022200 -24.386092  0.022528 10.235471   1516206.915229    515.280400 10.526040    841396.735682    462.757300  9.777944    972703.911539    372.666780  0.457527  -2.156264  0.594058 0.000369 0.000597 0.000416 0.000556      G       NaN      NaN       NaN      NaN       NaN                NaN       NaN                NaN       NaN      NaN       NaN      NaN       NaN                NaN       NaN                NaN                NaN                NaN  3.989089  4.279658  3.531562 0.008218 0.008231 0.008220 1.260261  0.001191  1.262146   0.001670 1.215474  0.003418
47.958466 50.379545 5.754330 0.015785 24.263798  0.015500 -24.872609  0.016557  9.628620   2651543.436873    479.279400  9.880137   1525323.772323    510.773320  9.214012   1635134.606098    301.880250  0.414608  -1.912559  0.422958 0.000196 0.000364 0.000200 0.000281    G+H       NaN      NaN       NaN      NaN       NaN                NaN       NaN                NaN       NaN      NaN       NaN      NaN       NaN                NaN       NaN                NaN                NaN                NaN  3.428594  3.680111  3.013986 0.005960 0.005968 0.005960 1.410959  0.001047  1.416641   0.000965 1.366270  0.002626
47.674201 50.525468 5.816479 0.014552 24.570455  0.014919 -24.092612  0.013337 10.946137    787937.206726    978.730600 11.327003    402361.137262   1614.163000 10.387645    554753.806141   1616.738300  0.558493  -6.479248  3.842728 0.001349 0.004356 0.003164 0.003440      G       NaN      NaN       NaN      NaN       NaN                NaN       NaN                NaN       NaN      NaN       NaN      NaN       NaN                NaN       NaN                NaN                NaN                NaN  4.769438  5.150304  4.210946 0.005597 0.006963 0.006287 1.087129  0.000754  1.087899   0.000846 1.034398  0.006868
53.574706 45.729959 5.658466 0.020364 21.185736  0.023582 -26.255335  0.018479 11.345673    545352.926451    377.997100 11.738268    275492.531727    756.887150 10.784416    384938.679877    744.514470  0.561256   1.640957  0.489312 0.000753 0.002983 0.002100 0.002231    G+U 11.161792 0.000571 11.128441 0.000552 10.567013           0.000574       NaN -1000000000.000000 10.013289 0.000354  0.033351 0.000794  0.561428           0.000796       NaN -1000000000.000000 -1000000000.000000 -1000000000.000000  5.109167  5.501762  4.547910 0.007851 0.008365 0.008092 1.020085  0.000904  1.021679   0.001037 0.977753  0.004938
53.499708 46.388943 5.312875 0.016863 21.117769  0.017509 -24.372556  0.016478 11.702143    392726.174130    543.440100 12.151640    188261.210810    862.121400 11.082661    292478.452861    988.096200  0.619482   1.146827  2.071449 0.001502 0.004972 0.003668 0.003964    G+U 11.114607 0.000551 11.123767 0.000552 10.709506           0.000613 10.639846           0.000557  9.990854 0.000361 -0.009160 0.000780  0.414261           0.000825  0.069660           0.000828           0.648992           0.000664  5.328791  5.778288  4.709309 0.007054 0.008498 0.007807 0.980506  0.000802  0.980666   0.000781 0.940949  0.006095
53.194380 46.700756 5.320998 0.015112 21.813571  0.016362 -23.759803  0.014972  9.749764   2371600.174543    327.598200 10.012831   1349846.797617    456.701600  9.319384   1483900.973855    273.608100  0.430380   0.729801  2.270305 0.000150 0.000367 0.000200 0.000250      G       NaN      NaN       NaN      NaN       NaN                NaN       NaN                NaN       NaN      NaN       NaN      NaN       NaN                NaN       NaN                NaN                NaN                NaN  3.379729  3.642797  2.949350 0.006169 0.006178 0.006170 1.425333  0.001047  1.431973   0.001531 1.377488  0.002744
56.677024 48.086774 5.445944 0.014162 19.860929  0.013999 -25.836213  0.012743 10.460553   1232325.865347    265.309330 10.748767    685346.457453    334.516480 10.007281    787490.875506    241.396530  0.453272   0.353482  0.716948 0.000234 0.000530 0.000333 0.000407    G+U 12.037601 0.000900 11.397750 0.000656 10.792893           0.000632 10.723166           0.000615  9.883154 0.000367  0.639852 0.001113  0.604857           0.000910  0.069727           0.000882           0.840013           0.000716  4.140919  4.429133  3.687647 0.005652 0.005672 0.005657 1.223772  0.000797  1.225757   0.000746 1.179233  0.002814
55.358499 48.144973 5.928976 0.017324 22.198491  0.016416 -27.288730  0.015488 10.250029   1496013.093747    580.384300 10.545110    826747.536865    835.070600  9.785590    965877.906492    949.647770  0.464438  -0.910346  0.498927 0.000421 0.001097 0.001067 0.001148      G       NaN      NaN       NaN      NaN       NaN                NaN       NaN                NaN       NaN      NaN       NaN      NaN       NaN                NaN       NaN                NaN                NaN                NaN  4.114927  4.410008  3.650488 0.006359 0.006439 0.006434 1.230345  0.000911  1.232461   0.001163 1.184186  0.003970
53.185316 47.692983 6.086983 0.094044 21.847533  0.107661 -25.101131  0.098084 11.751288    375345.725572    459.238000 12.280539    167186.492311    675.011500 11.058084    299174.492886    909.924440  0.693204   1.321614  1.570520 0.001328 0.004384 0.003302 0.003559    G+U 11.169564 0.000646 11.244008 0.000661 10.599025           0.000637 10.914307           0.000665 10.115220 0.000380 -0.074444 0.000924  0.644983           0.000918 -0.315282           0.000921           0.799087           0.000766  5.673299  6.202550  4.980095 0.033576 0.033835 0.033712 0.918659  0.003183  0.919211   0.003406 0.892370  0.006556
53.701126 47.687405 5.754205 0.013703 21.912209  0.014227 -26.588569  0.011591 11.821054    351985.772883    450.385650 12.258806    170566.708961    735.117800 11.212415    259532.742369    860.672670  0.608640   1.953091  2.048109 0.001389 0.004679 0.003601 0.003859    G+U 11.020786 0.000616 10.915600 0.000602 10.632736           0.000641 10.796344           0.000628 10.207315 0.000388  0.105186 0.000861  0.282864           0.000879 -0.163608           0.000898           0.589029           0.000739  5.620981  6.058733  5.012342 0.005354 0.006974 0.006301 0.928408  0.000577  0.929481   0.001280 0.906463  0.005062
53.680821 47.886707 5.677637 0.017395 21.738831  0.017895 -26.069784  0.014310 10.749389    944477.031596   1432.826200 11.096838    497372.365772   2246.697000 10.231784    640389.886813   2308.128700  0.517605   5.354535  3.425512 0.001647 0.004904 0.003913 0.004246      G       NaN      NaN       NaN      NaN       NaN                NaN       NaN                NaN       NaN      NaN       NaN      NaN       NaN                NaN       NaN                NaN                NaN                NaN  4.520227  4.867676  4.002622 0.006854 0.008265 0.007718 1.138822  0.000985  1.139593   0.000994 1.086920  0.007708
53.177589 48.138821 5.703192 0.017954 22.135623  0.020273 -26.141611  0.018690  9.524423   2918620.750968    578.163450  9.757250   1708113.982674    647.075600  9.133719   1760640.736165    365.923600  0.390704  -4.277036  1.447157 0.000215 0.000411 0.000226 0.000312      G       NaN      NaN       NaN      NaN       NaN                NaN       NaN                NaN       NaN      NaN       NaN      NaN       NaN                NaN       NaN                NaN                NaN                NaN  3.305013  3.537840  2.914308 0.006839 0.006848 0.006840 1.447196  0.001174  1.454905   0.001414 1.402344  0.002786
54.132862 48.654531 5.663554 0.016548 21.793218  0.014523 -26.297381  0.015027  9.985418   1908883.619789    351.267180 10.261013   1074018.056698    485.639800  9.542150   1208643.112284    323.145900  0.443268  -0.782593  1.758606 0.000200 0.000491 0.000290 0.000352      G       NaN      NaN       NaN      NaN       NaN                NaN       NaN                NaN       NaN      NaN       NaN      NaN       NaN                NaN       NaN                NaN                NaN                NaN  3.750863  4.026458  3.307596 0.006348 0.006364 0.006351 1.321538  0.001006  1.324084   0.001644 1.277698  0.003002
52.698537 47.889180 5.934256 0.020154 23.647196  0.024635 -27.497898  0.019636 10.854724    857151.008318   1103.499100 11.224593    442160.003852   1978.377100 10.316565    592286.686537   2105.297400  0.538158   3.648536  2.043641 0.001398 0.004858 0.003859 0.004105    G+U 10.970441 0.000573 11.052180 0.000586 10.331568           0.000561 11.062701           0.000708 10.142761 0.000386 -0.081739 0.000820  0.720612           0.000811 -0.731133           0.000903           0.919940           0.000806  4.721555  5.091424  4.183397 0.007506 0.008831 0.008323 1.096132  0.000959  1.097076   0.001194 1.045055  0.007272
52.284616 48.180668 5.853153 0.016332 23.449657  0.015264 -26.781102  0.015453  9.917962   2031242.686560    269.131230 10.178349   1158982.942676    400.810500  9.492526   1265167.053802    297.322570  0.425436  -0.867935  0.533279 0.000144 0.000375 0.000255 0.000293    G+U 11.106751 0.000592 10.966615 0.000585 10.122904           0.000524 10.994856           0.000639  9.952447 0.000336  0.140137 0.000832  0.843711           0.000785 -0.871952           0.000826           1.042409           0.000722  3.754912  4.015299  3.329476 0.006061 0.006071 0.006064 1.320480  0.000959  1.323231   0.000873 1.278934  0.002619
52.359491 48.203133 5.897182 0.025788 22.804953  0.024079 -25.717977  0.026201  9.848049   2166342.436143    542.743000 10.160887   1177774.656146    879.870900  9.364495   1423508.995241    810.008670  0.483554        NaN       NaN 0.000272 0.000811 0.000618 0.000675      G       NaN      NaN       NaN      NaN       NaN                NaN       NaN                NaN       NaN      NaN       NaN      NaN       NaN                NaN       NaN                NaN                NaN                NaN  3.701272  4.014110  3.217718 0.009500 0.009530 0.009516 1.334830  0.001521  1.336934   0.001319 1.284749  0.004359
51.663408 47.882193 5.783193 0.019245 23.270755  0.020091 -25.818400  0.022380  9.527674   2909894.084162   1066.657100  9.804779   1634953.329640   1687.594800  9.077312   1854528.099221   1234.241500  0.450362 -17.638466  5.221868 0.000398 0.001121 0.000723 0.000825    G+U 11.700928 0.000747 11.735949 0.000763 10.575654           0.000611 11.313874           0.000818 10.143706 0.000373 -0.035021 0.001068  1.160295           0.000977 -0.738220           0.001021           1.170168           0.000899  3.338512  3.615617  2.888150 0.007237 0.007313 0.007262 1.437497  0.001236  1.444660   0.001120 1.386102  0.004462
52.248658 48.235518 5.193468 0.019526 21.741052  0.019300 -23.395331  0.018325 11.377697    529502.594489    371.303220 11.749913    272553.510839    768.938800 10.831963    368445.349525    872.843300  0.545734  -0.484344  0.714274 0.000761 0.003063 0.002572 0.002682    G+U 11.240611 0.000628 11.020385 0.000595 10.558128           0.000637 11.285064           0.000731 10.390273 0.000415  0.220226 0.000866  0.462256           0.000872 -0.726935           0.000970           0.894791           0.000841  4.954984  5.327200  4.409250 0.008200 0.008720 0.008560 1.049615  0.000949  1.051331   0.001138 1.003925  0.005272
52.976047 48.527222 5.898682 0.020973 22.796446  0.018307 -26.308914  0.017461 10.325243   1395884.710882   1103.816800 10.631354    763615.935504   1815.000700  9.855838    905363.964771   1670.750400  0.469405  -1.226385  1.408051 0.000859 0.002581 0.002004 0.002180      G       NaN      NaN       NaN      NaN       NaN                NaN       NaN                NaN       NaN      NaN       NaN      NaN       NaN                NaN       NaN                NaN                NaN                NaN  4.179018  4.485129  3.709613 0.007768 0.008140 0.007976 1.214489  0.001032  1.215906   0.001052 1.167960  0.005923
52.870954 48.991090 5.800808 0.049867 22.675409  0.042844 -26.697978  0.045062  9.980366   1917788.064074   1284.605200 10.321300   1016007.479564   2001.879000  9.457886   1306182.432025   2009.083700  0.522480   0.997197  1.688864 0.000727 0.002139 0.001670 0.001821    G+U 11.562005 0.000771 11.591315 0.000736       NaN -1000000000.000000 10.949836           0.000651  9.672943 0.000311 -0.029310 0.001066       NaN -1000000000.000000       NaN -1000000000.000000           1.276893           0.000722  3.797808  4.138742  3.275328 0.018681 0.018789 0.018742 1.309526  0.002721  1.311886   0.002921 1.254556  0.007828
52.674682 49.050490 5.599549 0.020641 21.956971  0.018046 -25.356480  0.020544 11.629225    420007.342731    467.068970 12.047412    207229.743410    659.646400 11.029891    307044.891787    722.311950  0.599334   0.479264  2.233414 0.001207 0.003456 0.002554 0.002825    G+U 10.891389 0.000573 10.900693 0.000569 10.569063           0.000601 10.807022           0.000630  9.943995 0.000364 -0.009304 0.000808  0.331630           0.000827 -0.237959           0.000870           0.863027           0.000727  5.369990  5.788177  4.770656 0.008095 0.008719 0.008402 0.973807  0.000859  0.974444   0.000978 0.938207  0.004840
53.128042 49.176156 5.785375 0.023191 22.834242  0.020679 -26.450285  0.022319 11.684687    399091.086300    580.665830 12.130165    192021.938648    825.327640 11.066812    296778.917187    933.390260  0.617874  -9.088018  8.067152 0.001580 0.004667 0.003415 0.003762    G+U 10.933182 0.000564 10.885509 0.000561 10.470789           0.000600 10.866267           0.000642  9.911568 0.000355  0.047672 0.000796  0.414721           0.000822 -0.395478           0.000879           0.954700           0.000734  5.496345  5.941823  4.878470 0.008847 0.009876 0.009350 0.950362  0.000981  0.951358   0.001112 0.920286  0.005465
53.042750 49.141210 5.585629 0.019311 21.422005  0.016807 -25.553925  0.017438 11.874371    335118.542935    373.016140 12.312118    162393.931266    509.724850 11.259802    248449.195638    600.999600  0.614569  -0.982450  3.649381 0.001209 0.003408 0.002626 0.002891    G+U 11.026115 0.000590 10.968267 0.000584 10.609430           0.000643 10.788979           0.000622 10.005478 0.000372  0.057848 0.000831  0.358837           0.000868 -0.179548           0.000894           0.783501           0.000725  5.609731  6.047478  4.995162 0.007604 0.008245 0.007953 0.930719  0.000803  0.932199   0.001236 0.907486  0.004414
54.240736 48.745874 5.872372 0.042021 22.249401  0.036899 -26.140343  0.035721 11.027528    731030.823974    222.817050 11.412045    372047.963752    396.493650 10.467387    515469.810979    387.745420  0.560141   0.453332  0.965384 0.000331 0.001157 0.000817 0.000881    G+U 10.840563 0.000548 11.100479 0.000601 10.712847           0.000634 10.885620           0.000626  9.857105 0.000340 -0.259916 0.000813  0.387632           0.000873 -0.172773           0.000891           1.028515           0.000713  4.871596  5.256113  4.311455 0.015542 0.015582 0.015560 1.065933  0.001805  1.067257   0.001900 1.016270  0.004261
54.229709 48.828446 5.870720 0.019832 22.575994  0.018001 -26.835297  0.017390  9.948243   1975374.166292    345.176270 10.210255   1125420.971123    283.542400  9.522707   1230482.726831    242.232900  0.425536  -0.379929  1.013330 0.000190 0.000274 0.000214 0.000286      G       NaN      NaN       NaN      NaN       NaN                NaN       NaN                NaN       NaN      NaN       NaN      NaN       NaN                NaN       NaN                NaN                NaN                NaN  3.791700  4.053712  3.366164 0.007338 0.007340 0.007338 1.310781  0.001080  1.313639   0.001310 1.269344  0.002597
54.091965 49.155663 5.741889 0.020499 22.529512  0.018863 -26.989513  0.020130 11.445445    497472.122448    803.262800 11.878737    242059.543096   1388.271500 10.833567    367901.459533   1585.644400  0.611878  -5.859047  7.268054 0.001753 0.006227 0.004679 0.004997      G       NaN      NaN       NaN      NaN       NaN                NaN       NaN                NaN       NaN      NaN       NaN      NaN       NaN                NaN       NaN                NaN                NaN                NaN  5.240719  5.674010  4.628841 0.007948 0.009944 0.009055 0.996628  0.000911  0.997084   0.000934 0.953966  0.007029
53.786644 49.744225 5.842743 0.017844 22.566386  0.016610 -26.337182  0.015491 10.975400    766985.029888   1084.236000 11.357506    391214.254260   1866.100800 10.413472    541713.275917   2014.431500  0.561928  -3.342326  1.627301 0.001535 0.005179 0.004037 0.004319      G       NaN      NaN       NaN      NaN       NaN                NaN       NaN                NaN       NaN      NaN       NaN      NaN       NaN                NaN       NaN                NaN                NaN                NaN  4.808484  5.190590  4.246556 0.006807 0.008415 0.007764 1.079199  0.000931  1.080494   0.001098 1.027195  0.007398
51.605689 48.335121 5.571285 0.022382 22.452371  0.023213 -25.725400  0.021297 11.802953    357903.138076    441.227900 12.242695    173116.698832    677.518900 11.175467    268516.772609    732.291200  0.627486  -0.362344  0.607474 0.001339 0.004249 0.002961 0.003249    G+U 10.981923 0.000575 10.923859 0.000562 10.498306           0.000614 10.997047           0.000632 10.141235 0.000363  0.058064 0.000804  0.425552           0.000832 -0.498741           0.000881           0.855812           0.000729  5.532730  5.972472  4.905244 0.008826 0.009704 0.009213 0.944728  0.000968  0.945868   0.000934 0.915767  0.005155
51.317777 48.373191 5.824380 0.016220 23.434534  0.016698 -26.767373  0.014661 11.993255    300361.801519    230.702880 12.457807    142001.888241    402.354740 11.364276    225656.525340    490.367860  0.628979  -0.259337  0.699373 0.000834 0.003076 0.002359 0.002502    G+U 11.064356 0.000623 11.065577 0.000600 10.664552           0.000666 11.140706           0.000680 10.242103 0.000405 -0.001221 0.000865  0.401025           0.000897 -0.476154           0.000952           0.898603           0.000792  5.819503  6.284055  5.190524 0.006104 0.006785 0.006491 0.894908  0.000635  0.896500   0.000653 0.882570  0.004007
51.196360 48.411547 5.648128 0.026598 22.233316  0.029713 -25.939119  0.024657  9.778589   2309462.763112    667.721070 10.028076   1331025.178672    491.194370  9.367057   1420153.534571    470.616030  0.411532  -1.520229  0.787433 0.000314 0.000401 0.000360 0.000477    G+H       NaN      NaN       NaN      NaN       NaN                NaN       NaN                NaN       NaN      NaN       NaN      NaN       NaN                NaN       NaN                NaN                NaN                NaN  3.538112  3.787599  3.126580 0.010231 0.010234 0.010232 1.379298  0.001638  1.383886   0.001872 1.337397  0.003462
51.669989 48.776778 5.730830 0.016978 23.472425  0.018151 -24.857098  0.021111  9.636087   2633369.721865    485.487820  9.882210   1522414.754982    581.619800  9.229431   1612077.421426    487.034270  0.406656  -7.206030  2.611650 0.000200 0.000415 0.000328 0.000384    G+U 11.376604 0.000674 11.343229 0.000679 10.331724           0.000559 11.200902           0.000692 10.119845 0.000362  0.033375 0.000956  1.011505           0.000879 -0.869178           0.000890           1.081057           0.000781  3.427175  3.673298  3.020519 0.006436 0.006447 0.006442 1.411287  0.001133  1.416818   0.001070 1.367551  0.002782
52.131433 48.940802 5.778334 0.016090 23.455803  0.018399 -25.554195  0.016482  9.652899   2592908.776253    457.837600  9.883417   1520722.940524    494.797900  9.265247   1559765.190078    453.039060  0.387651  -1.085230  0.631929 0.000192 0.000353 0.000315 0.000369      G       NaN      NaN       NaN      NaN       NaN                NaN       NaN                NaN       NaN      NaN       NaN      NaN       NaN                NaN       NaN                NaN                NaN                NaN  3.461912  3.692430  3.074260 0.006049 0.006057 0.006055 1.400910  0.001058  1.406448   0.000961 1.360493  0.002498
51.763705 48.786930 5.801531 0.019792 22.874755  0.021229 -24.978158  0.023992  9.854408   2153691.889554    340.167940 10.119816   1223180.089754    365.932650  9.422809   1349070.551163    309.838900  0.431600  -2.021136  0.413165 0.000171 0.000325 0.000249 0.000303    G+U 11.321198 0.000654 11.311920 0.000669 10.326892           0.000557 11.134701           0.000671  9.905930 0.000326  0.009277 0.000936  0.985028           0.000870 -0.807809           0.000872           1.228771           0.000746  3.672121  3.937529  3.240522 0.007410 0.007415 0.007412 1.343220  0.001160  1.345550   0.001510 1.299667  0.002787
51.708956 48.792108 5.581578 0.045958 22.632734  0.047806 -27.414087  0.049363 10.201425   1564505.508996    934.938230 10.503990    858659.397006   1393.270900  9.733180   1013645.738807   1144.575100  0.468245  -1.928981  1.928375 0.000649 0.001762 0.001226 0.001387    G+U 11.112187 0.000595 11.138549 0.000617 10.307170           0.000551 11.075497           0.000651  9.919230 0.000329 -0.026361 0.000857  0.831379           0.000827 -0.768327           0.000853           1.156267           0.000729  3.935210  4.237775  3.466965 0.017892 0.017966 0.017922 1.273741  0.002678  1.275607   0.002802 1.227189  0.006643
51.907676 48.991218 5.868500 0.015087 23.512576  0.017911 -25.630144  0.017878 10.425828   1272376.390123    402.410060 10.731808    696135.341557    496.130160  9.952783    828028.518037    466.956000  0.473045  -3.656026  0.971832 0.000343 0.000774 0.000612 0.000702      G       NaN      NaN       NaN      NaN       NaN                NaN       NaN                NaN       NaN      NaN       NaN      NaN       NaN                NaN       NaN                NaN                NaN                NaN  4.268464  4.574444  3.795419 0.005593 0.005636 0.005616 1.194449  0.000775  1.195287   0.001006 1.147102  0.003272
51.083168 48.788733 5.590147 0.015324 22.629673  0.016157 -24.782742  0.014435 11.759997    372347.003733    228.120160 12.194750    180932.591829    380.007260 11.156857    273159.079772    390.319520  0.603141  -1.855056  0.598522 0.000665 0.002280 0.001551 0.001688    G+U 10.893507 0.000548 10.847127 0.000538 10.496791           0.000580 10.699666           0.000559 10.022116 0.000364  0.046380 0.000768  0.350336           0.000791 -0.202875           0.000805           0.677550           0.000667  5.497113  5.931866  4.893973 0.005990 0.006374 0.006151 0.950088  0.000671  0.951086   0.000627 0.921394  0.003741
51.207307 48.871636 5.784207 0.021872 23.127954  0.021857 -25.404036  0.021414 11.427623    505705.238986    870.045200 11.853168    247827.691191   1307.364100 10.825649    370594.213550   1473.918100  0.601974  -4.504703  4.640019 0.001868 0.005728 0.004318 0.004705    G+U 10.660637 0.000498 10.724709 0.000505 10.297897           0.000551 10.921073           0.000612  9.960486 0.000358 -0.064073 0.000709  0.426812           0.000747 -0.623176           0.000823           0.960587           0.000709  5.238842  5.664387  4.636868 0.008421 0.010011 0.009277 0.996845  0.000940  0.997200   0.001109 0.955162  0.006678
51.201744 48.888747 5.791172 0.728427 21.848265  0.723089 -21.654401  0.689216 11.739753    379354.749883   1498.266500 12.198185    180361.069748    602.310850 10.973517    323408.282653    771.575400  0.766235  -0.328911  7.103550 0.004288 0.003626 0.002590 0.005010      G       NaN      NaN       NaN      NaN       NaN                NaN       NaN                NaN       NaN      NaN       NaN      NaN       NaN                NaN       NaN                NaN                NaN                NaN  5.553585  6.012017  4.787349 0.273166 0.273157 0.273145 0.948126  0.027301  0.948952   0.027269 0.905606  0.031821
51.580830 49.225583 5.743136 0.021860 23.253423  0.020087 -24.705198  0.019985 11.409828    514062.092960    597.087800 11.802022    259781.332691    890.223600 10.829401    369315.588660    966.115500  0.580427  -0.884878  0.707003 0.001261 0.003721 0.002840 0.003108    G+U 10.950411 0.000543 11.033080 0.000558 10.571833           0.000589 10.849397           0.000650 10.262055 0.000395 -0.082669 0.000778  0.461247           0.000812 -0.277564           0.000877           0.587341           0.000761  5.205573  5.597767  4.625146 0.008361 0.009064 0.008740 1.003518  0.000889  1.004280   0.000919 0.962686  0.005299
51.592773 49.426973 5.708930 0.021934 23.212326  0.018248 -25.011647  0.020706 11.154480    650361.183453   1220.175200 11.540271    330604.308858   2037.111800 10.580173    464610.674686   2230.532700  0.574307  -1.151778  4.556789 0.002037 0.006690 0.005212 0.005596    G+U 11.074977 0.000570 11.137306 0.000577 10.559535           0.000581 10.977352           0.000689 10.064088 0.000359 -0.062329 0.000811  0.577771           0.000818 -0.417817           0.000901           0.913264           0.000777  4.937254  5.323045  4.362947 0.008588 0.010694 0.009837 1.053699  0.001089  1.055418   0.001175 1.004393  0.008023
52.354155 48.962410 5.608045 0.021319 21.968343  0.021197 -25.661231  0.020812 10.155677   1631833.689036    721.894650 10.440123    910684.293948   1067.881800  9.703789   1041460.112848    922.901700  0.451888  -1.061924  1.278386 0.000480 0.001273 0.000962 0.001075    G+U 11.482666 0.000700 11.403062 0.000692 10.455472           0.000567 11.132396           0.000666  9.683722 0.000296  0.079604 0.000984  0.947590           0.000895 -0.676924           0.000874           1.448674           0.000729  3.899735  4.184181  3.447847 0.008269 0.008352 0.008311 1.283283  0.001241  1.284978   0.001115 1.238530  0.004544
52.445417 49.009390 5.935288 0.039047 23.642106  0.036678 -26.126324  0.040783  9.095269   4333503.167361    775.255740  9.363663   2454437.323684   1459.336500  8.655436   2735167.407599   1122.085600  0.439834  -1.873735  1.373920 0.000194 0.000646 0.000445 0.000486      G       NaN      NaN       NaN      NaN       NaN                NaN       NaN                NaN       NaN      NaN       NaN      NaN       NaN                NaN       NaN                NaN                NaN                NaN  2.962478  3.230872  2.522645 0.014287 0.014300 0.014293 1.557516  0.002887  1.566588   0.006734      NaN       NaN
52.935835 49.536700 5.430076 0.047224 22.807970  0.045728 -23.231321  0.056187  9.520031   2930451.362588    512.630550  9.743239   1730299.192903    365.531650  9.140985   1748896.639346    350.758360  0.379045  -1.677123  0.747683 0.000190 0.000229 0.000218 0.000289      G       NaN      NaN       NaN      NaN       NaN                NaN       NaN                NaN       NaN      NaN       NaN      NaN       NaN                NaN       NaN                NaN                NaN                NaN  3.194060  3.417268  2.815015 0.018886 0.018886 0.018886 1.481475  0.003500  1.478469   0.004840      NaN       NaN
52.994832 49.870047 5.820229 0.016860 21.195510  0.015984 -26.851133  0.017437  9.122821   4224919.042002   1101.120400  9.323402   2547158.430680   2541.956500  8.769819   2461674.110525   1311.705300  0.353002  -0.865613  1.896642 0.000283 0.001084 0.000579 0.000644    G+H       NaN      NaN       NaN      NaN       NaN                NaN       NaN                NaN       NaN      NaN       NaN      NaN       NaN                NaN       NaN                NaN                NaN                NaN  2.947521  3.148102  2.594519 0.006297 0.006383 0.006317 1.564241  0.001305  1.566588   0.006734      NaN       NaN
52.309154 49.687912 5.658348 0.017217 22.714987  0.015382 -24.757493  0.017405 11.948340    313047.824768    169.839970 12.505693    135875.039136    168.975650 11.239502    253137.978733    240.747500  0.708838  -1.605968  5.965453 0.000589 0.001350 0.001033 0.001189    G+U 11.173200 0.000585 11.159906 0.000581 10.663619           0.000604 10.976014           0.000670 10.291608 0.000398  0.013293 0.000825  0.496287           0.000838 -0.312395           0.000902           0.684406           0.000780  5.711788  6.269141  5.002950 0.006633 0.006744 0.006687 0.911389  0.000657  0.911666   0.000661 0.886051  0.003148
51.979397 49.760213 5.795206 0.015764 22.635726  0.013256 -26.261653  0.014802 10.539244   1146171.102133    215.738510 10.866352    615001.580014    230.599170 10.041770    762869.239835    244.294330  0.497474  -0.912197  0.245424 0.000204 0.000407 0.000348 0.000403    G+U 11.690671 0.000742 11.724236 0.000754 10.735985           0.000621 11.128042           0.000746  9.837240 0.000322 -0.033566 0.001058  0.988252           0.000977 -0.392057           0.000971           1.290802           0.000812  4.354588  4.681696  3.857114 0.005910 0.005921 0.005917 1.174763  0.000769  1.175571   0.000812 1.124764  0.002585
50.591487 49.140928 5.561226 0.020133 22.592739  0.021652 -24.539177  0.022019 11.474267    484440.115698    441.458600 11.894982    238464.673936    612.551330 10.881486    352017.035949    707.954830  0.592781 -12.263943  4.981022 0.000989 0.002789 0.002184 0.002397    G+U 11.101441 0.000612 11.183997 0.000614 10.515445           0.000611 10.997555           0.000647 10.206875 0.000380 -0.082556 0.000867  0.668552           0.000866 -0.482110           0.000890           0.790680           0.000750  5.200120  5.620835  4.607339 0.007923 0.008341 0.008159 1.003399  0.000828  1.004193   0.000857 0.961308  0.004768
50.494401 49.214755 5.720707 0.016537 22.985648  0.017932 -24.946607  0.017119  9.106703   4288108.116417    968.460140  9.273953   2665848.522125   1454.986800  8.804161   2385029.489988   1172.656100  0.302542  -0.688861  0.496194 0.000245 0.000593 0.000534 0.000587      G       NaN      NaN       NaN      NaN       NaN                NaN       NaN                NaN       NaN      NaN       NaN      NaN       NaN                NaN       NaN                NaN                NaN                NaN  2.893951  3.061201  2.591409 0.006282 0.006305 0.006300 1.583091  0.001307  1.597818   0.001721      NaN       NaN
50.772939 49.432328 5.731802 0.016733 23.158252  0.019408 -25.822176  0.020185 11.736816    380382.118223    565.195070 12.157165    187305.766906   1051.184700 11.148864    275177.233214   1120.809100  0.587953  -0.771320  1.005653 0.001613 0.006093 0.004422 0.004707    G+U 11.133558 0.000625 11.086804 0.000626 10.653265           0.000660 11.052851           0.000663 10.374349 0.000402  0.046754 0.000885  0.433539           0.000910 -0.399586           0.000936           0.678502           0.000776  5.528272  5.948621  4.940320 0.006541 0.008793 0.007729 0.944347  0.000777  0.945748   0.000692 0.919009  0.005832
51.071270 49.649965 5.622528 0.029411 23.363202  0.025362 -25.941354  0.029159 11.181266    634512.891783    786.907400 11.548180    328204.871776   1121.348300 10.635292    441612.697607   1130.110700  0.545974  -1.032281  0.654944 0.001347 0.003710 0.002778 0.003088    G+U 10.982646 0.000552 10.952578 0.000554 10.374838           0.000568 10.976003           0.000632  9.920547 0.000328  0.030068 0.000782  0.577740           0.000793 -0.601165           0.000850           1.055456           0.000712  4.930924  5.297838  4.384950 0.011438 0.011949 0.011694 1.054643  0.001309  1.056234   0.001369 1.008177  0.005962
51.139709 49.720399 5.869339 0.022972 23.547705  0.020457 -26.694886  0.024252 11.743104    378185.871340    440.518600 12.185270    182519.272246    578.264160 11.122451    281953.869748    703.401060  0.620653  -7.129739  3.912830 0.001265 0.003440 0.002709 0.002989      G       NaN      NaN       NaN      NaN       NaN                NaN       NaN                NaN       NaN      NaN       NaN      NaN       NaN                NaN       NaN                NaN                NaN                NaN  5.586050  6.028216  4.965397 0.008593 0.009169 0.008920 0.934826  0.000891  0.936269   0.000991 0.909737  0.004536
51.232916 50.030873 5.762705 0.018048 23.319542  0.019248 -26.311189  0.023112 11.968357    307329.201968    288.271730 12.443543    143879.697909    537.746600 11.320492    234942.430640    632.116100  0.647865  -0.847323  0.636514 0.001018 0.004058 0.002921 0.003094    G+U 11.121157 0.000651 11.290857 0.000655 10.830477           0.000679 11.409562           0.000796 10.683690 0.000381 -0.169701 0.000923  0.460381           0.000943 -0.579085           0.001046           0.725872           0.000883  5.771489  6.246675  5.123624 0.006877 0.007919 0.007402 0.903344  0.000750  0.904095   0.000682 0.886399  0.004772
51.683153 49.909441 5.752867 0.015906 22.573588  0.012956 -25.577512  0.014713 10.738578    953928.213934    909.652100 11.102182    494930.315825   1563.669800 10.199698    659597.273075   1603.983000  0.538879   1.996898  2.686572 0.001035 0.003430 0.002640 0.002836    G+U 10.803066 0.000583 11.064693 0.000619 10.423144           0.000583 10.968221           0.000676  9.766336 0.000324 -0.261627 0.000851  0.641549           0.000850 -0.545076           0.000892           1.201885           0.000750  4.537999  4.901603  3.999119 0.006093 0.006915 0.006559 1.135144  0.000874  1.136121   0.000840 1.080785  0.006639
51.640620 50.231697 5.581249 0.017017 22.180601  0.015590 -25.091931  0.019896 11.871115    336125.089566    762.649000 12.396495    150251.590287   1132.997000 11.175312    268554.984157   1529.518000  0.695803   0.212346  1.091014 0.002463 0.008187 0.006184 0.006656    G+U 10.738689 0.000564 10.958995 0.000571 10.441900           0.000607 10.967033           0.000682 10.059801 0.000369 -0.220305 0.000803  0.517095           0.000834 -0.525133           0.000913           0.907232           0.000776  5.604772  6.130152  4.908969 0.007064 0.010529 0.009059 0.931388  0.000859  0.932792   0.000778 0.900003  0.007648
52.144575 50.266761 5.470154 0.017746 22.072682  0.013606 -24.314939  0.016147  9.943563   1983906.709422    251.868880 10.237903   1097124.329835    259.693020  9.477551   1282736.928125    250.832120  0.466012  -0.059034  0.441803 0.000138 0.000257 0.000212 0.000253      G       NaN      NaN       NaN      NaN       NaN                NaN       NaN                NaN       NaN      NaN       NaN      NaN       NaN                NaN       NaN                NaN                NaN                NaN  3.633561  3.927901  3.167549 0.007046 0.007049 0.007048 1.353358  0.001107  1.356442   0.000980 1.305155  0.002686
52.090995 50.601524 5.650515 0.013845 22.727374  0.012874 -25.374963  0.015067 11.978837    304376.962598    250.073430 12.494999    137219.908767    366.804600 11.298759    239692.440556    506.426730  0.680078  25.457426  7.996317 0.000892 0.002902 0.002294 0.002461      G       NaN      NaN       NaN      NaN       NaN                NaN       NaN                NaN       NaN      NaN       NaN      NaN       NaN                NaN       NaN                NaN                NaN                NaN  5.739277  6.255439  5.059199 0.005395 0.006061 0.005794 0.908089  0.000597  0.907968   0.000672 0.886492  0.004290
51.407032 50.321537 5.746701 0.015314 23.292719  0.015702 -25.984659  0.020031  9.945773   1979873.133433    371.879360 10.262037   1073005.440607    308.533870  9.453618   1311326.494488    258.016850  0.492155  -0.733425  0.440189 0.000204 0.000312 0.000214 0.000295    G+U 11.230432 0.000720 11.507014 0.000728 10.507496           0.000598 11.159322           0.000747 10.434028 0.000335 -0.276582 0.001024  0.999518           0.000942 -0.651826           0.000957           0.725294           0.000819  3.742866  4.059130  3.250711 0.005790 0.005795 0.005791 1.323704  0.000941  1.325819   0.000956 1.273064  0.002699
51.104471 50.326183 6.118217 0.061658 22.498320  0.051018 -24.722903  0.060153  9.109321   4277781.153412   1340.494500  9.342478   2502797.855782    819.066160  8.710094   2600879.720042    792.883100  0.399226   0.155813  1.420267 0.000340 0.000355 0.000331 0.000475      G       NaN      NaN       NaN      NaN       NaN                NaN       NaN                NaN       NaN      NaN       NaN      NaN       NaN                NaN       NaN                NaN                NaN                NaN  3.042446  3.275603  2.643219 0.021886 0.021886 0.021886 1.531456  0.004273  1.542891   0.009380      NaN       NaN
51.237614 50.481640 5.568461 0.021934 22.388132  0.017284 -24.730536  0.020548 11.989923    301284.777305    483.812130 12.472796    140054.928021    788.628900 11.333543    232135.332046    957.351600  0.656381  -1.207010  0.786095 0.001744 0.006114 0.004478 0.004805    G+U 10.981477 0.000601 11.091869 0.000600 10.676880           0.000628 11.186656           0.000709 10.279384 0.000316 -0.110393 0.000850  0.414989           0.000869 -0.509776           0.000947           0.907272           0.000776  5.718599  6.201472  5.062219 0.008729 0.010513 0.009654 0.912388  0.000925  0.912956   0.001270 0.891380  0.006034
53.771085 50.912429 5.735760 0.018368 22.294027  0.017330 -25.744525  0.017608 11.092926    688297.958245    420.719180 11.469282    352942.577725    720.445250 10.548614    478313.697141    687.702700  0.544312  -1.113841  0.842132 0.000664 0.002216 0.001561 0.001696      G       NaN      NaN       NaN      NaN       NaN                NaN       NaN                NaN       NaN      NaN       NaN      NaN       NaN                NaN       NaN                NaN                NaN                NaN  4.885881  5.262237  4.341569 0.006985 0.007298 0.007127 1.062695  0.000820  1.063981   0.001010 1.015275  0.004651
53.495690 50.882135 5.633868 0.015824 21.797929  0.014691 -26.025497  0.014754  9.794472   2275924.579190    325.650480 10.072441   1277734.280860    392.155980  9.346998   1446634.271712    263.615900  0.447474  -3.216863  0.715543 0.000155 0.000333 0.000198 0.000252      G       NaN      NaN       NaN      NaN       NaN                NaN       NaN                NaN       NaN      NaN       NaN      NaN       NaN                NaN       NaN                NaN                NaN                NaN  3.548505  3.826474  3.101031 0.006101 0.006108 0.006102 1.376492  0.000983  1.381163   0.001484 1.330135  0.002684
53.133038 51.489476 5.737643 0.017829 22.496796  0.017333 -25.412623  0.017172 10.078821   1751533.273673    552.905600 10.377192    965028.002855    546.204500  9.613687   1131575.421112    382.266480  0.465135  -4.629032  1.409280 0.000343 0.000615 0.000367 0.000502      G       NaN      NaN       NaN      NaN       NaN                NaN       NaN                NaN       NaN      NaN       NaN      NaN       NaN                NaN       NaN                NaN                NaN                NaN  3.872489  4.170860  3.407355 0.006756 0.006775 0.006757 1.290019  0.001012  1.292317   0.001523 1.243440  0.003383
49.990497 49.868453 5.741501 0.014743 23.155207  0.012764 -24.764464  0.014073 11.967463    307582.306232    318.721470 12.441677    144127.246831    527.793330 11.322689    234467.375276    666.285640  0.644774  -8.575752  5.445079 0.001125 0.003976 0.003085 0.003284    G+U 11.014056 0.000573 10.955462 0.000588 10.599542           0.000637 11.003201           0.000647 10.404298 0.000405  0.058594 0.000821  0.355921           0.000867 -0.403660           0.000908           0.598904           0.000763  5.762591  6.236804  5.117816 0.005688 0.006848 0.006373 0.904741  0.000656  0.905538   0.001224 0.887537  0.004705
49.682223 50.386149 5.812259 0.017934 24.573895  0.014459 -24.921664  0.016461 10.158615   1627424.373826    459.892520 10.484679    874067.618035    704.529400  9.655480   1088844.580703    592.446500  0.503135  -2.215135  1.072824 0.000307 0.000875 0.000591 0.000666      G       NaN      NaN       NaN      NaN       NaN                NaN       NaN                NaN       NaN      NaN       NaN      NaN       NaN                NaN       NaN                NaN                NaN                NaN  3.980340  4.306404  3.477205 0.006707 0.006757 0.006726 1.262655  0.000987  1.264330   0.001010 1.211661  0.004036
48.618441 48.352977      NaN      NaN 26.755360  2.227157 -28.612827  2.227157       NaN              NaN           NaN       NaN              NaN           NaN       NaN              NaN           NaN       NaN        NaN       NaN      NaN      NaN      NaN      NaN      U 11.654944 0.000771 11.662872 0.000793 10.586729           0.000619 11.555053           0.000825 10.249012 0.000384 -0.007928 0.001106  1.076143           0.001006 -0.968324           0.001032           1.306041           0.000910       NaN       NaN       NaN      NaN      NaN      NaN      NaN       NaN       NaN        NaN      NaN       NaN
48.331415 46.348898      NaN      NaN 25.752346  3.331444 -27.994843  3.331444       NaN              NaN           NaN       NaN              NaN           NaN       NaN              NaN           NaN       NaN        NaN       NaN      NaN      NaN      NaN      NaN      U 11.585127 0.000712 11.456109 0.000665 10.962731           0.000694 11.032252           0.000666 10.129753 0.000375  0.129018 0.000974  0.493378           0.000961 -0.069521           0.000962           0.902499           0.000765       NaN       NaN       NaN      NaN      NaN      NaN      NaN       NaN       NaN        NaN      NaN       NaN
52.436755 48.256982      NaN      NaN 24.444445  1.617638 -26.573444  1.617638       NaN              NaN           NaN       NaN              NaN           NaN       NaN              NaN           NaN       NaN        NaN       NaN      NaN      NaN      NaN      NaN      U 11.605784 0.000741 11.387144 0.000707 11.047204           0.000798 11.349067           0.000755 10.684883 0.000481  0.218640 0.001024  0.339940           0.001066 -0.301863           0.001099           0.664184           0.000895       NaN       NaN       NaN      NaN      NaN      NaN      NaN       NaN       NaN        NaN      NaN       NaN
49.343206 49.143514      NaN      NaN 27.977636  2.242913 -30.893978  2.242913       NaN              NaN           NaN       NaN              NaN           NaN       NaN              NaN           NaN       NaN        NaN       NaN      NaN      NaN      NaN      NaN      U 11.446498 0.000697 11.459431 0.000683 10.622259           0.000625 11.152560           0.000741 10.171382 0.000382 -0.012933 0.000976  0.837172           0.000926 -0.530301           0.000969           0.981178           0.000834       NaN       NaN       NaN      NaN      NaN      NaN      NaN       NaN       NaN        NaN      NaN       NaN
56.822055 47.385956      NaN      NaN 26.521704  2.500984 -27.845762  2.500984       NaN              NaN           NaN       NaN              NaN           NaN       NaN              NaN           NaN       NaN        NaN       NaN      NaN      NaN      NaN      NaN      U 11.261230 0.000633 11.427482 0.000675 10.735791           0.000621 10.898921           0.000662  9.652361 0.000326 -0.166252 0.000925  0.691690           0.000917 -0.163130           0.000908           1.246560           0.000738       NaN       NaN       NaN      NaN      NaN      NaN      NaN       NaN       NaN        NaN      NaN       NaN
48.254853 47.918425      NaN      NaN 26.382595  3.082378 -28.817827  3.082378       NaN              NaN           NaN       NaN              NaN           NaN       NaN              NaN           NaN       NaN        NaN       NaN      NaN      NaN      NaN      NaN      U 10.911393 0.000576 11.123417 0.000643 10.531297           0.000606 11.262311           0.000753 10.122322 0.000385 -0.212024 0.000864  0.592120           0.000884 -0.731014           0.000967           1.139989           0.000846       NaN       NaN       NaN      NaN      NaN      NaN      NaN       NaN       NaN        NaN      NaN       NaN
51.699519 49.555541      NaN      NaN 25.223520  2.242737 -26.948326  2.242737       NaN              NaN           NaN       NaN              NaN           NaN       NaN              NaN           NaN       NaN        NaN       NaN      NaN      NaN      NaN      NaN      U 11.060636 0.000552 11.065117 0.000557 10.531551           0.000573 10.768585           0.000626 10.200523 0.000374 -0.004481 0.000784  0.533566           0.000799 -0.237034           0.000849           0.568062           0.000729       NaN       NaN       NaN      NaN      NaN      NaN      NaN       NaN       NaN        NaN      NaN       NaN
52.012222 49.865814      NaN      NaN 27.508010  2.242942 -27.980383  2.242942       NaN              NaN           NaN       NaN              NaN           NaN       NaN              NaN           NaN       NaN        NaN       NaN      NaN      NaN      NaN      NaN      U 11.574753 0.000705 11.508821 0.000681 11.182969           0.000767 11.015155           0.000707 10.717509 0.000493  0.065931 0.000980  0.325852           0.001026  0.167814           0.001044           0.297646           0.000862       NaN       NaN       NaN      NaN      NaN      NaN      NaN       NaN       NaN        NaN      NaN       NaN
49.250630 47.417225      NaN      NaN 26.096315  2.231107 -26.858313  2.231107       NaN              NaN           NaN       NaN              NaN           NaN       NaN              NaN           NaN       NaN        NaN       NaN      NaN      NaN      NaN      NaN      U 11.997309 0.000912 11.900273 0.000888 11.603237           0.001005 11.781705           0.000965 11.246143 0.000519  0.097035 0.001272  0.297036           0.001340 -0.178468           0.001393           0.535562           0.001095       NaN       NaN       NaN      NaN      NaN      NaN      NaN       NaN       NaN        NaN      NaN       NaN
51.683310 44.894905      NaN      NaN 29.187180  2.070178 -30.678118  2.070178       NaN              NaN           NaN       NaN              NaN           NaN       NaN              NaN           NaN       NaN        NaN       NaN      NaN      NaN      NaN      NaN      U 11.335869 0.000607 11.683044 0.000722 10.617793           0.000587 11.253272           0.000778 10.242079 0.000382 -0.347176 0.000944  1.065251           0.000930 -0.635479           0.000974           1.011193           0.000867       NaN       NaN       NaN      NaN      NaN      NaN      NaN       NaN       NaN        NaN      NaN       NaN
54.062171 48.081377      NaN      NaN 24.898354  2.870296 -29.962963  2.870296       NaN              NaN           NaN       NaN              NaN           NaN       NaN              NaN           NaN       NaN        NaN       NaN      NaN      NaN      NaN      NaN      U 11.597306 0.000645 12.000037 0.000796 11.006350           0.000661 11.631337           0.000891 10.309337 0.000427 -0.402731 0.001024  0.993688           0.001034 -0.624988           0.001109           1.322000           0.000988       NaN       NaN       NaN      NaN      NaN      NaN      NaN       NaN       NaN        NaN      NaN       NaN
49.169915 45.915123      NaN      NaN 18.648933  3.331759 -26.645401  3.331759       NaN              NaN           NaN       NaN              NaN           NaN       NaN              NaN           NaN       NaN        NaN       NaN      NaN      NaN      NaN      NaN      U 12.577050 0.001155 12.342666 0.001020 11.900067           0.001085 11.438019           0.000828 11.153703 0.000604  0.234385 0.001541  0.442598           0.001489  0.462049           0.001365           0.284316           0.001024       NaN       NaN       NaN      NaN      NaN      NaN      NaN       NaN       NaN        NaN      NaN       NaN
53.519807 48.602104      NaN      NaN 21.207346  2.936882 -25.445482  2.936882       NaN              NaN           NaN       NaN              NaN           NaN       NaN              NaN           NaN       NaN        NaN       NaN      NaN      NaN      NaN      NaN      U 12.458938 0.001175 13.058679 0.001485 11.243582           0.000806 12.971027           0.001827 10.268425 0.000410 -0.599741 0.001894  1.815097           0.001689 -1.727446           0.001997           2.702602           0.001873       NaN       NaN       NaN      NaN      NaN      NaN      NaN       NaN       NaN        NaN      NaN       NaN
54.945452 49.787170      NaN      NaN 28.493130  2.864985 -29.555769  2.864985       NaN              NaN           NaN       NaN              NaN           NaN       NaN              NaN           NaN       NaN        NaN       NaN      NaN      NaN      NaN      NaN      U 12.046034 0.000807 11.704093 0.000704 11.172074           0.000727 10.774542           0.000593 10.208862 0.000408  0.341941 0.001071  0.532019           0.001012  0.397532           0.000938           0.565680           0.000720       NaN       NaN       NaN      NaN      NaN      NaN      NaN       NaN       NaN        NaN      NaN       NaN
50.039637 45.894622      NaN      NaN 27.944311  3.412568 -19.199778  3.412568       NaN              NaN           NaN       NaN              NaN           NaN       NaN              NaN           NaN       NaN        NaN       NaN      NaN      NaN      NaN      NaN      U 12.955186 0.001301 12.722096 0.001139 12.298452           0.001285 11.696463           0.000919 11.534835 0.000586  0.233090 0.001729  0.423643           0.001717  0.601990           0.001579           0.161628           0.001090       NaN       NaN       NaN      NaN      NaN      NaN      NaN       NaN       NaN        NaN      NaN       NaN
52.311276 48.180899      NaN      NaN 20.330872  1.617624 -27.862524  1.617624       NaN              NaN           NaN       NaN              NaN           NaN       NaN              NaN           NaN       NaN        NaN       NaN      NaN      NaN      NaN      NaN      U 12.145885 0.000958 11.752704 0.000843 11.213033           0.000869 11.145454           0.000688 10.477748 0.000434  0.393182 0.001276  0.539671           0.001211  0.067578           0.001108           0.667706           0.000813       NaN       NaN       NaN      NaN      NaN      NaN      NaN       NaN       NaN        NaN      NaN       NaN
49.368513 46.160063      NaN      NaN 22.741676  3.332363 -32.025578  3.332363       NaN              NaN           NaN       NaN              NaN           NaN       NaN              NaN           NaN       NaN        NaN       NaN      NaN      NaN      NaN      NaN      U 13.657666 0.001907 13.396822 0.001678 12.903511           0.001727 12.280395           0.001268 12.054985 0.000959  0.260844 0.002540  0.493311           0.002408  0.623116           0.002142           0.225410           0.001589       NaN       NaN       NaN      NaN      NaN      NaN      NaN       NaN       NaN        NaN      NaN       NaN
50.067706 48.154871      NaN      NaN 20.679222  2.227421 -25.402920  2.227421       NaN              NaN           NaN       NaN              NaN           NaN       NaN              NaN           NaN       NaN        NaN       NaN      NaN      NaN      NaN      NaN      U 12.712466 0.001251 12.325303 0.001065 11.740953           0.001057 11.289451           0.000735 10.930017 0.000526  0.387163 0.001643  0.584350           0.001500  0.451503           0.001287           0.359434           0.000904       NaN       NaN       NaN      NaN      NaN      NaN      NaN       NaN       NaN        NaN      NaN       NaN
48.516539 50.379853      NaN      NaN 30.014732  3.068275 -21.118706  3.068275       NaN              NaN           NaN       NaN              NaN           NaN       NaN              NaN           NaN       NaN        NaN       NaN      NaN      NaN      NaN      NaN      U 12.793357 0.001430 13.109478 0.001628 11.237266           0.000834 13.224659           0.002061 10.123924 0.000384 -0.316121 0.002166  1.872212           0.001829 -1.987393           0.002224           3.100735           0.002097       NaN       NaN       NaN      NaN      NaN      NaN      NaN       NaN       NaN        NaN      NaN       NaN
51.391910 44.816212      NaN      NaN 20.484182  2.070673 -23.684380  2.070673       NaN              NaN           NaN       NaN              NaN           NaN       NaN              NaN           NaN       NaN        NaN       NaN      NaN      NaN      NaN      NaN      U 12.439775 0.001038 12.281953 0.000934 11.864553           0.001058 11.587879           0.000919 11.231643 0.000638  0.157823 0.001396  0.417399           0.001411  0.276674           0.001401           0.356236           0.001119       NaN       NaN       NaN      NaN      NaN      NaN      NaN       NaN       NaN        NaN      NaN       NaN
50.710847 48.356390      NaN      NaN 26.434328  2.227266 -21.275562  2.227266       NaN              NaN           NaN       NaN              NaN           NaN       NaN              NaN           NaN       NaN        NaN       NaN      NaN      NaN      NaN      NaN      U 12.127552 0.000947 12.212700 0.001002 10.762339           0.000664 12.076827           0.001091 10.262746 0.000388 -0.085148 0.001379  1.450361           0.001202 -1.314488           0.001277           1.814081           0.001158       NaN       NaN       NaN      NaN      NaN      NaN      NaN       NaN       NaN        NaN      NaN       NaN
51.559262 44.616779      NaN      NaN 18.871239  2.072819 -26.398815  2.072819       NaN              NaN           NaN       NaN              NaN           NaN       NaN              NaN           NaN       NaN        NaN       NaN      NaN      NaN      NaN      NaN      U 13.562993 0.001768 13.346872 0.001565 12.686537           0.001583 12.553996           0.001624 12.319036 0.001168  0.216121 0.002361  0.660336           0.002226  0.132541           0.002268           0.234960           0.002000       NaN       NaN       NaN      NaN      NaN      NaN      NaN       NaN       NaN        NaN      NaN       NaN
51.370817 44.841189      NaN      NaN 19.687561  2.070340 -28.095990  2.070340       NaN              NaN           NaN       NaN              NaN           NaN       NaN              NaN           NaN       NaN        NaN       NaN      NaN      NaN      NaN      NaN      U 12.008910 0.000852 11.939301 0.000800 11.665534           0.000954 11.416903           0.000862 11.284361 0.000661  0.069609 0.001169  0.273767           0.001246  0.248631           0.001286           0.132542           0.001086       NaN       NaN       NaN      NaN      NaN      NaN      NaN       NaN       NaN        NaN      NaN       NaN
55.918944 50.723799      NaN      NaN 29.414246  3.720389 -29.253685  3.720389       NaN              NaN           NaN       NaN              NaN           NaN       NaN              NaN           NaN       NaN        NaN       NaN      NaN      NaN      NaN      NaN      U 13.036604 0.001256 12.454695 0.000967 11.740178           0.000927 10.914196           0.000690 10.389152 0.000422  0.581909 0.001585  0.714517           0.001340  0.825982           0.001156           0.525044           0.000809       NaN       NaN       NaN      NaN      NaN      NaN      NaN       NaN       NaN        NaN      NaN       NaN
48.017327 47.181526      NaN      NaN 20.223392  2.867962 -21.067438  2.867962       NaN              NaN           NaN       NaN              NaN           NaN       NaN              NaN           NaN       NaN        NaN       NaN      NaN      NaN      NaN      NaN      U 12.362174 0.000921 12.183325 0.000868 11.798676           0.000970 11.389382           0.000832 11.171790 0.000656  0.178849 0.001266  0.384649           0.001302  0.409293           0.001278           0.217592           0.001060       NaN       NaN       NaN      NaN      NaN      NaN      NaN       NaN       NaN        NaN      NaN       NaN
56.461940 51.573614      NaN      NaN 15.861869  6.140829 -31.773916  6.140829       NaN              NaN           NaN       NaN              NaN           NaN       NaN              NaN           NaN       NaN        NaN       NaN      NaN      NaN      NaN      NaN      U 12.711672 0.001174 12.482198 0.001096 12.088377           0.001194 11.720462           0.000862 11.565599 0.000851  0.229474 0.001606  0.393821           0.001620  0.367915           0.001473           0.154862           0.001211       NaN       NaN       NaN      NaN      NaN      NaN      NaN       NaN       NaN        NaN      NaN       NaN
50.456305 49.525009      NaN      NaN 21.925472  2.226052 -25.909416  2.226052       NaN              NaN           NaN       NaN              NaN           NaN       NaN              NaN           NaN       NaN        NaN       NaN      NaN      NaN      NaN      NaN      U 12.057775 0.000902 11.868376 0.000845 11.477824           0.000948 11.140850           0.000682 10.840587 0.000495  0.189399 0.001236  0.390552           0.001270  0.336974           0.001168           0.300263           0.000843       NaN       NaN       NaN      NaN      NaN      NaN      NaN       NaN       NaN        NaN      NaN       NaN
53.435573 46.603701      NaN      NaN 24.697289  2.870749 -19.113367  2.870749       NaN              NaN           NaN       NaN              NaN           NaN       NaN              NaN           NaN       NaN        NaN       NaN      NaN      NaN      NaN      NaN      U 13.935117 0.002058 13.222304 0.001482 12.156073           0.001208 11.720670           0.000937 11.107489 0.000622  0.712812 0.002536  1.066232           0.001912  0.435403           0.001529           0.613181           0.001125       NaN       NaN       NaN      NaN      NaN      NaN      NaN       NaN       NaN        NaN      NaN       NaN
51.344433 50.794262      NaN      NaN 25.383553  2.852413 -23.823063  2.852413       NaN              NaN           NaN       NaN              NaN           NaN       NaN              NaN           NaN       NaN        NaN       NaN      NaN      NaN      NaN      NaN      U 12.875255 0.001209 11.776995 0.000731 10.639470           0.000587 11.051789           0.000677  9.826257 0.000325  1.098260 0.001412  1.137525           0.000937 -0.412319           0.000896           1.225532           0.000751       NaN       NaN       NaN      NaN      NaN      NaN      NaN       NaN       NaN        NaN      NaN       NaN
52.060850 49.838547      NaN      NaN 22.454865  2.243937 -29.284210  2.243937       NaN              NaN           NaN       NaN              NaN           NaN       NaN              NaN           NaN       NaN        NaN       NaN      NaN      NaN      NaN      NaN      U 13.781804 0.001982 13.501757 0.001743 12.983179           0.001806 13.115540           0.002226 12.292297 0.001128  0.280047 0.002640  0.518578           0.002510 -0.132361           0.002867           0.823243           0.002496       NaN       NaN       NaN      NaN      NaN      NaN      NaN       NaN       NaN        NaN      NaN       NaN
52.929804 45.561118      NaN      NaN 18.801556  3.391220 -23.689205  3.391220       NaN              NaN           NaN       NaN              NaN           NaN       NaN              NaN           NaN       NaN        NaN       NaN      NaN      NaN      NaN      NaN      U 13.404305 0.001621 13.191853 0.001493 12.724060           0.001543 12.130051           0.001190 11.980609 0.000925  0.212453 0.002204  0.467792           0.002148  0.594009           0.001949           0.149442           0.001507       NaN       NaN       NaN      NaN      NaN      NaN      NaN       NaN       NaN        NaN      NaN       NaN
47.526717 52.194780      NaN      NaN 40.111490 11.174755 -23.052671 11.174755       NaN              NaN           NaN       NaN              NaN           NaN       NaN              NaN           NaN       NaN        NaN       NaN      NaN      NaN      NaN      NaN      U 12.523030 0.001036 12.301351 0.001011 11.867944           0.001112 11.503274           0.000777 11.290894 0.000538  0.221680 0.001448  0.433407           0.001503  0.364670           0.001357           0.212380           0.000945       NaN       NaN       NaN      NaN      NaN      NaN      NaN       NaN       NaN        NaN      NaN       NaN
46.008889 50.064350      NaN      NaN 24.551832  3.368480 -24.798685  3.368480       NaN              NaN           NaN       NaN              NaN           NaN       NaN              NaN           NaN       NaN        NaN       NaN      NaN      NaN      NaN      NaN      U 12.399670 0.000987 12.048068 0.000845 11.535692           0.000888 11.209781           0.000749 10.660744 0.000466  0.351602 0.001299  0.512376           0.001226  0.325912           0.001162           0.549037           0.000882       NaN       NaN       NaN      NaN      NaN      NaN      NaN       NaN       NaN        NaN      NaN       NaN
51.407174 45.515663      NaN      NaN 25.588790  3.412425 -18.446802  3.412425       NaN              NaN           NaN       NaN              NaN           NaN       NaN              NaN           NaN       NaN        NaN       NaN      NaN      NaN      NaN      NaN      U 13.935041 0.002115 13.855530 0.002019 11.383768           0.000849 12.048545           0.001080 10.623063 0.000379  0.079512 0.002924  2.471762           0.002190 -0.664777           0.001373           1.425482           0.001144       NaN       NaN       NaN      NaN      NaN      NaN      NaN       NaN       NaN        NaN      NaN       NaN
49.614521 49.371769      NaN      NaN 25.158083  2.139360 -21.589016  2.139360       NaN              NaN           NaN       NaN              NaN           NaN       NaN              NaN           NaN       NaN        NaN       NaN      NaN      NaN      NaN      NaN      U 12.597599 0.001171 12.831937 0.001308 11.338347           0.000877       NaN -1000000000.000000 11.527206 0.000579 -0.234338 0.001756  1.493589           0.001575       NaN -1000000000.000000 -1000000000.000000 -1000000000.000000       NaN       NaN       NaN      NaN      NaN      NaN      NaN       NaN       NaN        NaN      NaN       NaN
51.566082 50.115669      NaN      NaN 18.958200  3.003798 -26.951578  3.003798       NaN              NaN           NaN       NaN              NaN           NaN       NaN              NaN           NaN       NaN        NaN       NaN      NaN      NaN      NaN      NaN      U 12.915320 0.001540 12.655235 0.001303 12.167234           0.001319 11.622824           0.000937 11.312272 0.000684  0.260085 0.002017  0.488001           0.001854  0.544411           0.001618           0.310552           0.001160       NaN       NaN       NaN      NaN      NaN      NaN      NaN       NaN       NaN        NaN      NaN       NaN
46.140879 49.163044      NaN      NaN 18.034360  3.386093 -23.662685  3.386093       NaN              NaN           NaN       NaN              NaN           NaN       NaN              NaN           NaN       NaN        NaN       NaN      NaN      NaN      NaN      NaN      U 12.917649 0.001271 12.712370 0.001171 12.238264           0.001253 11.707182           0.000916 11.510068 0.000592  0.205279 0.001728  0.474106           0.001715  0.531082           0.001552           0.197114           0.001090       NaN       NaN       NaN      NaN      NaN      NaN      NaN       NaN       NaN        NaN      NaN       NaN
46.036508 47.263903      NaN      NaN 21.011385  3.341240 -29.238977  3.341240       NaN              NaN           NaN       NaN              NaN           NaN       NaN              NaN           NaN       NaN        NaN       NaN      NaN      NaN      NaN      NaN      U 13.088600 0.001436 11.548889 0.000708       NaN -1000000000.000000       NaN -1000000000.000000 10.143690 0.000371  1.539711 0.001601       NaN -1000000000.000000       NaN -1000000000.000000 -1000000000.000000 -1000000000.000000       NaN       NaN       NaN      NaN      NaN      NaN      NaN       NaN       NaN        NaN      NaN       NaN
53.546783 51.464263      NaN      NaN 19.180649  2.845043 -21.521278  2.845043       NaN              NaN           NaN       NaN              NaN           NaN       NaN              NaN           NaN       NaN        NaN       NaN      NaN      NaN      NaN      NaN      U 13.004034 0.001358 12.699353 0.001156 12.173710           0.001237 11.624333           0.000887 11.312462 0.000656  0.304681 0.001784  0.525643           0.001693  0.549377           0.001522           0.311872           0.001103       NaN       NaN       NaN      NaN      NaN      NaN      NaN       NaN       NaN        NaN      NaN       NaN
53.853473 47.412112      NaN      NaN 18.961510  2.870434 -25.349823  2.870434       NaN              NaN           NaN       NaN              NaN           NaN       NaN              NaN           NaN       NaN        NaN       NaN      NaN      NaN      NaN      NaN      U 12.108153 0.000830 11.970336 0.000793 11.634835           0.000897 11.392650           0.000784 11.101744 0.000629  0.137817 0.001148  0.335501           0.001197  0.242186           0.001191           0.290906           0.001005       NaN       NaN       NaN      NaN      NaN      NaN      NaN       NaN       NaN        NaN      NaN       NaN
55.054000 48.531747      NaN      NaN 20.443907  3.070918 -25.222260  3.070918       NaN              NaN           NaN       NaN              NaN           NaN       NaN              NaN           NaN       NaN        NaN       NaN      NaN      NaN      NaN      NaN      U 12.037664 0.001036 11.862837 0.000879 11.457901           0.000921 11.311101           0.000776 10.771889 0.000514  0.174828 0.001359  0.404936           0.001274  0.146800           0.001205           0.539212           0.000931       NaN       NaN       NaN      NaN      NaN      NaN      NaN       NaN       NaN        NaN      NaN       NaN
51.657585 44.686962      NaN      NaN 24.114815  2.070549 -19.212170  2.070549       NaN              NaN           NaN       NaN              NaN           NaN       NaN              NaN           NaN       NaN        NaN       NaN      NaN      NaN      NaN      NaN      U 12.975567 0.001321 12.592576 0.001105 12.080711           0.001155 11.620872           0.000959 11.257278 0.000643  0.382991 0.001722  0.511865           0.001599  0.459840           0.001501           0.363593           0.001154       NaN       NaN       NaN      NaN      NaN      NaN      NaN       NaN       NaN        NaN      NaN       NaN
54.429641 48.117392      NaN      NaN 27.777855  2.870182 -25.817507  2.870182       NaN              NaN           NaN       NaN              NaN           NaN       NaN              NaN           NaN       NaN        NaN       NaN      NaN      NaN      NaN      NaN      U 13.406026 0.001521 13.471767 0.001617 11.399182           0.000806 11.959209           0.001068  9.845272 0.000349 -0.065742 0.002220  2.072585           0.001807 -0.560026           0.001338           2.113936           0.001123       NaN       NaN       NaN      NaN      NaN      NaN      NaN       NaN       NaN        NaN      NaN       NaN
52.789648 46.155904      NaN      NaN 19.612646  3.390724 -23.724037  3.390724       NaN              NaN           NaN       NaN              NaN           NaN       NaN              NaN           NaN       NaN        NaN       NaN      NaN      NaN      NaN      NaN      U 12.114865 0.000864 11.951534 0.000831 11.649609           0.000925 11.316401           0.000767 11.238486 0.000629  0.163331 0.001199  0.301926           0.001244  0.333207           0.001201           0.077915           0.000991       NaN       NaN       NaN      NaN      NaN      NaN      NaN       NaN       NaN        NaN      NaN       NaN
53.236185 50.128001      NaN      NaN 26.585380  2.860703 -21.553278  2.860703       NaN              NaN           NaN       NaN              NaN           NaN       NaN              NaN           NaN       NaN        NaN       NaN      NaN      NaN      NaN      NaN      U 12.874507 0.001286 12.816733 0.001274 11.810869           0.001030 11.514944           0.000862 11.243540 0.000662  0.057774 0.001810  1.005864           0.001638  0.295925           0.001343           0.271404           0.001087       NaN       NaN       NaN      NaN      NaN      NaN      NaN       NaN       NaN        NaN      NaN       NaN
48.672873 48.257259      NaN      NaN 26.844252  5.040491 -21.751919  5.040491       NaN              NaN           NaN       NaN              NaN           NaN       NaN              NaN           NaN       NaN        NaN       NaN      NaN      NaN      NaN      NaN      U 20.355490 0.175130 19.187775 0.080409 18.370625           0.060094 17.776226           0.064439 17.567474 0.071245  1.167715 0.192707  0.817150           0.100384  0.594399           0.088112           0.208752           0.096064       NaN       NaN       NaN      NaN      NaN      NaN      NaN       NaN       NaN        NaN      NaN       NaN
50.657558 48.967241      NaN      NaN 21.436090  2.734102 -20.214201  2.734102       NaN              NaN           NaN       NaN              NaN           NaN       NaN              NaN           NaN       NaN        NaN       NaN      NaN      NaN      NaN      NaN      U 19.093367 0.054288 17.887526 0.027183 16.993782           0.019142 16.326588           0.018525 15.756235 0.014469  1.205841 0.060713  0.893744           0.033247  0.667194           0.026639           0.570353           0.023506       NaN       NaN       NaN      NaN      NaN      NaN      NaN       NaN       NaN        NaN      NaN       NaN
50.141427 48.799936      NaN      NaN 26.380250  3.164467 -18.870703  3.164467       NaN              NaN           NaN       NaN              NaN           NaN       NaN              NaN           NaN       NaN        NaN       NaN      NaN      NaN      NaN      NaN      U 18.367973 0.029933 18.337534 0.045941 17.398647           0.029679 16.677467           0.027860 16.542288 0.031048  0.030439 0.054832  0.938887           0.054694  0.721180           0.040707           0.135180           0.041715       NaN       NaN       NaN      NaN      NaN      NaN      NaN       NaN       NaN        NaN      NaN       NaN
49.113995 45.717743      NaN      NaN 27.682695  3.507313 -19.153456  3.507313       NaN              NaN           NaN       NaN              NaN           NaN       NaN              NaN           NaN       NaN        NaN       NaN      NaN      NaN      NaN      NaN      U 18.461243 0.030784 18.342388 0.035114 16.309513           0.011639 15.626135           0.013236 15.106644 0.008055  0.118855 0.046698  2.032875           0.036993  0.683378           0.017626           0.519491           0.015494       NaN       NaN       NaN      NaN      NaN      NaN      NaN       NaN       NaN        NaN      NaN       NaN
54.902894 49.451879      NaN      NaN 30.717075  3.961508 -27.880474  3.961508       NaN              NaN           NaN       NaN              NaN           NaN       NaN              NaN           NaN       NaN        NaN       NaN      NaN      NaN      NaN      NaN      U 19.383703 0.057403 18.093826 0.027765 17.140713           0.021133 16.428696           0.024795 15.764905 0.015894  1.289877 0.063766  0.953114           0.034893  0.712017           0.032579           0.663791           0.029452       NaN       NaN       NaN      NaN      NaN      NaN      NaN       NaN       NaN        NaN      NaN       NaN
55.005675 49.449721      NaN      NaN 25.731668  2.944086 -23.548970  2.944086       NaN              NaN           NaN       NaN              NaN           NaN       NaN              NaN           NaN       NaN        NaN       NaN      NaN      NaN      NaN      NaN      U 19.948442 0.093689 16.151258 0.006790 13.059785           0.001792 12.791419           0.001701 12.808546 0.001651  3.797184 0.093935  3.091474           0.007022  0.268366           0.002471          -0.017127           0.002370       NaN       NaN       NaN      NaN      NaN      NaN      NaN       NaN       NaN        NaN      NaN       NaN
45.236659 48.366738      NaN      NaN 30.498262  6.771367 -21.418932  6.771367       NaN              NaN           NaN       NaN              NaN           NaN       NaN              NaN           NaN       NaN        NaN       NaN      NaN      NaN      NaN      NaN      U 20.137993 0.121535 19.337826 0.084387 18.291706           0.055353 17.671864           0.082308 17.227000 0.058546  0.800167 0.147959  1.046120           0.100921  0.619842           0.099189           0.444864           0.101006       NaN       NaN       NaN      NaN      NaN      NaN      NaN       NaN       NaN        NaN      NaN       NaN
52.304025 51.228961      NaN      NaN 19.844046  3.466929 -22.865582  3.466929       NaN              NaN           NaN       NaN              NaN           NaN       NaN              NaN           NaN       NaN        NaN       NaN      NaN      NaN      NaN      NaN      U 17.886162 0.019490 17.425890 0.020040 16.726572           0.016723 16.332537           0.023392 15.948709 0.016004  0.460272 0.027955  0.699318           0.026101  0.394035           0.028755           0.383828           0.028343       NaN       NaN       NaN      NaN      NaN      NaN      NaN       NaN       NaN        NaN      NaN       NaN
45.123801 48.243386      NaN      NaN 22.344683  4.641682 -20.013453  4.641682       NaN              NaN           NaN       NaN              NaN           NaN       NaN              NaN           NaN       NaN        NaN       NaN      NaN      NaN      NaN      NaN      U 18.784618 0.038144 18.227135 0.032285 17.469097           0.027637 16.846226           0.039614 16.595201 0.033121  0.557484 0.049973  0.758038           0.042499  0.622871           0.048302           0.251024           0.051636       NaN       NaN       NaN      NaN      NaN      NaN      NaN       NaN       NaN        NaN      NaN       NaN
49.949028 45.785933      NaN      NaN 22.708464  3.541930 -25.826857  3.541930       NaN              NaN           NaN       NaN              NaN           NaN       NaN              NaN           NaN       NaN        NaN       NaN      NaN      NaN      NaN      NaN      U 17.344614 0.013216 16.595850 0.009104 15.842543           0.008880 15.239465           0.007385 14.840519 0.004701  0.748764 0.016049  0.753307           0.012718  0.603078           0.011550           0.398946           0.008754       NaN       NaN       NaN      NaN      NaN      NaN      NaN       NaN       NaN        NaN      NaN       NaN
45.537646 47.258495      NaN      NaN 19.270845  2.979834 -24.677004  2.979834       NaN              NaN           NaN       NaN              NaN           NaN       NaN              NaN           NaN       NaN        NaN       NaN      NaN      NaN      NaN      NaN      U 19.733528 0.102674 18.714190 0.063371 18.640228           0.073671 17.454987           0.075871 16.683605 0.033917  1.019339 0.120656  0.073961           0.097177  1.185242           0.105754           0.771381           0.083107       NaN       NaN       NaN      NaN      NaN      NaN      NaN       NaN       NaN        NaN      NaN       NaN
49.507668 45.777754      NaN      NaN 22.677390  3.758196 -23.888617  3.758196       NaN              NaN           NaN       NaN              NaN           NaN       NaN              NaN           NaN       NaN        NaN       NaN      NaN      NaN      NaN      NaN      U 18.405361 0.030783 18.253101 0.033522 16.591253           0.014106 16.144783           0.020970 15.786197 0.014203  0.152260 0.045512  1.661848           0.036369  0.446470           0.025273           0.358586           0.025327       NaN       NaN       NaN      NaN      NaN      NaN      NaN       NaN       NaN        NaN      NaN       NaN
48.998878 47.230472      NaN      NaN 29.953900  3.507200 -23.358528  3.507200       NaN              NaN           NaN       NaN              NaN           NaN       NaN              NaN           NaN       NaN        NaN       NaN      NaN      NaN      NaN      NaN      U 18.886130 0.049724 18.274202 0.039873 17.510315           0.038865 16.958195           0.041689 16.643616 0.032882  0.611927 0.063736  0.763887           0.055680  0.552120           0.056995           0.314579           0.053096       NaN       NaN       NaN      NaN      NaN      NaN      NaN       NaN       NaN        NaN      NaN       NaN
49.873927 47.044434      NaN      NaN 23.497894  3.319564 -28.530445  3.319564       NaN              NaN           NaN       NaN              NaN           NaN       NaN              NaN           NaN       NaN        NaN       NaN      NaN      NaN      NaN      NaN      U 19.038120 0.067605 18.718071 0.050619 17.533964           0.037930 16.731110           0.030375 16.469760 0.025534  0.320049 0.084455  1.184107           0.063253  0.802855           0.048593           0.261349           0.039681       NaN       NaN       NaN      NaN      NaN      NaN      NaN       NaN       NaN        NaN      NaN       NaN
48.570465 49.619911      NaN      NaN 26.162054  2.282897 -22.869217  2.282897       NaN              NaN           NaN       NaN              NaN           NaN       NaN              NaN           NaN       NaN        NaN       NaN      NaN      NaN      NaN      NaN      U 16.306437 0.007527 15.630787 0.005721 15.213420           0.006757 14.752449           0.007573 14.712845 0.006796  0.675650 0.009455  0.417367           0.008854  0.460971           0.010150           0.039604           0.010175       NaN       NaN       NaN      NaN      NaN      NaN      NaN       NaN       NaN        NaN      NaN       NaN
47.789248 50.553087      NaN      NaN 21.223204  3.440440 -30.323269  3.440440       NaN              NaN           NaN       NaN              NaN           NaN       NaN              NaN           NaN       NaN        NaN       NaN      NaN      NaN      NaN      NaN      U 18.028864 0.026536 17.329992 0.019083 16.677485           0.017470 16.027184           0.017569 15.766333 0.016549  0.698872 0.032685  0.652508           0.025872  0.650301           0.024776           0.260851           0.024136       NaN       NaN       NaN      NaN      NaN      NaN      NaN       NaN       NaN        NaN      NaN       NaN
53.180411 48.572400      NaN      NaN 28.378563  5.135098 -25.574663  5.135098       NaN              NaN           NaN       NaN              NaN           NaN       NaN              NaN           NaN       NaN        NaN       NaN      NaN      NaN      NaN      NaN      U 19.940498 0.117303 18.684872 0.054768 17.921175           0.048441 17.339298           0.048444 16.911120 0.042653  1.255627 0.129459  0.763697           0.073117  0.581877           0.068508           0.428179           0.064545       NaN       NaN       NaN      NaN      NaN      NaN      NaN       NaN       NaN        NaN      NaN       NaN
49.330956 52.168359      NaN      NaN 20.954939  2.997116 -21.580212  2.997116       NaN              NaN           NaN       NaN              NaN           NaN       NaN              NaN           NaN       NaN        NaN       NaN      NaN      NaN      NaN      NaN      U 17.047472 0.010886 16.600277 0.009347 15.934455           0.009205 15.264832           0.009767 14.960422 0.007448  0.447195 0.014348  0.665822           0.013118  0.669623           0.013421           0.304409           0.012283       NaN       NaN       NaN      NaN      NaN      NaN      NaN       NaN       NaN        NaN      NaN       NaN
50.791289 48.274862      NaN      NaN 20.384382  3.110418 -24.807816  3.110418       NaN              NaN           NaN       NaN              NaN           NaN       NaN              NaN           NaN       NaN        NaN       NaN      NaN      NaN      NaN      NaN      U 19.981596 0.112687 18.494970 0.048007 17.505804           0.030086 16.811996           0.030420 16.182346 0.021429  1.486626 0.122487  0.989166           0.056655  0.693808           0.042785           0.629650           0.037210       NaN       NaN       NaN      NaN      NaN      NaN      NaN       NaN       NaN        NaN      NaN       NaN
45.023721 49.248047      NaN      NaN 23.350111  3.295459 -19.879995  3.295459       NaN              NaN           NaN       NaN              NaN           NaN       NaN              NaN           NaN       NaN        NaN       NaN      NaN      NaN      NaN      NaN      U 18.230990 0.027939 18.305784 0.036906 17.362951           0.024132 17.082293           0.051284 16.601091 0.031338 -0.074795 0.046289  0.942833           0.044096  0.280659           0.056678           0.481201           0.060100       NaN       NaN       NaN      NaN      NaN      NaN      NaN       NaN       NaN        NaN      NaN       NaN
45.511009 49.615725      NaN      NaN 24.053165  2.959603 -21.973394  2.959603       NaN              NaN           NaN       NaN              NaN           NaN       NaN              NaN           NaN       NaN        NaN       NaN      NaN      NaN      NaN      NaN      U 18.827133 0.042965 17.969940 0.025273 17.236687           0.020435 16.620705           0.033157 16.202484 0.022306  0.857193 0.049847  0.733254           0.032502  0.615982           0.038948           0.418221           0.039962       NaN       NaN       NaN      NaN      NaN      NaN      NaN       NaN       NaN        NaN      NaN       NaN
50.726313 45.287275      NaN      NaN 22.650595  2.079480 -20.447123  2.079480       NaN              NaN           NaN       NaN              NaN           NaN       NaN              NaN           NaN       NaN        NaN       NaN      NaN      NaN      NaN      NaN      U 15.084682 0.003620 14.640175 0.003039 14.064268           0.003155 13.464581           0.002900 13.177255 0.002011  0.444508 0.004727  0.575907           0.004380  0.599687           0.004285           0.287327           0.003529       NaN       NaN       NaN      NaN      NaN      NaN      NaN       NaN       NaN        NaN      NaN       NaN
50.447473 51.009282      NaN      NaN 24.789572  6.773277 -22.149715  6.773277       NaN              NaN           NaN       NaN              NaN           NaN       NaN              NaN           NaN       NaN        NaN       NaN      NaN      NaN      NaN      NaN      U 19.982040 0.139389 19.581297 0.121176 18.327017           0.065640 17.475365           0.062981 17.061047 0.052803  0.400743 0.184696  1.254280           0.137812  0.851652           0.090968           0.414318           0.082187       NaN       NaN       NaN      NaN      NaN      NaN      NaN       NaN       NaN        NaN      NaN       NaN
46.136184 46.230550      NaN      NaN 18.913588  5.632361 -29.134737  5.632361       NaN              NaN           NaN       NaN              NaN           NaN       NaN              NaN           NaN       NaN        NaN       NaN      NaN      NaN      NaN      NaN      U 19.581510 0.088710 18.362293 0.042138 17.279486           0.026769 16.684155           0.029305 16.159138 0.024933  1.219217 0.098209  1.082807           0.049922  0.595331           0.039691           0.525017           0.038477       NaN       NaN       NaN      NaN      NaN      NaN      NaN       NaN       NaN        NaN      NaN       NaN
48.190446 49.127882      NaN      NaN 26.075497  4.176637 -24.672798  4.176637       NaN              NaN           NaN       NaN              NaN           NaN       NaN              NaN           NaN       NaN        NaN       NaN      NaN      NaN      NaN      NaN      U 19.308325 0.081805 18.991003 0.087203 17.155113           0.028081       NaN -1000000000.000000 16.652233 0.028925  0.317322 0.119567  1.835890           0.091612       NaN -1000000000.000000 -1000000000.000000 -1000000000.000000       NaN       NaN       NaN      NaN      NaN      NaN      NaN       NaN       NaN        NaN      NaN       NaN
49.156064 47.303101      NaN      NaN 26.415735  4.037063 -22.082462  4.037063       NaN              NaN           NaN       NaN              NaN           NaN       NaN              NaN           NaN       NaN        NaN       NaN      NaN      NaN      NaN      NaN      U 18.283430 0.030503 18.752403 0.060435 17.299974           0.027555 18.134253           0.127506 16.678629 0.024210 -0.468973 0.067697  1.452429           0.066420 -0.834278           0.130450           1.455624           0.129784       NaN       NaN       NaN      NaN      NaN      NaN      NaN       NaN       NaN        NaN      NaN       NaN
50.339351 48.039546      NaN      NaN 19.019073  2.714784 -24.955061  2.714784       NaN              NaN           NaN       NaN              NaN           NaN       NaN              NaN           NaN       NaN        NaN       NaN      NaN      NaN      NaN      NaN      U 19.065157 0.056583 18.039785 0.033029 17.194145           0.029464 16.578160           0.024454 16.157755 0.020557  1.025372 0.065518  0.845640           0.044261  0.615986           0.038290           0.420404           0.031947       NaN       NaN       NaN      NaN      NaN      NaN      NaN       NaN       NaN        NaN      NaN       NaN
49.339935 48.075677      NaN      NaN 25.201988  2.234653 -19.553003  2.234653       NaN              NaN           NaN       NaN              NaN           NaN       NaN              NaN           NaN       NaN        NaN       NaN      NaN      NaN      NaN      NaN      U 14.245698 0.002789 13.792826 0.002182 13.198086           0.002060 12.687523           0.001565 12.321814 0.000939  0.452872 0.003541  0.594740           0.003001  0.510563           0.002587           0.365709           0.001825       NaN       NaN       NaN      NaN      NaN      NaN      NaN       NaN       NaN        NaN      NaN       NaN
50.959298 48.116910      NaN      NaN 25.348370  3.303239 -23.756996  3.303239       NaN              NaN           NaN       NaN              NaN           NaN       NaN              NaN           NaN       NaN        NaN       NaN      NaN      NaN      NaN      NaN      U 20.113134 0.140170 18.850973 0.055551 17.733774           0.039767 16.989143           0.031086 16.422682 0.023914  1.262161 0.150777  1.117199           0.068318  0.744631           0.050475           0.566462           0.039220       NaN       NaN       NaN      NaN      NaN      NaN      NaN       NaN       NaN        NaN      NaN       NaN
48.794503 47.538927      NaN      NaN 24.011978  4.021103 -28.181993  4.021103       NaN              NaN           NaN       NaN              NaN           NaN       NaN              NaN           NaN       NaN        NaN       NaN      NaN      NaN      NaN      NaN      U 19.793552 0.117278 18.726263 0.058711 17.551662           0.033274 16.920060           0.041324 16.349783 0.018443  1.067289 0.131153  1.174601           0.067484  0.631603           0.053055           0.570276           0.045253       NaN       NaN       NaN      NaN      NaN      NaN      NaN       NaN       NaN        NaN      NaN       NaN
48.167452 50.224724      NaN      NaN 30.397669  3.532066 -25.748802  3.532066       NaN              NaN           NaN       NaN              NaN           NaN       NaN              NaN           NaN       NaN        NaN       NaN      NaN      NaN      NaN      NaN      U 18.487806 0.040775 18.039747 0.035174 17.297256           0.029451 16.816340           0.034943 16.604860 0.032674  0.448059 0.053850  0.742491           0.045876  0.480917           0.045699           0.211479           0.047839       NaN       NaN       NaN      NaN      NaN      NaN      NaN       NaN       NaN        NaN      NaN       NaN
47.035058 49.256052      NaN      NaN 27.879782  2.678930 -28.460110  2.678930       NaN              NaN           NaN       NaN              NaN           NaN       NaN              NaN           NaN       NaN        NaN       NaN      NaN      NaN      NaN      NaN      U 15.324163 0.004041 14.922928 0.003472 14.328506           0.003661 13.688359           0.002785 13.390284 0.002154  0.401236 0.005328  0.594422           0.005046  0.640146           0.004600           0.298076           0.003521       NaN       NaN       NaN      NaN      NaN      NaN      NaN       NaN       NaN        NaN      NaN       NaN
55.536112 51.296856      NaN      NaN 29.842722  7.193222 -31.845858  7.193222       NaN              NaN           NaN       NaN              NaN           NaN       NaN              NaN           NaN       NaN        NaN       NaN      NaN      NaN      NaN      NaN      U 17.304518 0.014451 16.906942 0.014363 16.243760           0.011754 15.590163           0.009921 15.355764 0.014281  0.397575 0.020375  0.663183           0.018560  0.653596           0.015381           0.234399           0.017389       NaN       NaN       NaN      NaN      NaN      NaN      NaN       NaN       NaN        NaN      NaN       NaN
56.486708 50.944639      NaN      NaN 28.736630  7.589705 -21.808840  7.589705       NaN              NaN           NaN       NaN              NaN           NaN       NaN              NaN           NaN       NaN        NaN       NaN      NaN      NaN      NaN      NaN      U 17.985070 0.022969 17.299007 0.018527 16.371683           0.012233 15.579952           0.009294 15.254563 0.012231  0.686062 0.029510  0.927324           0.022202  0.791731           0.015364           0.325389           0.015361       NaN       NaN       NaN      NaN      NaN      NaN      NaN       NaN       NaN        NaN      NaN       NaN
55.573451 51.342954      NaN      NaN 26.717348  8.875318 -32.829420  8.875318       NaN              NaN           NaN       NaN              NaN           NaN       NaN              NaN           NaN       NaN        NaN       NaN      NaN      NaN      NaN      NaN      U 18.382507 0.032580 17.702106 0.027226 16.893870           0.019124 16.305801           0.017929 15.979284 0.024802  0.680401 0.042459  0.808237           0.033271  0.588068           0.026214           0.326517           0.030604       NaN       NaN       NaN      NaN      NaN      NaN      NaN       NaN       NaN        NaN      NaN       NaN
52.087531 48.186422      NaN      NaN 21.917828  2.474967 -26.728630  2.474967       NaN              NaN           NaN       NaN              NaN           NaN       NaN              NaN           NaN       NaN        NaN       NaN      NaN      NaN      NaN      NaN      U 18.094390 0.029535 17.116453 0.014825 16.316042           0.012797 15.782161           0.012298 15.321209 0.010121  0.977938 0.033047  0.800411           0.019584  0.533881           0.017748           0.460952           0.015927       NaN       NaN       NaN      NaN      NaN      NaN      NaN       NaN       NaN        NaN      NaN       NaN
51.237002 48.650497      NaN      NaN 23.075047  6.391954 -24.620914  6.391954       NaN              NaN           NaN       NaN              NaN           NaN       NaN              NaN           NaN       NaN        NaN       NaN      NaN      NaN      NaN      NaN      U 20.303835 0.188615 19.633999 0.122372 18.305882           0.063473 18.344805           0.120754 17.930565 0.109210  0.669836 0.224835  1.328117           0.137854 -0.038923           0.136420           0.414240           0.162814       NaN       NaN       NaN      NaN      NaN      NaN      NaN       NaN       NaN        NaN      NaN       NaN
47.127382 45.658924      NaN      NaN 24.717781  2.903070 -29.751750  2.903070       NaN              NaN           NaN       NaN              NaN           NaN       NaN              NaN           NaN       NaN        NaN       NaN      NaN      NaN      NaN      NaN      U 16.165440 0.006459 15.672040 0.004980 15.035371           0.004978 14.505218           0.004961 14.207801 0.003828  0.493400 0.008156  0.636669           0.007042  0.530152           0.007028           0.297418           0.006266       NaN       NaN       NaN      NaN      NaN      NaN      NaN       NaN       NaN        NaN      NaN       NaN
56.311472 46.377200      NaN      NaN 32.142403  4.981830 -25.650684  4.981830       NaN              NaN           NaN       NaN              NaN           NaN       NaN              NaN           NaN       NaN        NaN       NaN      NaN      NaN      NaN      NaN      U 17.482860 0.013283 16.670603 0.009221 16.086481           0.009194 15.844589           0.013771 15.581017 0.011967  0.812258 0.016170  0.584122           0.013021  0.241892           0.016558           0.263572           0.018244       NaN       NaN       NaN      NaN      NaN      NaN      NaN       NaN       NaN        NaN      NaN       NaN
56.545960 46.431131      NaN      NaN 29.399092  4.971230 -25.738598  4.971230       NaN              NaN           NaN       NaN              NaN           NaN       NaN              NaN           NaN       NaN        NaN       NaN      NaN      NaN      NaN      NaN      U 18.676796 0.031270 17.764744 0.020144 16.985188           0.017099 16.386580           0.021964 15.991609 0.017128  0.912052 0.037197  0.779556           0.026423  0.598608           0.027835           0.394971           0.027853       NaN       NaN       NaN      NaN      NaN      NaN      NaN       NaN       NaN        NaN      NaN       NaN
53.924002 48.600935      NaN      NaN 28.281897  4.032119 -23.593884  4.032119       NaN              NaN           NaN       NaN              NaN           NaN       NaN              NaN           NaN       NaN        NaN       NaN      NaN      NaN      NaN      NaN      U 19.777693 0.105325 18.402164 0.042952 17.296572           0.026996 16.620983           0.030463 16.079853 0.021140  1.375528 0.113746  1.105593           0.050731  0.675589           0.040703           0.541130           0.037079       NaN       NaN       NaN      NaN      NaN      NaN      NaN       NaN       NaN        NaN      NaN       NaN
47.369588 48.828638      NaN      NaN 23.942514  3.341224 -25.774462  3.341224       NaN              NaN           NaN       NaN              NaN           NaN       NaN              NaN           NaN       NaN        NaN       NaN      NaN      NaN      NaN      NaN      U 18.116457 0.031819 17.220297 0.020577 16.361336           0.016917 15.755261           0.013449 15.159789 0.010071  0.896160 0.037893  0.858961           0.026638  0.606074           0.021612           0.595472           0.016802       NaN       NaN       NaN      NaN      NaN      NaN      NaN       NaN       NaN        NaN      NaN       NaN
50.129337 44.641314      NaN      NaN 26.828617  5.529899 -21.212336  5.529899       NaN              NaN           NaN       NaN              NaN           NaN       NaN              NaN           NaN       NaN        NaN       NaN      NaN      NaN      NaN      NaN      U 19.067080 0.047663 18.503498 0.046809 17.670506           0.042611 17.090233           0.049559 16.843973 0.068438  0.563581 0.066805  0.832993           0.063299  0.580273           0.065359           0.246260           0.084498       NaN       NaN       NaN      NaN      NaN      NaN      NaN       NaN       NaN        NaN      NaN       NaN
44.737936 50.744826      NaN      NaN 23.904892  2.240557 -20.861036  2.240557       NaN              NaN           NaN       NaN              NaN           NaN       NaN              NaN           NaN       NaN        NaN       NaN      NaN      NaN      NaN      NaN      U 15.073921 0.003780 14.758633 0.003291 14.213172           0.003323 13.590338           0.002860 13.324640 0.002189  0.315289 0.005012  0.545461           0.004677  0.622834           0.004384           0.265697           0.003602       NaN       NaN       NaN      NaN      NaN      NaN      NaN       NaN       NaN        NaN      NaN       NaN
49.020105 46.115670      NaN      NaN 24.040205  4.130382 -27.804142  4.130382       NaN              NaN           NaN       NaN              NaN           NaN       NaN              NaN           NaN       NaN        NaN       NaN      NaN      NaN      NaN      NaN      U 18.740625 0.037849 17.972622 0.022883 17.221415           0.019933 16.682453           0.030065 16.204132 0.019917  0.768003 0.044229  0.751207           0.030348  0.538961           0.036073           0.478321           0.036064       NaN       NaN       NaN      NaN      NaN      NaN      NaN       NaN       NaN        NaN      NaN       NaN
52.245618 47.350519      NaN      NaN 19.799280  2.648887 -26.881527  2.648887       NaN              NaN           NaN       NaN              NaN           NaN       NaN              NaN           NaN       NaN        NaN       NaN      NaN      NaN      NaN      NaN      U 17.993723 0.024736 17.554937 0.022993 16.864388           0.024457 16.274782           0.027328 15.841089 0.017543  0.438786 0.033772  0.690550           0.033568  0.589605           0.036674           0.433693           0.032474       NaN       NaN       NaN      NaN      NaN      NaN      NaN       NaN       NaN        NaN      NaN       NaN
48.369260 50.484648      NaN      NaN 21.502296  4.050607 -26.579874  4.050607       NaN              NaN           NaN       NaN              NaN           NaN       NaN              NaN           NaN       NaN        NaN       NaN      NaN      NaN      NaN      NaN      U 19.546825 0.105181 18.261663 0.037258 17.285175           0.026244 16.633953           0.027410 16.060400 0.018627  1.285162 0.111585  0.976488           0.045573  0.651222           0.037948           0.573553           0.033140       NaN       NaN       NaN      NaN      NaN      NaN      NaN       NaN       NaN        NaN      NaN       NaN
52.777163 51.394009      NaN      NaN 25.710258  5.566878 -23.839693  5.566878       NaN              NaN           NaN       NaN              NaN           NaN       NaN              NaN           NaN       NaN        NaN       NaN      NaN      NaN      NaN      NaN      U 19.581764 0.082559 18.786919 0.065431 17.822752           0.045993 17.181108           0.052860 16.804682 0.038255  0.794846 0.105344  0.964167           0.079979  0.641644           0.070068           0.376427           0.065251       NaN       NaN       NaN      NaN      NaN      NaN      NaN       NaN       NaN        NaN      NaN       NaN
53.924801 47.156713      NaN      NaN 19.699335  4.251712 -24.564400  4.251712       NaN              NaN           NaN       NaN              NaN           NaN       NaN              NaN           NaN       NaN        NaN       NaN      NaN      NaN      NaN      NaN      U 18.848820 0.039943 18.117285 0.027547 17.241900           0.022044 16.635645           0.027393 16.214926 0.021671  0.731535 0.048521  0.875385           0.035281  0.606255           0.035161           0.420719           0.034929       NaN       NaN       NaN      NaN      NaN      NaN      NaN       NaN       NaN        NaN      NaN       NaN
49.857141 50.346770      NaN      NaN 28.530457  4.949755 -25.822140  4.949755       NaN              NaN           NaN       NaN              NaN           NaN       NaN              NaN           NaN       NaN        NaN       NaN      NaN      NaN      NaN      NaN      U 18.690320 0.046442 19.078465 0.087766 17.379930           0.033564 16.943632           0.036592 16.819305 0.038565 -0.388145 0.099296  1.698534           0.093965  0.436298           0.049654           0.124327           0.053163       NaN       NaN       NaN      NaN      NaN      NaN      NaN       NaN       NaN        NaN      NaN       NaN
48.548911 49.466166      NaN      NaN 21.255339  4.947174 -22.390840  4.947174       NaN              NaN           NaN       NaN              NaN           NaN       NaN              NaN           NaN       NaN        NaN       NaN      NaN      NaN      NaN      NaN      U 20.023760 0.136002 19.579737 0.123389 18.389875           0.079123 17.769650           0.095926 17.633087 0.073874  0.444023 0.183633  1.189861           0.146578  0.620226           0.124347           0.136562           0.121075       NaN       NaN       NaN      NaN      NaN      NaN      NaN       NaN       NaN        NaN      NaN       NaN
52.732271 51.871228      NaN      NaN 24.616938  2.841012 -27.131870  2.841012       NaN              NaN           NaN       NaN              NaN           NaN       NaN              NaN           NaN       NaN        NaN       NaN      NaN      NaN      NaN      NaN      U 14.369873 0.002496 13.870242 0.001927 13.245498           0.001940 12.696871           0.001590 12.433721 0.001234  0.499631 0.003153  0.624744           0.002735  0.548627           0.002509           0.263150           0.002013       NaN       NaN       NaN      NaN      NaN      NaN      NaN       NaN       NaN        NaN      NaN       NaN
50.804825 45.737200      NaN      NaN 22.672810  3.359486 -23.812822  3.359486       NaN              NaN           NaN       NaN              NaN           NaN       NaN              NaN           NaN       NaN        NaN       NaN      NaN      NaN      NaN      NaN      U 14.397712 0.002605 13.997612 0.002196 13.466796           0.002289 12.952637           0.001759 12.618950 0.001285  0.400100 0.003407  0.530816           0.003172  0.514159           0.002887           0.333687           0.002178       NaN       NaN       NaN      NaN      NaN      NaN      NaN       NaN       NaN        NaN      NaN       NaN
48.901292 48.543178      NaN      NaN 27.028326  2.603713 -21.539902  2.603713       NaN              NaN           NaN       NaN              NaN           NaN       NaN              NaN           NaN       NaN        NaN       NaN      NaN      NaN      NaN      NaN      U 18.273910 0.028829 17.753569 0.024360 17.052351           0.021183 16.365551           0.019270 16.003320 0.016573  0.520342 0.037743  0.701218           0.032282  0.686800           0.028636           0.362230           0.025416       NaN       NaN       NaN      NaN      NaN      NaN      NaN       NaN       NaN        NaN      NaN       NaN
49.002309 48.514719      NaN      NaN 20.699583  2.234085 -21.098194  2.234085       NaN              NaN           NaN       NaN              NaN           NaN       NaN              NaN           NaN       NaN        NaN       NaN      NaN      NaN      NaN      NaN      U 15.179927 0.004114 14.522232 0.003146 14.148056           0.003419 13.785260           0.002780 13.614594 0.002452  0.657695 0.005180  0.374176           0.004647  0.362796           0.004407           0.170666           0.003707       NaN       NaN       NaN      NaN      NaN      NaN      NaN       NaN       NaN        NaN      NaN       NaN
48.575488 46.824604      NaN      NaN 21.499386  7.152640 -27.180603  7.152640       NaN              NaN           NaN       NaN              NaN           NaN       NaN              NaN           NaN       NaN        NaN       NaN      NaN      NaN      NaN      NaN      U 19.720587 0.072872 19.006730 0.055394 17.878227           0.034563 17.309301           0.060127 17.151686 0.053466  0.713858 0.091536  1.128502           0.065292  0.568926           0.069353           0.157616           0.080461       NaN       NaN       NaN      NaN      NaN      NaN      NaN       NaN       NaN        NaN      NaN       NaN
49.529230 48.918603      NaN      NaN 30.458670  4.593518 -21.207983  4.593518       NaN              NaN           NaN       NaN              NaN           NaN       NaN              NaN           NaN       NaN        NaN       NaN      NaN      NaN      NaN      NaN      U 19.949710 0.113260 18.819578 0.053725 18.278564           0.053148 17.579231           0.053068 17.227130 0.051179  1.130133 0.125356  0.541014           0.075572  0.699333           0.075106           0.352100           0.073725       NaN       NaN       NaN      NaN      NaN      NaN      NaN       NaN       NaN        NaN      NaN       NaN
50.457022 52.263890      NaN      NaN 28.088978  2.843718 -29.019522  2.843718       NaN              NaN           NaN       NaN              NaN           NaN       NaN              NaN           NaN       NaN        NaN       NaN      NaN      NaN      NaN      NaN      U 14.390322 0.002566 14.056087 0.002243 13.501355           0.002297 12.842913           0.001736 12.658005 0.001355  0.334235 0.003408  0.554731           0.003210  0.658443           0.002879           0.184908           0.002202       NaN       NaN       NaN      NaN      NaN      NaN      NaN       NaN       NaN        NaN      NaN       NaN
49.869978 51.834502      NaN      NaN 22.843338  3.942160 -22.193851  3.942160       NaN              NaN           NaN       NaN              NaN           NaN       NaN              NaN           NaN       NaN        NaN       NaN      NaN      NaN      NaN      NaN      U 18.845860 0.039141 18.128271 0.028388 17.329645           0.023066 16.751202           0.031243 16.329432 0.021770  0.717588 0.048352  0.798626           0.036577  0.578443           0.038835           0.421770           0.038080       NaN       NaN       NaN      NaN      NaN      NaN      NaN       NaN       NaN        NaN      NaN       NaN
52.951204 51.683268      NaN      NaN 26.255352  4.970294 -21.605396  4.970294       NaN              NaN           NaN       NaN              NaN           NaN       NaN              NaN           NaN       NaN        NaN       NaN      NaN      NaN      NaN      NaN      U 19.041075 0.046740 18.542480 0.040461 17.661556           0.031652 16.930122           0.042545 16.663464 0.034271  0.498594 0.061820  0.880924           0.051370  0.731434           0.053028           0.266659           0.054631       NaN       NaN       NaN      NaN      NaN      NaN      NaN       NaN       NaN        NaN      NaN       NaN
56.327045 50.073386      NaN      NaN 23.193783  3.749408 -27.070480  3.749408       NaN              NaN           NaN       NaN              NaN           NaN       NaN              NaN           NaN       NaN        NaN       NaN      NaN      NaN      NaN      NaN      U 16.569483 0.007387 16.061400 0.005961 14.578707           0.003719 14.070060           0.003859 13.934485 0.003121  0.508083 0.009492  1.482693           0.007025  0.508647           0.005359           0.135574           0.004963       NaN       NaN       NaN      NaN      NaN      NaN      NaN       NaN       NaN        NaN      NaN       NaN
53.101630 51.662136      NaN      NaN 19.965275  3.546997 -29.275263  3.546997       NaN              NaN           NaN       NaN              NaN           NaN       NaN              NaN           NaN       NaN        NaN       NaN      NaN      NaN      NaN      NaN      U 18.802244 0.038773 17.871479 0.023471 16.780834           0.015960 16.082336           0.020436 15.771527 0.015576  0.930765 0.045323  1.090645           0.028383  0.698498           0.025930           0.310809           0.025695       NaN       NaN       NaN      NaN      NaN      NaN      NaN       NaN       NaN        NaN      NaN       NaN
55.698303 51.167993      NaN      NaN 27.566904  6.528569 -24.590810  6.528569       NaN              NaN           NaN       NaN              NaN           NaN       NaN              NaN           NaN       NaN        NaN       NaN      NaN      NaN      NaN      NaN      U 17.159502 0.012117 16.559057 0.009959 15.925932           0.008773 15.262298           0.006843 14.906867 0.008388  0.600445 0.015685  0.633125           0.013272  0.663634           0.011126           0.355431           0.010825       NaN       NaN       NaN      NaN      NaN      NaN      NaN       NaN       NaN        NaN      NaN       NaN
53.351066 46.553935      NaN      NaN 24.514427  6.388079 -21.759375  6.388079       NaN              NaN           NaN       NaN              NaN           NaN       NaN              NaN           NaN       NaN        NaN       NaN      NaN      NaN      NaN      NaN      U 19.175861 0.052634 18.687134 0.050975 17.741224           0.038145 17.440170           0.059532 17.097145 0.050270  0.488728 0.073271  0.945909           0.063667  0.301054           0.070704           0.343025           0.077917       NaN       NaN       NaN      NaN      NaN      NaN      NaN       NaN       NaN        NaN      NaN       NaN
47.490626 48.923395      NaN      NaN 24.342339  4.104569 -27.701431  4.104569       NaN              NaN           NaN       NaN              NaN           NaN       NaN              NaN           NaN       NaN        NaN       NaN      NaN      NaN      NaN      NaN      U 18.483208 0.041618 18.003405 0.040444 17.263937           0.036563 16.629380           0.028214 16.303068 0.026555  0.479803 0.058032  0.739468           0.054522  0.634558           0.046184           0.326311           0.038746       NaN       NaN       NaN      NaN      NaN      NaN      NaN       NaN       NaN        NaN      NaN       NaN
48.290742 47.480897      NaN      NaN 25.500890  4.362482 -31.299507  4.362482       NaN              NaN           NaN       NaN              NaN           NaN       NaN              NaN           NaN       NaN        NaN       NaN      NaN      NaN      NaN      NaN      U 18.494701 0.037874 18.421305 0.045263 17.379967           0.030855 16.722458           0.031489 16.563862 0.031605  0.073397 0.059018  1.041338           0.054779  0.657509           0.044087           0.158596           0.044614       NaN       NaN       NaN      NaN      NaN      NaN      NaN       NaN       NaN        NaN      NaN       NaN
50.366611 49.021935      NaN      NaN 25.730032  2.550478 -26.708470  2.550478       NaN              NaN           NaN       NaN              NaN           NaN       NaN              NaN           NaN       NaN        NaN       NaN      NaN      NaN      NaN      NaN      U 19.126802 0.060494 17.983060 0.029639 16.979110           0.020245 16.340082           0.019444 15.767879 0.013334  1.143742 0.067365  1.003950           0.035893  0.639029           0.028070           0.572204           0.023577       NaN       NaN       NaN      NaN      NaN      NaN      NaN       NaN       NaN        NaN      NaN       NaN
49.042229 52.036744      NaN      NaN 28.065840  5.254169 -31.106573  5.254169       NaN              NaN           NaN       NaN              NaN           NaN       NaN              NaN           NaN       NaN        NaN       NaN      NaN      NaN      NaN      NaN      U 20.031977 0.134562 19.201881 0.089564 18.208860           0.055580 17.602482           0.094368 17.137350 0.053970  0.830095 0.161644  0.993021           0.105408  0.606379           0.109519           0.465132           0.108711       NaN       NaN       NaN      NaN      NaN      NaN      NaN       NaN       NaN        NaN      NaN       NaN
47.879448 51.858567      NaN      NaN 22.488178  2.296964 -20.154284  2.296964       NaN              NaN           NaN       NaN              NaN           NaN       NaN              NaN           NaN       NaN        NaN       NaN      NaN      NaN      NaN      NaN      U 16.651377 0.009314 16.610752 0.010002 15.766813           0.007919 15.263427           0.010065 15.162577 0.008635  0.040625 0.013667  0.843939           0.012758  0.503386           0.012807           0.100850           0.013262       NaN       NaN       NaN      NaN      NaN      NaN      NaN       NaN       NaN        NaN      NaN       NaN
49.529535 48.643628      NaN      NaN 25.224607  3.562956 -19.752516  3.562956       NaN              NaN           NaN       NaN              NaN           NaN       NaN              NaN           NaN       NaN        NaN       NaN      NaN      NaN      NaN      NaN      U 20.114634 0.134200 18.868395 0.054239 17.786978           0.034411 17.086582           0.033209 16.460245 0.027377  1.246239 0.144746  1.081417           0.064234  0.700396           0.047822           0.626337           0.043039       NaN       NaN       NaN      NaN      NaN      NaN      NaN       NaN       NaN        NaN      NaN       NaN
48.523112 50.882644      NaN      NaN 27.777912  4.511534 -20.265730  4.511534       NaN              NaN           NaN       NaN              NaN           NaN       NaN              NaN           NaN       NaN        NaN       NaN      NaN      NaN      NaN      NaN      U 19.409487 0.066093 18.657196 0.044501 17.802158           0.039727 17.118760           0.033767 16.787796 0.034199  0.752291 0.079678  0.855038           0.059654  0.683399           0.052138           0.330963           0.048060       NaN       NaN       NaN      NaN      NaN      NaN      NaN       NaN       NaN        NaN      NaN       NaN
46.988559 47.481905      NaN      NaN 21.662090  3.525167 -25.715080  3.525167       NaN              NaN           NaN       NaN              NaN           NaN       NaN              NaN           NaN       NaN        NaN       NaN      NaN      NaN      NaN      NaN      U 15.927697 0.006052 15.568670 0.005102 14.920561           0.004913 14.275853           0.004658 13.993575 0.002618  0.359027 0.007916  0.648109           0.007083  0.644708           0.006770           0.282278           0.005343       NaN       NaN       NaN      NaN      NaN      NaN      NaN       NaN       NaN        NaN      NaN       NaN
47.001026 48.071971      NaN      NaN 30.680088  3.570735 -22.930925  3.570735       NaN              NaN           NaN       NaN              NaN           NaN       NaN              NaN           NaN       NaN        NaN       NaN      NaN      NaN      NaN      NaN      U 16.632393 0.008614 16.140772 0.006715 15.519225           0.006582 14.868330           0.006908 14.551020 0.003833  0.491621 0.010922  0.621547           0.009403  0.650895           0.009542           0.317310           0.007900       NaN       NaN       NaN      NaN      NaN      NaN      NaN       NaN       NaN        NaN      NaN       NaN
48.551092 51.008160      NaN      NaN 21.318325  3.958267 -30.314821  3.958267       NaN              NaN           NaN       NaN              NaN           NaN       NaN              NaN           NaN       NaN        NaN       NaN      NaN      NaN      NaN      NaN      U 18.858473 0.043339 18.144512 0.030167 17.398453           0.029496 16.910465           0.028204 16.382225 0.023739  0.713961 0.052804  0.746059           0.042191  0.487988           0.040811           0.528240           0.036865       NaN       NaN       NaN      NaN      NaN      NaN      NaN       NaN       NaN        NaN      NaN       NaN
49.263583 50.821327      NaN      NaN 29.322834  2.687750 -27.434635  2.687750       NaN              NaN           NaN       NaN              NaN           NaN       NaN              NaN           NaN       NaN        NaN       NaN      NaN      NaN      NaN      NaN      U 15.983805 0.006234 15.470590 0.004985 14.852347           0.005140 14.243435           0.003772 13.977187 0.003412  0.513215 0.007982  0.618242           0.007160  0.608912           0.006375           0.266248           0.005086       NaN       NaN       NaN      NaN      NaN      NaN      NaN       NaN       NaN        NaN      NaN       NaN
51.895686 47.954565      NaN      NaN 20.786827  1.637027 -25.452816  1.637027       NaN              NaN           NaN       NaN              NaN           NaN       NaN              NaN           NaN       NaN        NaN       NaN      NaN      NaN      NaN      NaN      U 15.187600 0.003952 14.595034 0.003106 13.934939           0.003064 13.383936           0.002565 12.922430 0.001664  0.592566 0.005026  0.660094           0.004363  0.551003           0.003996           0.461506           0.003057       NaN       NaN       NaN      NaN      NaN      NaN      NaN       NaN       NaN        NaN      NaN       NaN
54.443312 51.002784      NaN      NaN 22.932198  3.597040 -20.193993  3.597040       NaN              NaN           NaN       NaN              NaN           NaN       NaN              NaN           NaN       NaN        NaN       NaN      NaN      NaN      NaN      NaN      U 18.970701 0.042046 18.114302 0.026338 17.200335           0.021230 16.278793           0.022303 15.917447 0.015947  0.856400 0.049615  0.913967           0.033829  0.921541           0.030792           0.361346           0.027418       NaN       NaN       NaN      NaN      NaN      NaN      NaN       NaN       NaN        NaN      NaN       NaN
53.505032 48.911074      NaN      NaN 26.323020  8.138033 -27.858877  8.138033       NaN              NaN           NaN       NaN              NaN           NaN       NaN              NaN           NaN       NaN        NaN       NaN      NaN      NaN      NaN      NaN      U 19.530987 0.113777 18.525549 0.057992 18.483175           0.070654 17.709185           0.063558 17.522284 0.073157  1.005438 0.127704  0.042374           0.091406  0.773991           0.095035           0.186901           0.096910       NaN       NaN       NaN      NaN      NaN      NaN      NaN       NaN       NaN        NaN      NaN       NaN
54.915353 49.924239      NaN      NaN 26.045664  3.426249 -21.378546  3.426249       NaN              NaN           NaN       NaN              NaN           NaN       NaN              NaN           NaN       NaN        NaN       NaN      NaN      NaN      NaN      NaN      U 19.573088 0.073087 18.169338 0.034290 16.990974           0.020913 16.333920           0.016255 15.788092 0.013375  1.403749 0.080731  1.178364           0.040164  0.657055           0.026487           0.545828           0.021050       NaN       NaN       NaN      NaN      NaN      NaN      NaN       NaN       NaN        NaN      NaN       NaN
52.951575 48.472276      NaN      NaN 23.862720  3.595096 -24.571470  3.595096       NaN              NaN           NaN       NaN              NaN           NaN       NaN              NaN           NaN       NaN        NaN       NaN      NaN      NaN      NaN      NaN      U 19.355713 0.077753 18.049300 0.031084 17.082039           0.022606 16.479609           0.022439 15.867639 0.016094  1.306414 0.083736  0.967260           0.038435  0.602430           0.031852           0.611970           0.027614       NaN       NaN       NaN      NaN      NaN      NaN      NaN       NaN       NaN        NaN      NaN       NaN
48.958223 49.207997      NaN      NaN 29.521288  5.006900 -24.541557  5.006900       NaN              NaN           NaN       NaN              NaN           NaN       NaN              NaN           NaN       NaN        NaN       NaN      NaN      NaN      NaN      NaN      U 20.601360 0.229238 19.252867 0.095449 18.364504           0.077206 17.861176           0.100806 17.331465 0.060509  1.348494 0.248315  0.888363           0.122765  0.503328           0.126974           0.529711           0.117572       NaN       NaN       NaN      NaN      NaN      NaN      NaN       NaN       NaN        NaN      NaN       NaN
46.389242 45.943275      NaN      NaN 28.628899  4.030876 -25.238998  4.030876       NaN              NaN           NaN       NaN              NaN           NaN       NaN              NaN           NaN       NaN        NaN       NaN      NaN      NaN      NaN      NaN      U 17.476746 0.015269 16.978863 0.012975 16.012714           0.009777 15.461246           0.010141 15.349796 0.010750  0.497883 0.020037  0.966148           0.016246  0.551469           0.014086           0.111449           0.014778       NaN       NaN       NaN      NaN      NaN      NaN      NaN       NaN       NaN        NaN      NaN       NaN
53.050651 49.996680      NaN      NaN 23.819845  2.925345 -29.190744  2.925345       NaN              NaN           NaN       NaN              NaN           NaN       NaN              NaN           NaN       NaN        NaN       NaN      NaN      NaN      NaN      NaN      U 16.550060 0.008296 16.066440 0.006847 15.445396           0.006686 14.789679           0.006363 14.457343 0.005087  0.483620 0.010756  0.621044           0.009570  0.655718           0.009230           0.332335           0.008147       NaN       NaN       NaN      NaN      NaN      NaN      NaN       NaN       NaN        NaN      NaN       NaN
53.548307 50.007784      NaN      NaN 26.211720  2.948064 -19.672003  2.948064       NaN              NaN           NaN       NaN              NaN           NaN       NaN              NaN           NaN       NaN        NaN       NaN      NaN      NaN      NaN      NaN      U 16.715813 0.009223 16.170180 0.007492 15.527418           0.007251 14.877863           0.006732 14.603766 0.005819  0.545633 0.011883  0.642761           0.010427  0.649555           0.009894           0.274097           0.008898       NaN       NaN       NaN      NaN      NaN      NaN      NaN       NaN       NaN        NaN      NaN       NaN
45.186413 50.699168      NaN      NaN 27.279625  2.237166 -26.226006  2.237166       NaN              NaN           NaN       NaN              NaN           NaN       NaN              NaN           NaN       NaN        NaN       NaN      NaN      NaN      NaN      NaN      U 15.226384 0.004087 14.594373 0.003002 13.901637           0.002820 13.390164           0.002510 13.097801 0.001977  0.632011 0.005071  0.692736           0.004118  0.511473           0.003775           0.292363           0.003195       NaN       NaN       NaN      NaN      NaN      NaN      NaN       NaN       NaN        NaN      NaN       NaN
54.412551 49.913346      NaN      NaN 23.008540  3.523399 -26.913647  3.523399       NaN              NaN           NaN       NaN              NaN           NaN       NaN              NaN           NaN       NaN        NaN       NaN      NaN      NaN      NaN      NaN      U 18.311220 0.025990 17.626318 0.022191 16.920350           0.020748 16.307762           0.016460 16.026646 0.017077  0.684902 0.034175  0.705969           0.030380  0.612587           0.026484           0.281116           0.023718       NaN       NaN       NaN      NaN      NaN      NaN      NaN       NaN       NaN        NaN      NaN       NaN
54.375963 50.515976      NaN      NaN 30.075674  3.777848 -22.666574  3.777848       NaN              NaN           NaN       NaN              NaN           NaN       NaN              NaN           NaN       NaN        NaN       NaN      NaN      NaN      NaN      NaN      U 18.599237 0.033452 17.819462 0.028383 17.121647           0.026802 16.492052           0.020711 16.007957 0.018795  0.779776 0.043871  0.697815           0.039038  0.629595           0.033872           0.484095           0.027967       NaN       NaN       NaN      NaN      NaN      NaN      NaN       NaN       NaN        NaN      NaN       NaN
47.351846 51.008303      NaN      NaN 29.761168  3.780949 -22.824162  3.780949       NaN              NaN           NaN       NaN              NaN           NaN       NaN              NaN           NaN       NaN        NaN       NaN      NaN      NaN      NaN      NaN      U 19.337130 0.062044 18.768234 0.044596 16.898370           0.017224 16.336992           0.018462 16.117334 0.019959  0.568895 0.076409  1.869863           0.047806  0.561379           0.025249           0.219658           0.027188       NaN       NaN       NaN      NaN      NaN      NaN      NaN       NaN       NaN        NaN      NaN       NaN
57.677636 47.550726      NaN      NaN 23.279234  7.224005 -25.072140  7.224005       NaN              NaN           NaN       NaN              NaN           NaN       NaN              NaN           NaN       NaN        NaN       NaN      NaN      NaN      NaN      NaN      U 19.905247 0.118036 19.618044 0.128702 18.534197           0.081739 18.065730           0.085175 17.968910 0.188738  0.287203 0.174633  1.083847           0.152465  0.468468           0.118051           0.096819           0.207067       NaN       NaN       NaN      NaN      NaN      NaN      NaN       NaN       NaN        NaN      NaN       NaN
52.543408 49.458424      NaN      NaN 23.678580  2.661610 -19.713795  2.661610       NaN              NaN           NaN       NaN              NaN           NaN       NaN              NaN           NaN       NaN        NaN       NaN      NaN      NaN      NaN      NaN      U 18.273413 0.028064 17.565365 0.020791 16.926394           0.023206 16.356625           0.028009 15.964125 0.018516  0.708048 0.034927  0.638971           0.031157  0.569769           0.036373           0.392500           0.033576       NaN       NaN       NaN      NaN      NaN      NaN      NaN       NaN       NaN        NaN      NaN       NaN
45.263633 51.561674      NaN      NaN 40.849827 22.303804 -37.299050 22.303804       NaN              NaN           NaN       NaN              NaN           NaN       NaN              NaN           NaN       NaN        NaN       NaN      NaN      NaN      NaN      NaN      U 20.573849 0.209788 20.200924 0.213729 18.950758           0.107412       NaN -1000000000.000000 17.892702 0.112340  0.372925 0.299484  1.250166           0.239201       NaN -1000000000.000000 -1000000000.000000 -1000000000.000000       NaN       NaN       NaN      NaN      NaN      NaN      NaN       NaN       NaN        NaN      NaN       NaN
50.743839 51.889750      NaN      NaN 24.714617  6.346971 -22.617538  6.346971       NaN              NaN           NaN       NaN              NaN           NaN       NaN              NaN           NaN       NaN        NaN       NaN      NaN      NaN      NaN      NaN      U 19.759150 0.086485 19.496655 0.090875 18.317354           0.054609 17.398808           0.060506 17.377170 0.074923  0.262495 0.125451  1.179300           0.106021  0.918547           0.081506           0.021637           0.096304       NaN       NaN       NaN      NaN      NaN      NaN      NaN       NaN       NaN        NaN      NaN       NaN
50.137623 51.882988      NaN      NaN 29.256824  3.525561 -24.053001  3.525561       NaN              NaN           NaN       NaN              NaN           NaN       NaN              NaN           NaN       NaN        NaN       NaN      NaN      NaN      NaN      NaN      U 18.652859 0.034217 17.656857 0.020449 16.717224           0.016340 16.097267           0.018699 15.870939 0.015968  0.996002 0.039861  0.939632           0.026175  0.619957           0.024832           0.226328           0.024589       NaN       NaN       NaN      NaN      NaN      NaN      NaN       NaN       NaN        NaN      NaN       NaN
50.920081 49.240772      NaN      NaN 23.303413  1.659958 -20.070229  1.659958       NaN              NaN           NaN       NaN              NaN           NaN       NaN              NaN           NaN       NaN        NaN       NaN      NaN      NaN      NaN      NaN      U 16.920197 0.011156 16.340294 0.009105 15.207033           0.006204 14.617655           0.005366 14.313014 0.004110  0.579903 0.014400  1.133261           0.011018  0.589378           0.008203           0.304641           0.006759       NaN       NaN       NaN      NaN      NaN      NaN      NaN       NaN       NaN        NaN      NaN       NaN
50.465563 49.813835      NaN      NaN 25.980020  2.060266 -23.376198  2.060266       NaN              NaN           NaN       NaN              NaN           NaN       NaN              NaN           NaN       NaN        NaN       NaN      NaN      NaN      NaN      NaN      U 18.117516 0.027200 17.595972 0.022613 16.885400           0.018780 16.238272           0.019372 15.937410 0.016673  0.521544 0.035372  0.710571           0.029394  0.647129           0.026981           0.300861           0.025559       NaN       NaN       NaN      NaN      NaN      NaN      NaN       NaN       NaN        NaN      NaN       NaN
51.497140 48.570000      NaN      NaN 24.269932  2.234283 -27.625383  2.234283       NaN              NaN           NaN       NaN              NaN           NaN       NaN              NaN           NaN       NaN        NaN       NaN      NaN      NaN      NaN      NaN      U 15.252294 0.004280 14.819954 0.003644 14.258942           0.003570 13.684839           0.002589 13.424938 0.002186  0.432340 0.005621  0.561012           0.005101  0.574102           0.004410           0.259901           0.003389       NaN       NaN       NaN      NaN      NaN      NaN      NaN       NaN       NaN        NaN      NaN       NaN
52.254780 50.228312      NaN      NaN 28.287560  3.022850 -20.735954  3.022850       NaN              NaN           NaN       NaN              NaN           NaN       NaN              NaN           NaN       NaN        NaN       NaN      NaN      NaN      NaN      NaN      U 16.141928 0.007694 16.367268 0.009823 14.380549           0.004267 14.077366           0.004157 14.010620 0.003523 -0.225340 0.012478  1.986718           0.010710  0.303184           0.005958           0.066746           0.005449       NaN       NaN       NaN      NaN      NaN      NaN      NaN       NaN       NaN        NaN      NaN       NaN
51.969360 50.765342      NaN      NaN 28.657701  4.095373 -28.646769  4.095373       NaN              NaN           NaN       NaN              NaN           NaN       NaN              NaN           NaN       NaN        NaN       NaN      NaN      NaN      NaN      NaN      U 19.735205 0.119258 18.398846 0.053175 17.383123           0.040228 16.657154           0.036934 16.043726 0.019945  1.336359 0.130576  1.015722           0.066677  0.725969           0.054611           0.613428           0.041975       NaN       NaN       NaN      NaN      NaN      NaN      NaN       NaN       NaN        NaN      NaN       NaN
46.081198 48.587660      NaN      NaN 19.018414  3.849792 -25.220144  3.849792       NaN              NaN           NaN       NaN              NaN           NaN       NaN              NaN           NaN       NaN        NaN       NaN      NaN      NaN      NaN      NaN      U 18.370708 0.028854 18.082111 0.025129 17.294527           0.025612 16.882915           0.027227 16.554380 0.026298  0.288597 0.038262  0.787584           0.035881  0.411612           0.037380           0.328535           0.037853       NaN       NaN       NaN      NaN      NaN      NaN      NaN       NaN       NaN        NaN      NaN       NaN
52.623856 50.157114      NaN      NaN 25.984860  6.300338 -26.381739  6.300338       NaN              NaN           NaN       NaN              NaN           NaN       NaN              NaN           NaN       NaN        NaN       NaN      NaN      NaN      NaN      NaN      U 19.435356 0.092283 18.522831 0.059376 17.962433           0.066302 17.697426           0.099122 17.015839 0.044763  0.912525 0.109735  0.560398           0.089003  0.265007           0.119252           0.681587           0.108760       NaN       NaN       NaN      NaN      NaN      NaN      NaN       NaN       NaN        NaN      NaN       NaN
50.716853 51.432327      NaN      NaN 21.463507  3.453042 -20.911095  3.453042       NaN              NaN           NaN       NaN              NaN           NaN       NaN              NaN           NaN       NaN        NaN       NaN      NaN      NaN      NaN      NaN      U 18.602242 0.043515 17.685545 0.026284 17.563747           0.032585 16.751757           0.030302 16.569020 0.033189  0.916697 0.050837  0.121798           0.041864  0.811991           0.044497           0.182737           0.044942       NaN       NaN       NaN      NaN      NaN      NaN      NaN       NaN       NaN        NaN      NaN       NaN
50.778908 50.865048      NaN      NaN 29.291454  3.266574 -27.800198  3.266574       NaN              NaN           NaN       NaN              NaN           NaN       NaN              NaN           NaN       NaN        NaN       NaN      NaN      NaN      NaN      NaN      U 18.892008 0.053827 17.981720 0.037028 17.176262           0.025741 16.614325           0.028900 15.998301 0.020500  0.910288 0.065333  0.805458           0.045096  0.561937           0.038702           0.616024           0.035432       NaN       NaN       NaN      NaN      NaN      NaN      NaN       NaN       NaN        NaN      NaN       NaN
51.749578 51.040419      NaN      NaN 25.001366  3.470217 -22.048155  3.470217       NaN              NaN           NaN       NaN              NaN           NaN       NaN              NaN           NaN       NaN        NaN       NaN      NaN      NaN      NaN      NaN      U 18.650112 0.031110 17.487951 0.016430 16.557095           0.012936 15.956420           0.016413 15.275497 0.011127  1.162161 0.035182  0.930857           0.020911  0.600675           0.020898           0.680922           0.019830       NaN       NaN       NaN      NaN      NaN      NaN      NaN       NaN       NaN        NaN      NaN       NaN
46.326393 46.641655      NaN      NaN 22.415243  4.232812 -21.360327  4.232812       NaN              NaN           NaN       NaN              NaN           NaN       NaN              NaN           NaN       NaN        NaN       NaN      NaN      NaN      NaN      NaN      U 18.743250 0.037889 18.063257 0.030909 17.337118           0.030781 16.783388           0.025800 16.395636 0.026347  0.679993 0.048897  0.726139           0.043621  0.553730           0.040163           0.387753           0.036875       NaN       NaN       NaN      NaN      NaN      NaN      NaN       NaN       NaN        NaN      NaN       NaN
51.909330 51.569259      NaN      NaN 26.605396  4.900510 -19.141167  4.900510       NaN              NaN           NaN       NaN              NaN           NaN       NaN              NaN           NaN       NaN        NaN       NaN      NaN      NaN      NaN      NaN      U 17.455210 0.013406 17.006084 0.011072 16.287880           0.010494       NaN -1000000000.000000 15.638428 0.014742  0.449125 0.017387  0.718205           0.015255       NaN -1000000000.000000 -1000000000.000000 -1000000000.000000       NaN       NaN       NaN      NaN      NaN      NaN      NaN       NaN       NaN        NaN      NaN       NaN
56.095642 50.695770      NaN      NaN 23.857899  5.789976 -32.352970  5.789976       NaN              NaN           NaN       NaN              NaN           NaN       NaN              NaN           NaN       NaN        NaN       NaN      NaN      NaN      NaN      NaN      U 18.460610 0.026852 18.051298 0.025819 17.297731           0.023151 16.729380           0.032773 16.467167 0.031176  0.409311 0.037251  0.753567           0.034678  0.568352           0.040126           0.262213           0.045233       NaN       NaN       NaN      NaN      NaN      NaN      NaN       NaN       NaN        NaN      NaN       NaN
54.459075 46.101551      NaN      NaN 28.065348  3.288829 -26.990051  3.288829       NaN              NaN           NaN       NaN              NaN           NaN       NaN              NaN           NaN       NaN        NaN       NaN      NaN      NaN      NaN      NaN      U 17.625444 0.015683 17.176512 0.013681 16.493639           0.013641 15.933853           0.014189 15.597700 0.012556  0.448933 0.020812  0.682873           0.019319  0.559786           0.019683           0.336153           0.018947       NaN       NaN       NaN      NaN      NaN      NaN      NaN       NaN       NaN        NaN      NaN       NaN
56.017493 49.190905      NaN      NaN 27.339277  2.875705 -29.502834  2.875705       NaN              NaN           NaN       NaN              NaN           NaN       NaN              NaN           NaN       NaN        NaN       NaN      NaN      NaN      NaN      NaN      U 15.308471 0.003913 14.908548 0.003288 14.334274           0.003383 13.850403           0.003366 13.694080 0.002827  0.399922 0.005111  0.574274           0.004717  0.483871           0.004772           0.156322           0.004396       NaN       NaN       NaN      NaN      NaN      NaN      NaN       NaN       NaN        NaN      NaN       NaN
53.356636 48.336723      NaN      NaN 25.189154  2.939354 -23.439781  2.939354       NaN              NaN           NaN       NaN              NaN           NaN       NaN              NaN           NaN       NaN        NaN       NaN      NaN      NaN      NaN      NaN      U 14.266006 0.002812 13.774095 0.002176 13.193526           0.002056 12.652475           0.001552 12.342214 0.001219  0.491911 0.003556  0.580568           0.002993  0.541051           0.002575           0.310262           0.001973       NaN       NaN       NaN      NaN      NaN      NaN      NaN       NaN       NaN        NaN      NaN       NaN
51.361911 52.012830      NaN      NaN 27.908018  3.623113 -21.300852  3.623113       NaN              NaN           NaN       NaN              NaN           NaN       NaN              NaN           NaN       NaN        NaN       NaN      NaN      NaN      NaN      NaN      U 18.460163 0.028576 17.738287 0.021636 17.022867           0.019723 16.289604           0.023693 15.856065 0.017296  0.721876 0.035843  0.715420           0.029277  0.733263           0.030828           0.433539           0.029335       NaN       NaN       NaN      NaN      NaN      NaN      NaN       NaN       NaN        NaN      NaN       NaN
53.228547 48.184056      NaN      NaN 24.702978  3.378595 -25.160517  3.378595       NaN              NaN           NaN       NaN              NaN           NaN       NaN              NaN           NaN       NaN        NaN       NaN      NaN      NaN      NaN      NaN      U 18.753235 0.047697 17.589127 0.024397 16.721056           0.018211 16.077581           0.016766 15.537330 0.012868  1.164108 0.053574  0.868071           0.030445  0.643475           0.024754           0.540252           0.021135       NaN       NaN       NaN      NaN      NaN      NaN      NaN       NaN       NaN        NaN      NaN       NaN
50.102682 50.559052      NaN      NaN 29.022142  3.832564 -20.115932  3.832564       NaN              NaN           NaN       NaN              NaN           NaN       NaN              NaN           NaN       NaN        NaN       NaN      NaN      NaN      NaN      NaN      U 18.665281 0.048922 17.927520 0.041393 17.228400           0.027653 16.502290           0.023692 16.069280 0.018603  0.737761 0.064084  0.699121           0.049780  0.726109           0.036414           0.433010           0.030123       NaN       NaN       NaN      NaN      NaN      NaN      NaN       NaN       NaN        NaN      NaN       NaN
46.903184 50.068517      NaN      NaN 28.649256  3.371999 -26.098030  3.371999       NaN              NaN           NaN       NaN              NaN           NaN       NaN              NaN           NaN       NaN        NaN       NaN      NaN      NaN      NaN      NaN      U 14.532661 0.002781 14.218360 0.002423 13.663876           0.002447 12.960079           0.001941 12.736132 0.001440  0.314301 0.003689  0.554484           0.003444  0.703796           0.003124           0.223948           0.002417       NaN       NaN       NaN      NaN      NaN      NaN      NaN       NaN       NaN        NaN      NaN       NaN
46.440906 50.859841      NaN      NaN 21.239513  5.079231 -26.006140  5.079231       NaN              NaN           NaN       NaN              NaN           NaN       NaN              NaN           NaN       NaN        NaN       NaN      NaN      NaN      NaN      NaN      U 18.281212 0.027236 17.748083 0.022271 17.022081           0.019526 16.389410           0.027860 16.039352 0.017955  0.533129 0.035182  0.726002           0.029619  0.632671           0.034021           0.350058           0.033145       NaN       NaN       NaN      NaN      NaN      NaN      NaN       NaN       NaN        NaN      NaN       NaN
50.812993 48.368256      NaN      NaN 18.737385  3.064017 -25.092813  3.064017       NaN              NaN           NaN       NaN              NaN           NaN       NaN              NaN           NaN       NaN        NaN       NaN      NaN      NaN      NaN      NaN      U 20.562735 0.215610 18.787430 0.067423 17.710943           0.035712 16.946796           0.036680 16.336970 0.024671  1.775305 0.225907  1.076487           0.076297  0.764147           0.051194           0.609827           0.044205       NaN       NaN       NaN      NaN      NaN      NaN      NaN       NaN       NaN        NaN      NaN       NaN
46.398958 52.254323      NaN      NaN 28.286053  7.106935 -26.925585  7.106935       NaN              NaN           NaN       NaN              NaN           NaN       NaN              NaN           NaN       NaN        NaN       NaN      NaN      NaN      NaN      NaN      U 17.369913 0.014213 16.929050 0.014839 16.199566           0.012357 15.428814           0.009235 15.124774 0.011846  0.440863 0.020548  0.729485           0.019310  0.770752           0.015426           0.304040           0.015021       NaN       NaN       NaN      NaN      NaN      NaN      NaN       NaN       NaN        NaN      NaN       NaN
47.280640 51.694962      NaN      NaN 23.695713  6.384171 -23.558443  6.384171       NaN              NaN           NaN       NaN              NaN           NaN       NaN              NaN           NaN       NaN        NaN       NaN      NaN      NaN      NaN      NaN      U 16.842737 0.009883 16.171562 0.008205 15.501155           0.007431 14.897330           0.005821 14.539626 0.006797  0.671175 0.012845  0.670407           0.011070  0.603825           0.009440           0.357704           0.008949       NaN       NaN       NaN      NaN      NaN      NaN      NaN       NaN       NaN        NaN      NaN       NaN
48.834677 46.440790      NaN      NaN 22.551043  2.869683 -19.722956  2.869683       NaN              NaN           NaN       NaN              NaN           NaN       NaN              NaN           NaN       NaN        NaN       NaN      NaN      NaN      NaN      NaN      U 14.747000 0.002893 14.140744 0.002212 12.634598           0.001449 12.076217           0.001240 11.976790 0.001029  0.606256 0.003642  1.506146           0.002644  0.558381           0.001907           0.099426           0.001611       NaN       NaN       NaN      NaN      NaN      NaN      NaN       NaN       NaN        NaN      NaN       NaN
51.744878 45.729291      NaN      NaN 26.607498  5.946089 -27.064686  5.946089       NaN              NaN           NaN       NaN              NaN           NaN       NaN              NaN           NaN       NaN        NaN       NaN      NaN      NaN      NaN      NaN      U 15.441365 0.004412 12.089082 0.000849 12.022381           0.001127       NaN -1000000000.000000 10.824189 0.000448  3.352283 0.004493  0.066701           0.001411       NaN -1000000000.000000 -1000000000.000000 -1000000000.000000       NaN       NaN       NaN      NaN      NaN      NaN      NaN       NaN       NaN        NaN      NaN       NaN
48.735114 46.442525      NaN      NaN 25.924002  2.870432 -20.876915  2.870432       NaN              NaN           NaN       NaN              NaN           NaN       NaN              NaN           NaN       NaN        NaN       NaN      NaN      NaN      NaN      NaN      U 14.087914 0.002105 13.511461 0.001625 12.851933           0.001607 12.366426           0.001448 12.078402 0.001088  0.576453 0.002659  0.659528           0.002285  0.485507           0.002163           0.288025           0.001811       NaN       NaN       NaN      NaN      NaN      NaN      NaN       NaN       NaN        NaN      NaN       NaN
49.007627 49.733997      NaN      NaN 22.802353  2.408785 -20.512451  2.408785       NaN              NaN           NaN       NaN              NaN           NaN       NaN              NaN           NaN       NaN        NaN       NaN      NaN      NaN      NaN      NaN      U 18.330511 0.030566 17.274616 0.018833 16.435430           0.017157 15.909357           0.018380 15.303247 0.007278  1.055895 0.035902  0.839186           0.025476  0.526073           0.025143           0.606111           0.019768       NaN       NaN       NaN      NaN      NaN      NaN      NaN       NaN       NaN        NaN      NaN       NaN
56.028991 49.369685      NaN      NaN 20.003128  3.547197 -29.106646  3.547197       NaN              NaN           NaN       NaN              NaN           NaN       NaN              NaN           NaN       NaN        NaN       NaN      NaN      NaN      NaN      NaN      U 18.723455 0.034021 18.656433 0.040801 16.847359           0.015850 16.324100           0.023717 16.072704 0.017868  0.067022 0.053124  1.809074           0.043772  0.523258           0.028526           0.251396           0.029695       NaN       NaN       NaN      NaN      NaN      NaN      NaN       NaN       NaN        NaN      NaN       NaN
51.567629 50.311930      NaN      NaN 21.890594  3.710130 -26.660156  3.710130       NaN              NaN           NaN       NaN              NaN           NaN       NaN              NaN           NaN       NaN        NaN       NaN      NaN      NaN      NaN      NaN      U 19.690104 0.115377 18.305334 0.045820 17.250557           0.033043 16.597830           0.028789 16.079214 0.017484  1.384769 0.124142  1.054777           0.056492  0.652727           0.043825           0.518616           0.033682       NaN       NaN       NaN      NaN      NaN      NaN      NaN       NaN       NaN        NaN      NaN       NaN
52.229428 46.378907      NaN      NaN 32.526160  7.599714 -25.778463  7.599714       NaN              NaN           NaN       NaN              NaN           NaN       NaN              NaN           NaN       NaN        NaN       NaN      NaN      NaN      NaN      NaN      U 19.385794 0.091733 18.827562 0.076691 17.870161           0.055589 17.578620           0.066102 17.038895 0.045491  0.558231 0.119568  0.957401           0.094719  0.291540           0.086369           0.539726           0.080243       NaN       NaN       NaN      NaN      NaN      NaN      NaN       NaN       NaN        NaN      NaN       NaN
49.202030 45.956498      NaN      NaN 22.116152  3.357795 -22.445414  3.357795       NaN              NaN           NaN       NaN              NaN           NaN       NaN              NaN           NaN       NaN        NaN       NaN      NaN      NaN      NaN      NaN      U 16.238811 0.006812 15.815201 0.005596 15.212495           0.005479 14.582236           0.005363 14.253150 0.003939  0.423611 0.008816  0.602706           0.007832  0.630259           0.007666           0.329086           0.006654       NaN       NaN       NaN      NaN      NaN      NaN      NaN       NaN       NaN        NaN      NaN       NaN
48.526599 48.860426      NaN      NaN 28.075700  3.723794 -25.755743  3.723794       NaN              NaN           NaN       NaN              NaN           NaN       NaN              NaN           NaN       NaN        NaN       NaN      NaN      NaN      NaN      NaN      U 18.930828 0.046956 18.320997 0.039370 17.541796           0.035343 16.977020           0.035081 16.633112 0.033107  0.609831 0.061277  0.779201           0.052907  0.564775           0.049798           0.343908           0.048236       NaN       NaN       NaN      NaN      NaN      NaN      NaN       NaN       NaN        NaN      NaN       NaN
48.050099 51.343987      NaN      NaN 27.044420  2.265232 -24.016872  2.265232       NaN              NaN           NaN       NaN              NaN           NaN       NaN              NaN           NaN       NaN        NaN       NaN      NaN      NaN      NaN      NaN      U 15.807293 0.005912 15.369532 0.004582 14.754365           0.005156 14.035046           0.003332 13.697152 0.002820  0.437761 0.007480  0.615167           0.006898  0.719319           0.006139           0.337894           0.004365       NaN       NaN       NaN      NaN      NaN      NaN      NaN       NaN       NaN        NaN      NaN       NaN
49.684940 50.492884      NaN      NaN 24.499355  7.551643 -26.538570  7.551643       NaN              NaN           NaN       NaN              NaN           NaN       NaN              NaN           NaN       NaN        NaN       NaN      NaN      NaN      NaN      NaN      U 19.641550 0.103848 19.616453 0.138626 18.476042           0.075150 17.835508           0.074850 17.515882 0.070035  0.025097 0.173210  1.140411           0.157686  0.640533           0.106066           0.319626           0.102506       NaN       NaN       NaN      NaN      NaN      NaN      NaN       NaN       NaN        NaN      NaN       NaN
45.791640 48.251386      NaN      NaN 29.181694  3.983616 -20.849220  3.983616       NaN              NaN           NaN       NaN              NaN           NaN       NaN              NaN           NaN       NaN        NaN       NaN      NaN      NaN      NaN      NaN      U 19.001087 0.054510 18.447771 0.040467 17.280981           0.022943 16.649307           0.034582 16.284357 0.027866  0.553316 0.067889  1.166790           0.046518  0.631674           0.041501           0.364950           0.044412       NaN       NaN       NaN      NaN      NaN      NaN      NaN       NaN       NaN        NaN      NaN       NaN
48.097073 50.923567      NaN      NaN 21.795530  4.472941 -25.433517  4.472941       NaN              NaN           NaN       NaN              NaN           NaN       NaN              NaN           NaN       NaN        NaN       NaN      NaN      NaN      NaN      NaN      U 20.211395 0.179011 19.125930 0.063233 18.106740           0.054630 17.345228           0.041503 16.872684 0.035677  1.085465 0.189850  1.019190           0.083563  0.761513           0.068607           0.472544           0.054730       NaN       NaN       NaN      NaN      NaN      NaN      NaN       NaN       NaN        NaN      NaN       NaN
57.100843 48.946542      NaN      NaN 20.607918  4.479924 -22.645910  4.479924       NaN              NaN           NaN       NaN              NaN           NaN       NaN              NaN           NaN       NaN        NaN       NaN      NaN      NaN      NaN      NaN      U 19.169476 0.054948 18.563380 0.044360 17.737398           0.035454 17.108852           0.037188 16.780506 0.040785  0.606096 0.070619  0.825981           0.056787  0.628546           0.051380           0.328346           0.055194       NaN       NaN       NaN      NaN      NaN      NaN      NaN       NaN       NaN        NaN      NaN       NaN
45.664062 50.083101      NaN      NaN 24.869888  2.264080 -19.356274  2.264080       NaN              NaN           NaN       NaN              NaN           NaN       NaN              NaN           NaN       NaN        NaN       NaN      NaN      NaN      NaN      NaN      U 15.697921 0.005465 15.814781 0.006456 14.699299           0.004302 14.357945           0.005037 14.255805 0.004290 -0.116860 0.008459  1.115482           0.007758  0.341353           0.006624           0.102140           0.006616       NaN       NaN       NaN      NaN      NaN      NaN      NaN       NaN       NaN        NaN      NaN       NaN
57.137236 48.953737      NaN      NaN 28.660330  2.034829 -23.603243  2.034829       NaN              NaN           NaN       NaN              NaN           NaN       NaN              NaN           NaN       NaN        NaN       NaN      NaN      NaN      NaN      NaN      U 15.019739 0.003511 14.702013 0.003092 14.147654           0.003220 13.433435           0.002403 13.342875 0.002350  0.317726 0.004678  0.554359           0.004464  0.714219           0.004018           0.090559           0.003361       NaN       NaN       NaN      NaN      NaN      NaN      NaN       NaN       NaN        NaN      NaN       NaN
55.923843 49.949630      NaN      NaN 28.635906  5.213348 -22.111204  5.213348       NaN              NaN           NaN       NaN              NaN           NaN       NaN              NaN           NaN       NaN        NaN       NaN      NaN      NaN      NaN      NaN      U 19.345276 0.055184 18.232306 0.027599 17.306005           0.020810 16.749302           0.033935 16.146515 0.018855  1.112970 0.061700  0.926300           0.034566  0.556704           0.039808           0.602787           0.038821       NaN       NaN       NaN      NaN      NaN      NaN      NaN       NaN       NaN        NaN      NaN       NaN
50.153560 49.129482      NaN      NaN 21.797504  2.501063 -25.279540  2.501063       NaN              NaN           NaN       NaN              NaN           NaN       NaN              NaN           NaN       NaN        NaN       NaN      NaN      NaN      NaN      NaN      U 18.850746 0.048111 17.710815 0.023136 16.737576           0.016500 16.188711           0.016987 15.662876 0.012560  1.139931 0.053385  0.973240           0.028417  0.548864           0.023681           0.525835           0.021126       NaN       NaN       NaN      NaN      NaN      NaN      NaN       NaN       NaN        NaN      NaN       NaN
56.382645 50.096181      NaN      NaN 24.597137  3.723565 -23.944307  3.723565       NaN              NaN           NaN       NaN              NaN           NaN       NaN              NaN           NaN       NaN        NaN       NaN      NaN      NaN      NaN      NaN      U 14.067018 0.002065 13.697544 0.001734 13.142948           0.001828 12.563874           0.001570 12.319157 0.001153  0.369474 0.002697  0.554596           0.002520  0.579074           0.002410           0.244718           0.001949       NaN       NaN       NaN      NaN      NaN      NaN      NaN       NaN       NaN        NaN      NaN       NaN
50.752020 49.982226      NaN      NaN 18.562569  2.923303 -25.653679  2.923303       NaN              NaN           NaN       NaN              NaN           NaN       NaN              NaN           NaN       NaN        NaN       NaN      NaN      NaN      NaN      NaN      U 18.600712 0.042155 17.820644 0.026562 17.064972           0.023071 16.495575           0.029766 16.046673 0.012927  0.780067 0.049826  0.755672           0.035183  0.569397           0.037660           0.448902           0.032452       NaN       NaN       NaN      NaN      NaN      NaN      NaN       NaN       NaN        NaN      NaN       NaN
55.739306 48.247371      NaN      NaN 23.189764  4.019908 -20.135595  4.019908       NaN              NaN           NaN       NaN              NaN           NaN       NaN              NaN           NaN       NaN        NaN       NaN      NaN      NaN      NaN      NaN      U 19.957710 0.102132 18.614317 0.037330 17.564655           0.025607 16.910675           0.027225 16.244009 0.020643  1.343393 0.108740  1.049662           0.045268  0.653980           0.037375           0.666666           0.034166       NaN       NaN       NaN      NaN      NaN      NaN      NaN       NaN       NaN        NaN      NaN       NaN
55.232651 48.708506      NaN      NaN 22.610184  3.034235 -19.668034  3.034235       NaN              NaN           NaN       NaN              NaN           NaN       NaN              NaN           NaN       NaN        NaN       NaN      NaN      NaN      NaN      NaN      U 17.044825 0.010531 16.583580 0.008756 15.943050           0.008816 15.371428           0.008213 15.063580 0.008236  0.461245 0.013696  0.640530           0.012425  0.571623           0.012049           0.307848           0.011632       NaN       NaN       NaN      NaN      NaN      NaN      NaN       NaN       NaN        NaN      NaN       NaN
56.613920 50.473374      NaN      NaN 25.718758  6.655829 -30.766846  6.655829       NaN              NaN           NaN       NaN              NaN           NaN       NaN              NaN           NaN       NaN        NaN       NaN      NaN      NaN      NaN      NaN      U 18.973278 0.041074 18.329107 0.028212 17.554766           0.024348 16.922680           0.038666 16.435730 0.024612  0.644171 0.049829  0.774342           0.037265  0.632086           0.045693           0.486950           0.045834       NaN       NaN       NaN      NaN      NaN      NaN      NaN       NaN       NaN        NaN      NaN       NaN
55.366533 48.338511      NaN      NaN 26.535395  2.905624 -26.911125  2.905624       NaN              NaN           NaN       NaN              NaN           NaN       NaN              NaN           NaN       NaN        NaN       NaN      NaN      NaN      NaN      NaN      U 15.546449 0.004481 14.918261 0.003256 14.273567           0.003308 13.758810           0.002611 13.363329 0.002124  0.628188 0.005539  0.644693           0.004642  0.514757           0.004215           0.395481           0.003366       NaN       NaN       NaN      NaN      NaN      NaN      NaN       NaN       NaN        NaN      NaN       NaN
51.856294 52.220908      NaN      NaN 23.090100  4.331484 -29.945438  4.331484       NaN              NaN           NaN       NaN              NaN           NaN       NaN              NaN           NaN       NaN        NaN       NaN      NaN      NaN      NaN      NaN      U 19.059887 0.045668 18.412703 0.032807 17.604996           0.027842 16.976177           0.040239 16.707808 0.033476  0.647184 0.056230  0.807707           0.043028  0.628818           0.048932           0.268370           0.052343       NaN       NaN       NaN      NaN      NaN      NaN      NaN       NaN       NaN        NaN      NaN       NaN
51.322000 52.312894      NaN      NaN 19.657870  4.152119 -23.776600  4.152119       NaN              NaN           NaN       NaN              NaN           NaN       NaN              NaN           NaN       NaN        NaN       NaN      NaN      NaN      NaN      NaN      U 18.746826 0.035981 18.091656 0.028780 17.372463           0.026233 16.723263           0.036102 16.309660 0.026538  0.655170 0.046075  0.719193           0.038942  0.649200           0.044627           0.413603           0.044807       NaN       NaN       NaN      NaN      NaN      NaN      NaN       NaN       NaN        NaN      NaN       NaN
45.323172 50.066574      NaN      NaN 19.184456  2.821152 -26.542253  2.821152       NaN              NaN           NaN       NaN              NaN           NaN       NaN              NaN           NaN       NaN        NaN       NaN      NaN      NaN      NaN      NaN      U 17.945343 0.022319 18.504704 0.040579 17.253675           0.023285 16.631924           0.031396 16.368670 0.024616 -0.559361 0.046312  1.251028           0.046785  0.621752           0.039088           0.263254           0.039895       NaN       NaN       NaN      NaN      NaN      NaN      NaN       NaN       NaN        NaN      NaN       NaN
45.751919 50.074976      NaN      NaN 19.021458  4.616211 -28.868650  4.616211       NaN              NaN           NaN       NaN              NaN           NaN       NaN              NaN           NaN       NaN        NaN       NaN      NaN      NaN      NaN      NaN      U 20.814594 0.248559 19.489580 0.099503 18.574566           0.073251 17.500994           0.075462 17.125721 0.049262  1.325014 0.267736  0.915014           0.123558  1.073572           0.105167           0.375273           0.090118       NaN       NaN       NaN      NaN      NaN      NaN      NaN       NaN       NaN        NaN      NaN       NaN
50.857116 51.421811      NaN      NaN 29.081306  2.859783 -24.294748  2.859783       NaN              NaN           NaN       NaN              NaN           NaN       NaN              NaN           NaN       NaN        NaN       NaN      NaN      NaN      NaN      NaN      U 14.669595 0.002805 14.341581 0.002497 13.788142           0.002565 13.142370           0.002041 12.956015 0.001843  0.328013 0.003755  0.553439           0.003580  0.645772           0.003278           0.186356           0.002750       NaN       NaN       NaN      NaN      NaN      NaN      NaN       NaN       NaN        NaN      NaN       NaN
52.204935 49.502231      NaN      NaN 25.831627  3.707298 -29.290090  3.707298       NaN              NaN           NaN       NaN              NaN           NaN       NaN              NaN           NaN       NaN        NaN       NaN      NaN      NaN      NaN      NaN      U 19.798136 0.112788 18.966833 0.065419 17.925636           0.047574 17.197771           0.056376 16.733530 0.034112  0.831303 0.130387  1.041197           0.080888  0.727865           0.073767           0.464241           0.065893       NaN       NaN       NaN      NaN      NaN      NaN      NaN       NaN       NaN        NaN      NaN       NaN
52.223808 49.569209      NaN      NaN 25.972422  4.319641 -25.953754  4.319641       NaN              NaN           NaN       NaN              NaN           NaN       NaN              NaN           NaN       NaN        NaN       NaN      NaN      NaN      NaN      NaN      U 20.026804 0.140030 18.963854 0.065539 18.166122           0.058746 17.531967           0.076734 17.161669 0.050305  1.062950 0.154609  0.797731           0.088014  0.634155           0.096640           0.370298           0.091754       NaN       NaN       NaN      NaN      NaN      NaN      NaN       NaN       NaN        NaN      NaN       NaN
52.062612 49.628296      NaN      NaN 23.326366  3.026621 -27.764162  3.026621       NaN              NaN           NaN       NaN              NaN           NaN       NaN              NaN           NaN       NaN        NaN       NaN      NaN      NaN      NaN      NaN      U 19.828417 0.112821 18.499067 0.042640 17.459011           0.031602 16.746094           0.038159 16.215631 0.021505  1.329349 0.120610  1.040056           0.053074  0.712917           0.049546           0.530462           0.043802       NaN       NaN       NaN      NaN      NaN      NaN      NaN       NaN       NaN        NaN      NaN       NaN
55.940137 51.003204      NaN      NaN 24.121222  6.533638 -28.048027  6.533638       NaN              NaN           NaN       NaN              NaN           NaN       NaN              NaN           NaN       NaN        NaN       NaN      NaN      NaN      NaN      NaN      U 17.219429 0.012318 16.902393 0.014407 15.940259           0.009552 15.317867           0.007545 15.075424 0.010540  0.317036 0.018955  0.962134           0.017286  0.622392           0.012173           0.242443           0.012962       NaN       NaN       NaN      NaN      NaN      NaN      NaN       NaN       NaN        NaN      NaN       NaN
51.881873 48.889737      NaN      NaN 23.647620  2.254957 -23.825064  2.254957       NaN              NaN           NaN       NaN              NaN           NaN       NaN              NaN           NaN       NaN        NaN       NaN      NaN      NaN      NaN      NaN      U 15.945634 0.006380 15.256294 0.004469 14.545729           0.004132 14.013145           0.003147 13.597395 0.002802  0.689340 0.007790  0.710566           0.006086  0.532583           0.005194           0.415751           0.004214       NaN       NaN       NaN      NaN      NaN      NaN      NaN       NaN       NaN        NaN      NaN       NaN
55.326581 51.456396      NaN      NaN 29.638786  6.470485 -20.282072  6.470485       NaN              NaN           NaN       NaN              NaN           NaN       NaN              NaN           NaN       NaN        NaN       NaN      NaN      NaN      NaN      NaN      U 16.754261 0.009270 16.294483 0.009510 15.638861           0.008185 15.079541           0.006913 14.754033 0.008498  0.459778 0.013281  0.655622           0.012547  0.559319           0.010714           0.325508           0.010955       NaN       NaN       NaN      NaN      NaN      NaN      NaN       NaN       NaN        NaN      NaN       NaN
55.294623 51.138962      NaN      NaN 21.001427  6.192948 -32.470737  6.192948       NaN              NaN           NaN       NaN              NaN           NaN       NaN              NaN           NaN       NaN        NaN       NaN      NaN      NaN      NaN      NaN      U 14.833905 0.003199 14.418427 0.002788 13.858442           0.002847 13.320439           0.001972 13.014866 0.002002  0.415478 0.004243  0.559985           0.003985  0.538003           0.003463           0.305573           0.002810       NaN       NaN       NaN      NaN      NaN      NaN      NaN       NaN       NaN        NaN      NaN       NaN
53.887350 50.055663      NaN      NaN 27.438904  4.363815 -23.013153  4.363815       NaN              NaN           NaN       NaN              NaN           NaN       NaN              NaN           NaN       NaN        NaN       NaN      NaN      NaN      NaN      NaN      U 18.639828 0.035117 18.029692 0.031367 17.254070           0.025659 16.452139           0.024653 16.303497 0.024309  0.610136 0.047086  0.775621           0.040525  0.801931           0.035583           0.148642           0.034622       NaN       NaN       NaN      NaN      NaN      NaN      NaN       NaN       NaN        NaN      NaN       NaN
47.104766 50.837755      NaN      NaN 21.514395  3.857780 -24.646437  3.857780       NaN              NaN           NaN       NaN              NaN           NaN       NaN              NaN           NaN       NaN        NaN       NaN      NaN      NaN      NaN      NaN      U 19.686275 0.078734 18.389700 0.031658 17.299728           0.020999 16.625122           0.023532 16.129532 0.018676  1.296576 0.084860  1.089972           0.037989  0.674606           0.031539           0.495590           0.030043       NaN       NaN       NaN      NaN      NaN      NaN      NaN       NaN       NaN        NaN      NaN       NaN
53.548347 50.007784      NaN      NaN 24.935207  2.959601 -20.771921  2.959601       NaN              NaN           NaN       NaN              NaN           NaN       NaN              NaN           NaN       NaN        NaN       NaN      NaN      NaN      NaN      NaN      U 16.658396 0.008827 16.153322 0.007522 15.521197           0.007089 14.926445           0.006922 14.640163 0.005746  0.505074 0.011597  0.632125           0.010336  0.594752           0.009908           0.286282           0.008996       NaN       NaN       NaN      NaN      NaN      NaN      NaN       NaN       NaN        NaN      NaN       NaN