# Praesepe Stellar Mass Catalogue
#
# Astrometric and photometric catalogue of candidate cluster members.
#
# Coordinate system: ICRS
# Astrometry: Gaia DR3
# Supplementary photometry: UKIDSS where available.
#
# ra            Right ascension (ICRS, J2000)                     deg
# dec           Declination (ICRS, J2000)                         deg
# par           Parallax                                          mas
# epar          Uncertainty in parallax                           mas
# pmra          Proper motion in RA x cos(Dec)                    mas yr^-1
# epmra         Uncertainty in pmra                               mas yr^-1
# pmdec         Proper motion in Declination                      mas yr^-1
# epmdec        Uncertainty in pmdec                              mas yr^-1
# gmag          Gaia G-band apparent magnitude                    mag
# g_flux        Gaia G-band flux                                  e- s^-1
# g_flux_err    Uncertainty in Gaia G-band flux                   e- s^-1
# bmag          Gaia BP-band apparent magnitude                   mag
# b_flux        Gaia BP-band flux                                 e- s^-1
# b_flux_err    Uncertainty in Gaia BP-band flux                  e- s^-1
# rmag          Gaia RP-band apparent magnitude                   mag
# r_flux        Gaia RP-band flux                                 e- s^-1
# r_flux_err    Uncertainty in Gaia RP-band flux                  e- s^-1
# g_r           Gaia G-RP colour                                  mag
# rv            Radial velocity                                   km s^-1
# rv_err        Uncertainty in radial velocity                    km s^-1
# egmag         Uncertainty in G-band magnitude                   mag
# ebmag         Uncertainty in BP-band magnitude                  mag
# ermag         Uncertainty in RP-band magnitude                  mag
# eg_r          Uncertainty in G-RP colour                        mag
# Survey        Source of supplementary infrared photometry       -
# zmag          UKIDSS Z-band magnitude                           mag
# ezmag         Uncertainty in Z-band magnitude                   mag
# ymag          UKIDSS Y-band magnitude                           mag
# eymag         Uncertainty in Y-band magnitude                   mag
# jmag          UKIDSS J-band magnitude                           mag
# ejmag         Uncertainty in J-band magnitude                   mag
# hmag          UKIDSS H-band magnitude                           mag
# ehmag         Uncertainty in H-band magnitude                   mag
# kmag          UKIDSS K-band magnitude                           mag
# ekmag         Uncertainty in K-band magnitude                   mag
# z_y           Z-Y colour                                        mag
# ez_y          Uncertainty in Z-Y colour                         mag
# y_j           Y-J colour                                        mag
# ey_j          Uncertainty in Y-J colour                         mag
# j_h           J-H colour                                        mag
# ej_h          Uncertainty in J-H colour                         mag
# h_k           H-K colour                                        mag
# eh_k          Uncertainty in H-K colour                         mag
# G_ABS         Absolute Gaia G-band magnitude                    mag
# B_ABS         Absolute Gaia BP-band magnitude                   mag
# R_ABS         Absolute Gaia RP-band magnitude                   mag
# eG_ABS        Uncertainty in absolute G magnitude               mag
# eB_ABS        Uncertainty in absolute BP magnitude              mag
# eR_ABS        Uncertainty in absolute RP magnitude              mag
# Mass_pc       Stellar mass from PARSEC isochrones              Msun
# eMass_pc      Uncertainty in PARSEC stellar mass               Msun
# Mass_mst      Stellar mass from MIST isochrones                Msun
# eMass_mst     Uncertainty in MIST stellar mass                 Msun
# Mass_ML       Stellar mass from empirical m-L relation         Msun
# eMass_ML      Uncertainty in empirical stellar mass            Msun
#
# Missing values are represented by NaN.
#
        ra       dec      par     epar       pmra    epmra      pmdec   epmdec      gmag          g_flux   g_flux_err      bmag          b_flux   b_flux_err      rmag          r_flux   r_flux_err      g_r          rv    rv_err    egmag    ebmag    ermag     eg_r Survey      zmag    ezmag      ymag    eymag      jmag              ejmag      hmag              ehmag      kmag    ekmag       z_y     ez_y       y_j               ey_j       j_h               ej_h                h_k               eh_k     G_ABS     B_ABS     R_ABS   eG_ABS   eB_ABS   eR_ABS  Mass_pc  eMass_pc  Mass_mst  eMass_mst  Mass_ML  eMass_ML
127.550384 23.226909 5.034646 0.083093 -37.563354 0.085540 -10.531830 0.062139 12.180445   252795.286421    50.599220 12.641562   119892.421685    79.087050 11.554500   189390.514685    79.657646 0.625945   15.145861  2.263890 0.000217 0.000716 0.000457 0.000506      G       NaN      NaN       NaN      NaN       NaN                NaN       NaN                NaN       NaN      NaN       NaN      NaN       NaN                NaN       NaN                NaN                NaN                NaN  5.690290  6.151407  5.064345 0.035839 0.035846 0.035841 0.890830  0.003171  0.871102   0.002860 0.865047  0.004086
131.331015 16.119386 5.004425 0.247862 -36.604666 0.242245  -9.785969 0.168456 18.830614      552.969237     1.034031 20.639961       75.758619     6.469626 17.514305      782.412804     7.236498 1.316309         NaN       NaN 0.002030 0.092720 0.010042 0.010245      G       NaN      NaN       NaN      NaN       NaN                NaN       NaN                NaN       NaN      NaN       NaN      NaN       NaN                NaN       NaN                NaN                NaN                NaN 12.327385 14.136732 11.011076 0.107569 0.142000 0.108018 0.208239  0.004244  0.155584   0.003300 0.152851  0.024911
131.808663 16.396433 5.446356 0.019699 -37.488370 0.020192 -10.709897 0.016215 10.511785  1175527.927114   518.995060 10.803334   651753.270191   870.917100 10.061927   748837.269150   703.648860 0.449858   34.185450  0.457242 0.000479 0.001451 0.001020 0.001127      G       NaN      NaN       NaN      NaN       NaN                NaN       NaN                NaN       NaN      NaN       NaN      NaN       NaN                NaN       NaN                NaN                NaN                NaN  4.192315  4.483864  3.742457 0.007869 0.007987 0.007920 1.160238  0.000942  1.135151   0.000874 1.100433  0.003987
127.324046 17.703127 5.372185 0.052448 -34.192016 0.059372 -12.651943 0.040819 15.877312     8395.026878     6.087544 17.424610     1464.106783    13.088695 14.669639    10747.383531    27.478460 1.207673         NaN       NaN 0.000787 0.009706 0.002776 0.002885    G+U 13.890604 0.002041 13.465772 0.001699 12.932036           0.001717 12.375223           0.001263 12.033125 0.000982  0.424832 0.002656  0.533735           0.002416  0.556813           0.002131           0.342098           0.001599  9.528067 11.075365  8.320394 0.021214 0.023316 0.021381 0.473912  0.001323  0.395917   0.002612 0.405507  0.018805
127.774982 18.129909 5.488229 0.163180 -34.678241 0.147080 -12.507790 0.119935 18.011702     1175.617407     1.890170 19.875881      153.131525     7.407819 16.714483     1634.423490     9.365489 1.297218         NaN       NaN 0.001746 0.052523 0.006221 0.006462    G+U 15.909965 0.005715 15.393347 0.004542 14.760015           0.004310 14.216388           0.003756 13.895592 0.003150  0.516618 0.007300  0.633332           0.006262  0.543627           0.005717           0.320796           0.004902 11.708863 13.573042 10.411644 0.064587 0.083230 0.064863 0.249866  0.002777  0.190974   0.002856 0.180282  0.024996
127.803841 18.153596 5.500166 0.016895 -35.209246 0.015973 -12.246738 0.012403  9.753200  2364104.982575   440.509770  9.983325  1387033.739337   590.530600  9.368098  1418791.923738   388.846440 0.385101   37.291230  0.646988 0.000202 0.000462 0.000298 0.000360    G+H       NaN      NaN       NaN      NaN       NaN                NaN       NaN                NaN       NaN      NaN       NaN      NaN       NaN                NaN       NaN                NaN                NaN                NaN  3.455079  3.685204  3.069977 0.006673 0.006686 0.006677 1.327807  0.000937  1.303589   0.001493 1.283345  0.002715
127.524836 18.279470 5.244873 0.220095 -33.897723 0.206641 -11.252479 0.150508 18.394169      826.569859     1.510819 20.293500      104.235743     9.849154 17.077911     1169.481736     9.414941 1.316258         NaN       NaN 0.001985 0.102590 0.008741 0.008963    G+U 16.220226 0.006942 15.712843 0.005492 15.128134           0.005268 14.558518           0.005056 14.211393 0.004210  0.507383 0.008852  0.584709           0.007610  0.569615           0.007302           0.347125           0.006579 11.992844 13.892175 10.676586 0.091145 0.137216 0.091542 0.229044  0.004267  0.173338   0.003736 0.163730  0.030568
127.335605 18.179333 5.673448 0.074157 -35.649392 0.078436 -13.312020 0.051619 16.962389     3090.231637     4.378681 18.676102      462.355623     9.845764 15.706816     4134.583157    17.423560 1.255573         NaN       NaN 0.001538 0.023121 0.004575 0.004827    G+U 14.894432 0.003321 14.409276 0.002733 13.866763           0.002726 13.267953           0.002121 12.956600 0.001742  0.485156 0.004301  0.542513           0.003860  0.598810           0.003454           0.311353           0.002745 10.731624 12.445337  9.476051 0.028425 0.036608 0.028749 0.346137  0.001982  0.276721   0.001864 0.260837  0.026018
127.652612 18.377215 5.415530 0.129891 -33.765772 0.125963 -12.486549 0.087565 17.655489     1632.117470     1.935564 19.715302      177.540070     7.378213 16.313023     2365.643867    13.736150 1.342466         NaN       NaN 0.001288 0.045121 0.006304 0.006434    G+U 15.415214 0.004321 14.926961 0.003496 14.276344           0.003310 13.712569           0.002725 13.349115 0.002105  0.488253 0.005558  0.650617           0.004814  0.563775           0.004287           0.363454           0.003443 11.323694 13.383507  9.981228 0.052098 0.068909 0.052463 0.280635  0.003325  0.217112   0.002757 0.188996  0.026854
127.461701 18.399040 5.383314 0.296571 -34.825540 0.291184 -12.674637 0.211030 19.009142      469.126601     0.989036 20.955130       56.671562     5.184852 17.669313      678.317432     7.458056 1.339829         NaN       NaN 0.002289 0.099333 0.011938 0.012155    G+U 16.764614 0.009767 16.179901 0.007339 15.518516           0.006698 14.974139           0.006964 14.645515 0.005949  0.584713 0.012217  0.661386           0.009936  0.544376           0.009663           0.328624           0.009159 12.664390 14.610378 11.324561 0.119650 0.155493 0.120222 0.187672  0.003870  0.140210   0.002636 0.135870  0.020439
127.430787 18.563348 4.781109 0.321094 -32.916529 0.303096 -11.584269 0.211605 19.247662      376.601832     0.839653 20.920780       58.493116     5.966657 17.899645      548.656097     8.186133 1.348017         NaN       NaN 0.002421 0.110752 0.016200 0.016379    G+U 17.092957 0.011558 16.432100 0.008139 15.791446           0.008855 15.206051           0.007724 14.855893 0.006306  0.660856 0.014136  0.640655           0.012027  0.585395           0.011750           0.350158           0.009971 12.645305 14.318423 11.297288 0.145854 0.183121 0.146731 0.193391  0.004833  0.144146   0.003443 0.144389  0.023390
127.217337 18.559213 5.437499 0.474109 -34.057962 0.501892 -12.549605 0.325815 19.685694      251.575874     0.656502 21.393390       37.849512     5.672114 18.224144      406.912458     6.328174 1.461550         NaN       NaN 0.002833 0.162708 0.016885 0.017121    G+U 17.333395 0.013280 16.545406 0.008786 15.798984           0.008683 15.225063           0.007512 14.836227 0.005442  0.787989 0.015924  0.746423           0.012353  0.573920           0.011481           0.388836           0.009276 13.362690 15.070386 11.901140 0.189357 0.249644 0.190087 0.161084  0.004722  0.121295   0.003659 0.121625  0.017111
126.231672 19.051209 5.343932 0.377541 -32.480038 0.396560 -13.781687 0.285770 19.542183      287.126578     0.826328 21.101670       49.516408     7.253529 18.152788      434.553435     6.626543 1.389395         NaN       NaN 0.003125 0.159047 0.016556 0.016849      G       NaN      NaN       NaN      NaN       NaN                NaN       NaN                NaN       NaN      NaN       NaN      NaN       NaN                NaN       NaN                NaN                NaN                NaN 13.181488 14.740975 11.792093 0.153443 0.220977 0.154302 0.168256  0.004282  0.127118   0.003180 0.130112  0.020176
127.928886 18.485089 5.413811 0.096830 -34.626211 0.103390 -12.238043 0.070680 17.295572     2273.620096     2.404211 18.987175      347.173483    12.384999 16.036137     3052.836999    13.892316 1.259436         NaN       NaN 0.001148 0.038732 0.004941 0.005072    G+U 15.257211 0.004106 14.810568 0.003232 14.221982           0.003437 13.643955           0.002762 13.403559 0.001967  0.446643 0.005226  0.588586           0.004718  0.578027           0.004409           0.240397           0.003390 10.963088 12.654691  9.703653 0.038855 0.054851 0.039151 0.322234  0.002479  0.255927   0.002346 0.242204  0.030550
128.221018 18.508112 5.423923 0.049051 -35.216793 0.050243 -12.862171 0.035613 15.751560     9425.892576     7.355434 17.076246     2017.986939    13.261263 14.613261    11320.194826    21.046120 1.138299         NaN       NaN 0.000847 0.007135 0.002019 0.002189    G+U 13.936253 0.002172 13.554269 0.001746 13.052990           0.001935 12.459750           0.001478 12.201114 0.000998  0.381984 0.002787  0.501279           0.002607  0.593240           0.002435           0.258636           0.001783  9.423128 10.747814  8.284829 0.019656 0.020894 0.019741 0.491000  0.001238  0.419005   0.003637 0.442931  0.014312
127.920252 18.495238 5.413321 0.078428 -34.884020 0.077837 -12.049488 0.053892 16.796719     3599.642654     2.991374 18.290903      659.258441    11.572304 15.596305     4577.582029    11.777646 1.200414         NaN       NaN 0.000902 0.019058 0.002793 0.002936    G+U 14.893045 0.003415 14.473317 0.002722 13.898538           0.002907 13.339939           0.002327 13.069506 0.001598  0.419728 0.004367  0.574779           0.003983  0.558598           0.003724           0.270433           0.002823 10.464038 11.958222  9.263624 0.031473 0.036783 0.031584 0.378925  0.001956  0.306958   0.001840 0.310369  0.024612
127.975960 18.760016 5.244677 0.117138 -34.443094 0.122231 -11.983560 0.089069 17.614841     1694.377587     1.757585 19.374660      242.970198     8.048514 16.364480     2256.143929     9.521546 1.250362         NaN       NaN 0.001126 0.035966 0.004582 0.004718    G+U 15.593955 0.004898 15.083673 0.003729 14.513589           0.003982 13.960370           0.003471 13.797666 0.002522  0.510282 0.006156  0.570085           0.005456  0.553219           0.005283           0.162704           0.004290 11.213435 12.973254  9.963074 0.048512 0.060380 0.048715 0.295971  0.002580  0.229838   0.002574 0.219002  0.026141
128.261898 18.682582 5.376664 0.025606 -34.032648 0.024640 -12.695088 0.016351 12.973330   121790.921166    33.463980 13.585369    50265.430928    49.238705 12.231134   101555.770303    66.632040 0.742195   37.632782  0.946462 0.000298 0.001064 0.000712 0.000772    G+U 11.845328 0.000837 11.892681 0.000804 11.347149           0.000857 10.863877           0.000678 10.870685 0.000500 -0.047353 0.001161  0.545532           0.001175  0.483272           0.001093          -0.006807           0.000842  6.625895  7.237934  5.883699 0.010346 0.010396 0.010366 0.766035  0.000636  0.747621   0.001069 0.767673  0.002473
128.203076 18.677931 5.026211 0.066053 -33.173056 0.074032 -12.203135 0.044125 16.368090     5342.090484     6.080540 18.016470      848.845966    10.162610 15.119658     7100.600974    17.315493 1.248432         NaN       NaN 0.001236 0.012999 0.002648 0.002922    G+U 14.332956 0.002684 13.848106 0.002031 13.276066           0.002148 12.762567           0.001732 12.476678 0.001154  0.484850 0.003366  0.572041           0.002956  0.513498           0.002760           0.285890           0.002081  9.874293 11.522673  8.625861 0.028563 0.031358 0.028659 0.436350  0.001782  0.362638   0.001768 0.354780  0.022778
128.231758 18.732774 5.412420 0.024794 -34.964263 0.021122 -12.905337 0.014108 12.749789   149634.254448    43.573280 13.316886    64366.862852    43.278503 12.043404   120724.897220    67.036285 0.706386   34.080994  0.834118 0.000316 0.000730 0.000603 0.000681    G+U 11.795852 0.000813 11.979006 0.000832 11.339695           0.000849 10.882737           0.000681 10.937976 0.000516 -0.183154 0.001164  0.639311           0.001189  0.456958           0.001088          -0.055239           0.000854  6.416747  6.983844  5.710362 0.009952 0.009974 0.009966 0.789666  0.000665  0.774085   0.000647 0.788995  0.002041
128.367376 18.726710 5.734217 0.147083 -34.880751 0.147852 -13.130864 0.100641 18.013212     1173.982197     1.585533 19.798810      164.396807    16.672367 16.727575     1614.834491    11.915989 1.285637         NaN       NaN 0.001466 0.110110 0.008012 0.008145    G+U 15.956097 0.006064 15.399826 0.004444 14.814500           0.004760 14.279461           0.004117 13.934701 0.002906  0.556271 0.007518  0.585326           0.006512  0.535039           0.006294           0.344760           0.005040 11.805582 13.591180 10.519945 0.055718 0.123396 0.056272 0.243833  0.002905  0.188909   0.002820 0.179525  0.034851
128.282012 18.754325 5.265861 0.121693 -32.903120 0.110742 -12.052294 0.073884 17.382080     2099.493238     2.402031 19.070160      321.627311     8.358598 16.151144     2745.999289    12.444112 1.230936         NaN       NaN 0.001242 0.028217 0.004920 0.005075    G+U 15.417530 0.004564 14.967787 0.003516 14.379299           0.003738 13.820450           0.003095 13.504712 0.002160  0.449743 0.005761  0.588488           0.005132  0.558849           0.004853           0.315738           0.003774 10.989427 12.677507  9.758491 0.050198 0.057571 0.050423 0.317698  0.003130  0.249693   0.002771 0.242363  0.025996
128.432950 18.797411 5.305184 0.057051 -33.750876 0.058423 -12.250506 0.040525 16.157934     6482.960256     5.424531 17.556692     1296.401905    10.807999 14.996733     7951.792617    18.275295 1.161201         NaN       NaN 0.000908 0.009052 0.002495 0.002656    G+U 14.309169 0.002598 13.900263 0.002042 13.395721           0.002241 12.808835           0.001817 12.515010 0.001157  0.408906 0.003305  0.504541           0.003032  0.586886           0.002885           0.293825           0.002154  9.781436 11.180194  8.620235 0.023369 0.025045 0.023484 0.451908  0.001406  0.377277   0.001896 0.395546  0.016837
128.501874 18.926670 5.304054 0.065205 -34.299492 0.064864 -12.346203 0.045704 16.266800     5864.447411     6.478267 17.800724     1035.446079    11.273755 15.071741     7420.987076    23.667847 1.195059         NaN       NaN 0.001199 0.011821 0.003463 0.003665    G+U 14.280868 0.002506 13.879849 0.002029 13.373522           0.002193 12.756602           0.001702 12.656158 0.001272  0.401018 0.003225  0.506328           0.002987  0.616919           0.002776           0.100444           0.002125  9.889840 11.423764  8.694781 0.026722 0.029195 0.026919 0.437010  0.001665  0.363334   0.001797 0.368670  0.020456
128.146693 18.735965 5.432528 0.170533 -34.394543 0.167824 -12.078334 0.113662 18.041286     1144.016053     2.002678 19.912554      148.045504     7.265222 16.750668     1580.850832    12.892913 1.290619         NaN       NaN 0.001901 0.053282 0.008855 0.009057    G+U 15.939341 0.005891 15.406057 0.004411 14.789432           0.004614 14.236361           0.004053 13.927440 0.002746  0.533283 0.007360  0.616626           0.006384  0.553070           0.006142           0.308922           0.004896 11.716296 13.587564 10.425678 0.068191 0.086518 0.068738 0.249004  0.002925  0.189987   0.003038 0.179864  0.025123
128.259992 18.851040 5.082678 0.092931 -33.092595 0.093013 -11.522974 0.063178 17.224506     2427.416240     2.256286 18.782265      419.286342     9.458621 16.007275     3135.075408    13.038008 1.217232         NaN       NaN 0.001009 0.024493 0.004515 0.004627    G+U 15.303129 0.004251 14.845814 0.003259 14.287891           0.003508 13.740758           0.002913 13.471275 0.002108  0.457315 0.005357  0.557922           0.004789  0.547133           0.004560           0.269483           0.003596 10.754969 12.312728  9.537738 0.039716 0.046650 0.039959 0.346830  0.002673  0.276247   0.002471 0.274411  0.026365
128.273074 18.930139 5.405437 0.046043 -34.019376 0.045519 -12.242371 0.034642 15.843184     8663.098150     5.216960 17.297022     1646.675412    13.435365 14.662775    10815.536073    20.634706 1.180408         NaN       NaN 0.000654 0.008859 0.002071 0.002172    G+U 13.930505 0.002114 13.550340 0.001727 13.010770           0.001858 12.429353           0.001447 12.199031 0.000994  0.380165 0.002730  0.539570           0.002537  0.581417           0.002355           0.230322           0.001755  9.507338 10.961176  8.326929 0.018508 0.020508 0.018612 0.478707  0.001197  0.401918   0.002212 0.418762  0.017125
128.408273 18.954834 5.501974 0.050600 -35.091038 0.053487 -13.272302 0.036935 16.063898     7069.475066     4.849158 17.449099     1431.455262    15.215920 14.912349     8594.463290    25.209707 1.151549         NaN       NaN 0.000745 0.011541 0.003185 0.003271    G+U 14.209313 0.002466 13.862556 0.002053 13.307652           0.002189 12.744590           0.001714 12.470718 0.001158  0.346757 0.003209  0.554905           0.003001  0.563062           0.002780           0.273871           0.002069  9.766491 11.151692  8.614942 0.019984 0.023065 0.020223 0.453782  0.001234  0.377727   0.001581 0.399205  0.018752
128.209588 18.961153 5.165959 0.530178 -34.489258 0.509580 -14.196610 0.345788 19.755802      235.844693     0.903839 21.435911       36.395927     5.832641 18.408772      343.281072     8.996818 1.347031         NaN       NaN 0.004161 0.173995 0.028455 0.028758    G+U 17.446379 0.014259 16.848694 0.009964 16.138845           0.010180 15.590054           0.009776 15.176222 0.007342  0.597685 0.017396  0.709848           0.014245  0.548792           0.014114           0.413832           0.012226 13.321557 15.001666 11.974527 0.222895 0.282735 0.224666 0.162079  0.005545  0.121827   0.004252 0.125135  0.019204
128.273800 19.041083 4.948783 0.268524 -34.165609 0.269604 -12.731343 0.206493 18.801249      568.129681     1.285654 20.668793       73.773422     6.754041 17.495703      795.934059    13.694741 1.305546         NaN       NaN 0.002457 0.099400 0.018681 0.018842    G+U 16.640700 0.008709 16.112940 0.006450 15.472801           0.006795 14.924325           0.006167 14.610877 0.004716  0.527760 0.010837  0.640139           0.009369  0.548476           0.009176           0.313448           0.007763 12.273741 14.141285 10.968195 0.117851 0.154153 0.119297 0.210434  0.004707  0.157179   0.003648 0.153257  0.026411
127.745384 18.694705 5.348793 0.024600 -33.632738 0.024781 -12.500449 0.018789 14.693831    24969.759815     7.569563 15.702007     7155.070747    13.994459 13.697133    26321.156994    20.230976 0.996697   38.141113  2.877250 0.000329 0.002124 0.000835 0.000897    G+U 13.117734 0.001507 12.817264 0.001234 12.381026           0.001400 11.786119           0.001061 11.574891 0.000722  0.300470 0.001948  0.436237           0.001866  0.594908           0.001756           0.211227           0.001283  8.335110  9.343286  7.338412 0.009993 0.010210 0.010022 0.599932  0.000053  0.556307   0.000584 0.588707  0.005371
127.714034 18.897600 5.495906 0.111210 -34.684553 0.110244 -13.199738 0.076803 17.265146     2338.234638     1.964566 18.908567      373.241518     7.982415 16.016640     3108.155083    10.493993 1.248506         NaN       NaN 0.000912 0.023220 0.003666 0.003778    G+U 15.248005 0.004072 14.808309 0.003345 14.220098           0.003495 13.659504           0.002619 13.380787 0.002005  0.439696 0.005270  0.588211           0.004838  0.560594           0.004367           0.278717           0.003298 10.965343 12.608764  9.716837 0.043949 0.049698 0.044093 0.322302  0.002610  0.253533   0.002455 0.246357  0.023844
128.078560 19.052359 5.255111 0.075659 -37.135733 0.072001 -10.710424 0.054036 16.567390     4446.219548     3.027865 18.054043      819.973366     9.171710 15.363574     5671.899529    15.610212 1.203816         NaN       NaN 0.000739 0.012144 0.002988 0.003078    G+U 14.639066 0.003004 14.214871 0.002415 13.643590           0.002540 13.078685           0.002056 12.774173 0.001417  0.424194 0.003854  0.571281           0.003505  0.564905           0.003268           0.304512           0.002497 10.170299 11.656952  8.966483 0.031272 0.033539 0.031406 0.409440  0.001940  0.334282   0.001646 0.341946  0.020354
128.645614 19.073012 5.494288 0.113934 -35.792899 0.110542 -12.900151 0.084699 17.347095     2168.246628     2.640441 19.103090      312.019037    14.464399 16.075117     2945.176209    12.900874 1.271978         NaN       NaN 0.001322 0.050332 0.004756 0.004936    G+U 15.233316 0.004165 14.769048 0.003233 14.156752           0.003326 13.629854           0.002771 13.343749 0.001935  0.464269 0.005273  0.612296           0.004638  0.526897           0.004328           0.286105           0.003379 11.046652 12.802647  9.774674 0.045049 0.067535 0.045280 0.312794  0.003003  0.248082   0.002674 0.230106  0.033395
128.665242 19.136832 5.532286 0.072154 -36.674293 0.071040 -13.394620 0.055435 16.612774     4264.194582     5.521752 18.212380      708.704072     8.882081 15.390169     5534.655342    24.722198 1.222605         NaN       NaN 0.001406 0.013607 0.004850 0.005049    G+U 14.611935 0.002983 14.182765 0.002458 13.634221           0.002577 13.053931           0.001919 12.618209 0.001392  0.429170 0.003866  0.548544           0.003561  0.580290           0.003213           0.435722           0.002370 10.327297 11.926903  9.104692 0.028356 0.031421 0.028733 0.389799  0.001742  0.315882   0.001473 0.313330  0.021984
128.915137 19.126712 5.238682 0.053888 -34.774312 0.059615 -12.487013 0.040791 16.031834     7281.367655     7.273607 17.505941     1358.439495     7.747275 14.844846     9145.761830    26.849648 1.186988         NaN       NaN 0.001085 0.006192 0.003187 0.003367    G+U 14.047859 0.002265 13.641679 0.001848 13.165700           0.001997 12.565934           0.001475 12.230987 0.001047  0.406180 0.002923  0.475979           0.002721  0.599766           0.002483           0.334948           0.001809  9.627944 11.102051  8.440956 0.022363 0.023179 0.022563 0.465106  0.001312  0.388905   0.002156 0.403217  0.014571
128.868519 19.206236 5.098662 1.013995 -32.784459 1.186733 -14.355221 0.789811 20.515194      117.184247     0.838453 21.900446       23.726766     5.450096 18.949104      208.697009    13.966715 1.566090         NaN       NaN 0.007768 0.249396 0.072661 0.073075    G+U 18.129000 0.023515 17.363544 0.016033 16.612637           0.015832 16.008320           0.015870 15.577251 0.012685  0.765455 0.028461  0.750908           0.022532  0.604317           0.022416           0.431068           0.020317 14.052475 15.437727 12.486385 0.431921 0.498692 0.437921 0.144913  0.007997       NaN        NaN 0.113818  0.015906
128.816699 19.202131 5.010882 0.114689 -34.093849 0.112783 -12.452265 0.080924 17.367340     2128.191114     2.461182 19.101390      312.507457     9.909585 16.122799     2818.632331    13.394819 1.244541         NaN       NaN 0.001256 0.034429 0.005160 0.005310    G+U 15.305675 0.004161 14.876121 0.003458 14.304443           0.003634 13.742434           0.002900 13.459439 0.002392  0.429554 0.005410  0.571677           0.005016  0.562010           0.004649           0.282994           0.003759 10.866911 12.600961  9.622370 0.049717 0.060461 0.049968 0.329667  0.003280  0.261032   0.002934 0.248216  0.030160
128.811384 19.275434 5.274808 0.050653 -34.553370 0.052472 -13.056412 0.038598 15.761663     9338.590331     7.625128 17.194582     1809.605244    15.964727 14.583489    11634.890491    22.344534 1.178174         NaN       NaN 0.000887 0.009579 0.002085 0.002266    G+U 13.800682 0.002004 13.416433 0.001683 12.881383           0.001765 12.316931           0.001270 12.005986 0.000976  0.384249 0.002617  0.535050           0.002439  0.564452           0.002175           0.310945           0.001602  9.372696 10.805615  8.194522 0.020871 0.022947 0.020956 0.493846  0.001296  0.419021   0.003626 0.435479  0.017623
129.037228 19.229951 5.492879 0.050255 -35.022788 0.046515 -13.211241 0.030349 15.466321    12257.967869     8.772298 16.701956     2848.621612    17.640469 14.365361    14223.733296    23.632252 1.100960   37.293293 13.048645 0.000777 0.006724 0.001804 0.001964    G+U 13.631811 0.001842 13.344796 0.001593 12.863894           0.001720 12.273684           0.001263 12.142613 0.000995  0.287015 0.002435  0.480902           0.002345  0.590210           0.002134           0.131071           0.001608  9.165321 10.400956  8.064361 0.019882 0.020974 0.019949 0.517010  0.001086  0.451136   0.003266 0.481236  0.012994
129.041107 19.287896 5.275923 0.299534 -35.107651 0.282715 -14.010415 0.184904 18.937980      500.904384     1.125686 20.729500       69.761699     7.442362 17.618767      710.643309     8.846192 1.319214         NaN       NaN 0.002440 0.115829 0.013515 0.013734    G+U 16.754099 0.009298 16.181730 0.007055 15.529709           0.007292 14.996634           0.007105 14.672965 0.005470  0.572369 0.011671  0.652021           0.010146  0.533075           0.010181           0.323668           0.008966 12.549472 14.340992 11.230259 0.123307 0.169160 0.124021 0.195475  0.004327  0.146029   0.003150 0.144911  0.024694
128.988189 19.351728 4.928021 0.189925 -32.643806 0.173959 -12.026803 0.128334 18.239029      953.532588     1.678281 20.146364      119.363413     7.861662 16.940840     1326.851691    11.587986 1.298189         NaN       NaN 0.001911 0.071510 0.009482 0.009673    G+U 16.170216 0.007055 15.591751 0.005096 15.031087           0.005179 14.463264           0.004435 14.144530 0.005568  0.578465 0.008703  0.560664           0.007266  0.567822           0.006818           0.318734           0.007118 11.702392 13.609727 10.404203 0.083710 0.110079 0.084224 0.249557  0.003730  0.190846   0.003688 0.178473  0.029291
129.067143 19.377897 5.433354 0.167510 -37.135125 0.142903 -13.621272 0.103321 17.799248     1429.710001     2.252330 19.657413      187.262715     7.932972 16.500154     1991.114271    19.330090 1.299093         NaN       NaN 0.001710 0.045995 0.010541 0.010678    G+U 15.720494 0.005532 15.223341 0.004139 14.662498           0.004169 14.083051           0.003425 13.750149 0.004083  0.497153 0.006909  0.560843           0.005874  0.579447           0.005395           0.332902           0.005329 11.474588 13.332753 10.175494 0.066968 0.081224 0.067771 0.269206  0.003975  0.207096   0.003080 0.193577  0.026007
129.013673 19.424599 5.224862 0.115821 -35.277634 0.106165 -12.200185 0.075404 17.564384     1774.976471     2.302910 19.295158      261.428875     9.293957 16.312690     2366.366088    10.408681 1.251694         NaN       NaN 0.001409 0.038599 0.004776 0.004979    G+U 15.571683 0.005069 15.064269 0.003771 14.485107           0.003747 13.930779           0.003082 13.627796 0.003671  0.507414 0.006318  0.579162           0.005316  0.554328           0.004851           0.302983           0.004793 11.154758 12.885532  9.903064 0.048156 0.061700 0.048372 0.301879  0.002530  0.236007   0.002615 0.225039  0.027912
129.324375 19.488014 5.221492 0.231305 -37.330495 0.230716 -12.765649 0.159009 18.615234      674.300182     1.283060 20.479166       87.851771     8.637984 17.301003      952.264056    10.255679 1.314232         NaN       NaN 0.002066 0.106755 0.011693 0.011874    G+U 16.444073 0.008327 15.896457 0.006260 15.279553           0.006011 14.736096           0.005398 14.368688 0.006902  0.547616 0.010418  0.616903           0.008679  0.543457           0.008079           0.367409           0.008763 12.204207 14.068139 10.889976 0.096215 0.143700 0.096901 0.214796  0.004144  0.161522   0.003289 0.155943  0.028183
129.318006 19.486159 6.007829 0.098938 -35.557227 0.095173 -13.425427 0.065538 13.315310    88883.871319    24.384771 14.153715    29780.409650    34.994686 12.411456    86015.315258    60.090280 0.903853   37.005356  2.145097 0.000298 0.001276 0.000758 0.000815    G+U 11.904887 0.000884 11.738426 0.000767 11.483727           0.000846 11.348266           0.000763 10.498124 0.000535  0.166461 0.001170  0.254699           0.001142  0.135462           0.001139           0.850141           0.000932  7.208898  8.047303  6.305044 0.035761 0.035783 0.035768 0.703424  0.002034  0.677447   0.002144 0.700641  0.004410
129.264513 19.535958 5.243731 0.146388 -35.966775 0.135328 -12.077693 0.100725 15.556107    11285.057762    13.268844 16.815508     2565.748399    17.413548 14.410241    13647.771799    21.083900 1.145866   34.379950 16.082180 0.001277 0.007369 0.001677 0.002108    G+U 13.734673 0.002059 13.376966 0.001661 12.829610           0.001619 12.239988           0.001168 11.926432 0.000943  0.357707 0.002645  0.547356           0.002319  0.589622           0.001996           0.313557           0.001501  9.154309 10.413710  8.008443 0.060634 0.061067 0.060644 0.518371  0.003255  0.455058   0.006225 0.476773  0.015311
128.813234 19.375399 5.549993 0.219155 -35.290065 0.228376 -13.069554 0.160428 18.514757      739.680519     1.415909 20.475386       88.158188     8.537608 17.195013     1049.911670    14.015641 1.319744         NaN       NaN 0.002078 0.105147 0.014494 0.014642    G+U 16.410156 0.008134 15.825651 0.005936 15.213057           0.005754 14.688958           0.005094 14.356895 0.006516  0.584505 0.010069  0.612595           0.008267  0.524098           0.007685           0.332063           0.008271 12.236219 14.196848 10.916475 0.085771 0.135677 0.086962 0.211272  0.003628  0.159060   0.002903 0.150761  0.026990
128.851097 19.428886 5.451354 0.280318 -34.788792 0.279064 -13.945207 0.205433 19.045105      453.841804     1.101174 20.710928       70.965256     9.013869 17.710657      652.973250    11.361532 1.334448         NaN       NaN 0.002634 0.137908 0.018891 0.019074    G+U 16.812098 0.010266 16.208200 0.007431 15.600782           0.007284 15.051283           0.006575 14.677903 0.008484  0.603897 0.012673  0.607418           0.010406  0.549500           0.009812           0.373380           0.010733 12.727627 14.393450 11.393179 0.111692 0.177445 0.113247 0.186877  0.003844  0.140611   0.002658 0.142185  0.024664
128.900382 19.532788 5.342042 0.274093 -36.239328 0.231749 -13.728642 0.165047 18.520960      735.466954     1.459677 20.438505       91.204193     7.868590 17.194765     1050.152298    15.832998 1.326195         NaN       NaN 0.002155 0.093671 0.016369 0.016511    G+U 16.412369 0.008122 15.834731 0.005915 15.218799           0.005722 14.698064           0.005063 14.348667 0.006512  0.577638 0.010048  0.615932           0.008230  0.520735           0.007641           0.349397           0.008249 12.159496 14.077041 10.833301 0.111436 0.145560 0.112611 0.217323  0.004694  0.162594   0.003709 0.155262  0.026902
128.830863 19.590009 5.353842 0.025770 -34.554157 0.025885 -12.390917 0.017472  6.415675 51130119.516751  9852.969000  6.753031 27177175.334221 21555.281000  5.903957 34480647.664832 32176.338000 0.511718         NaN       NaN 0.000209 0.000861 0.001013 0.001035    G+H       NaN      NaN       NaN      NaN       NaN                NaN       NaN                NaN       NaN      NaN       NaN      NaN       NaN                NaN       NaN                NaN                NaN                NaN  0.059003  0.396359 -0.452715 0.010454 0.010488 0.010501 2.524729  0.000192  2.488734   0.001283      NaN       NaN
129.129927 19.592549 5.358555 0.072877 -35.434592 0.070217 -12.447579 0.053060 16.807508     3564.044883     2.583584 18.370970      612.391121     9.938942 15.587606     4614.404434    16.843216 1.219902         NaN       NaN 0.000787 0.017621 0.003963 0.004040    G+U 14.865111 0.003610 14.403646 0.002701 13.856045           0.002703 13.304433           0.002063 12.991337 0.002412  0.461465 0.004509  0.547602           0.003821  0.551612           0.003400           0.313096           0.003174 10.452746 12.016208  9.232844 0.029543 0.034390 0.029797 0.378426  0.001834  0.306378   0.001707 0.303754  0.024196
129.058573 19.621440 5.272390 0.016473 -34.345972 0.016826 -12.937552 0.012958 12.315075   223314.349951    67.013435 12.795953   104000.613409   119.671680 11.673087   169794.455556   121.879410 0.641988   33.412457  0.682169 0.000326 0.001249 0.000779 0.000845    G+U 11.421369 0.000710 11.455221 0.000662 11.269534           0.000771 11.478691           0.000792 10.417471 0.000518 -0.033853 0.000971  0.185687           0.001017 -0.209157           0.001105           1.061220           0.000946  5.925113  6.405991  5.283125 0.006792 0.006899 0.006829 0.855468  0.000566  0.839083   0.000539 0.840224  0.002455
128.946931 19.589556 5.428411 0.109285 -35.232881 0.110262 -13.683848 0.077437 17.375166     2112.907951     2.510703 19.089070      316.074285     6.582069 16.119713     2826.655633    16.060831 1.255453         NaN       NaN 0.001290 0.022610 0.006169 0.006303    G+U 15.327985 0.004377 14.885628 0.003484 14.281185           0.003358 13.706833           0.002586 13.444293 0.002340  0.442357 0.005595  0.604443           0.004838  0.574352           0.004238           0.262540           0.003487 11.048530 12.762434  9.793077 0.043735 0.049217 0.044149 0.311646  0.002646  0.243975   0.002376 0.234022  0.022562
129.044954 19.694750 5.300315 0.214550 -35.095841 0.226720 -13.605375 0.153551 18.254877      939.714914     1.703567 19.976555      139.571037    10.855503 16.948788     1317.174383     9.603734 1.306089         NaN       NaN 0.001968 0.084446 0.007916 0.008157    G+U 16.162561 0.007024 15.608874 0.005112 15.012634           0.005099 14.456808           0.004217 14.132450 0.005711  0.553687 0.008687  0.596240           0.007220  0.555826           0.006617           0.324358           0.007099 11.876386 13.598064 10.570297 0.087920 0.121890 0.088254 0.240770  0.004175  0.182904   0.003845 0.177871  0.029786
128.324760 19.275706 5.416064 0.071789 -34.381276 0.078557 -13.167910 0.052513 16.788385     3627.378390     5.145037 18.492998      547.289798    14.129452 15.523538     4894.892206    18.465014 1.264848         NaN       NaN 0.001540 0.028031 0.004096 0.004376    G+U 14.691686 0.003153 14.217070 0.002418 13.639314           0.002524 13.078054           0.002054 12.798491 0.001408  0.474616 0.003973  0.577756           0.003495  0.561259           0.003254           0.279564           0.002490 10.456804 12.161417  9.191957 0.028824 0.040177 0.029073 0.376699  0.001905  0.306813   0.001769 0.286933  0.031271
128.467480 19.436558 5.080179 0.234078 -36.028499 0.272161 -14.016357 0.196773 18.379168      838.068195     1.772273 20.361900       97.871587     8.251236 17.090305     1156.208435    10.422425 1.288862         NaN       NaN 0.002296 0.091535 0.009787 0.010053    G+U 16.257566 0.007349 15.714981 0.005395 15.095188           0.005262 14.513586           0.005274 14.200051 0.006030  0.542585 0.009117  0.619793           0.007536  0.581602           0.007450           0.313535           0.008011 11.908563 13.891295 10.619700 0.100081 0.135608 0.100532 0.232810  0.004650  0.175784   0.004022 0.165211  0.029968
128.295565 19.489429 5.608027 0.091350 -33.674082 0.089649 -12.729286 0.061437 16.930305     3182.912584     3.106988 18.735971      437.550538     7.776372 15.641423     4391.256856    15.075674 1.288882         NaN       NaN 0.001060 0.019296 0.003727 0.003875    G+U 14.848630 0.003459 14.313369 0.002514 13.725933           0.002452 13.168925           0.002139 12.896749 0.002165  0.535261 0.004276  0.587436           0.003512  0.557008           0.003254           0.272177           0.003043 10.674356 12.480022  9.385474 0.035387 0.040293 0.035567 0.349261  0.002313  0.278127   0.002173 0.255872  0.024410
128.074271 19.547022 5.188590 0.080477 -33.886825 0.078420 -12.322321 0.057882 16.849195     3429.797281     2.967162 18.495766      545.896860     8.295987 15.619448     4481.044112    12.647064 1.229748         NaN       NaN 0.000939 0.016500 0.003064 0.003205    G+U 14.867764 0.003529 14.424855 0.002700 13.844150           0.002659 13.235840           0.002299 12.801851 0.001571  0.442908 0.004444  0.580706           0.003790  0.608310           0.003515           0.433989           0.002785 10.424442 12.071013  9.194695 0.033694 0.037505 0.033820 0.378558  0.002055  0.305969   0.001906 0.298431  0.024046
128.830420 19.761391 4.986214 0.127276 -34.858214 0.112539 -12.512886 0.070207 17.279615     2307.281885     2.515565 18.996300      344.268390    10.996226 16.031950     3064.630959    15.241686 1.247665         NaN       NaN 0.001184 0.034679 0.005400 0.005528    G+U 15.186248 0.004158 14.733875 0.003270 14.167478           0.003188 13.613977           0.002528 13.328877 0.003111  0.452373 0.005290  0.566398           0.004567  0.553500           0.004068           0.285100           0.004008 10.768469 12.485154  9.520804 0.055441 0.065383 0.055691 0.340948  0.003748  0.270933   0.003436 0.257916  0.031589
128.820469 19.914760 5.369190 0.058904 -34.630787 0.056224 -13.697889 0.036257 15.816538     8878.339425     6.520824 17.122917     1933.079418    14.697852 14.659242    10850.798398    17.500057 1.157296         NaN       NaN 0.000797 0.008255 0.001751 0.001924    G+U 13.930758 0.002244 13.600631 0.001865 13.095125           0.001846 12.531086           0.001388 12.265017 0.001485  0.330128 0.002918  0.505506           0.002624  0.564039           0.002310           0.266069           0.002032  9.466082 10.772461  8.308786 0.023836 0.025212 0.023887 0.487708  0.001519  0.409431   0.002897 0.438214  0.015464
128.514640 19.795227 5.519276 0.019744 -34.897837 0.020777 -12.868958 0.015494 12.965888   122628.508738    47.431255 13.574995    50747.992778    70.124374 12.226595   101981.194450   100.083380 0.739293   37.853245  1.479235 0.000420 0.001500 0.001066 0.001145    G+U 11.794068 0.000816 11.638488 0.000719 11.318844           0.000785 11.143105           0.000673 10.650344 0.000579  0.155581 0.001088  0.319644           0.001064  0.175739           0.001034           0.492761           0.000887  6.675299  7.284406  5.936006 0.007779 0.007912 0.007841 0.760931  0.000482  0.742018   0.000635 0.763722  0.002804
128.542489 19.804891 5.355235 0.017262 -34.055412 0.018344 -13.510765 0.013340 13.541223    72186.811143    18.275177 14.260448    26992.157408    40.401505 12.719440    64771.189912    55.185265 0.821782   34.691776  1.843855 0.000275 0.001625 0.000925 0.000965    G+U 12.230346 0.000998 12.048358 0.000870 11.664152           0.000923 11.333249           0.000739 10.959646 0.000682  0.181988 0.001324  0.384206           0.001268  0.330903           0.001182           0.373603           0.001005  7.185116  7.904341  6.363333 0.007005 0.007186 0.007061 0.708208  0.000406  0.682587   0.000519 0.712398  0.003270
128.776208 19.946589 4.931136 0.200363 -36.000592 0.183753 -13.197498 0.134314 18.375536      840.876130     1.660922 20.337566      100.089899     6.772356 17.024296     1228.683154    16.377235 1.351240         NaN       NaN 0.002145 0.073464 0.014472 0.014630    G+U 16.063536 0.006661 15.516496 0.005079 14.828519           0.004687 14.357952           0.004192 13.962352 0.005186  0.547040 0.008376  0.687977           0.006911  0.470567           0.006288           0.395600           0.006669 11.840271 13.802301 10.489031 0.088258 0.114812 0.089411 0.239658  0.004140  0.181405   0.003666 0.166576  0.027587
127.084006 19.258492 5.026592 0.100061 -32.847680 0.100871 -12.143554 0.069417 17.182123     2524.048701     2.412963 18.811392      408.188228     8.963148 15.955442     3288.373293     7.938082 1.226681         NaN       NaN 0.001038 0.023841 0.002621 0.002819    G+U 15.207638 0.004104 14.752857 0.003163 14.214064           0.003442 13.630022           0.002807 13.357803 0.002088  0.454781 0.005181  0.538794           0.004675  0.584042           0.004442           0.272219           0.003499 10.688491 12.317760  9.461810 0.043238 0.049365 0.043305 0.351846  0.002803  0.280589   0.002648 0.274106  0.026830
127.712430 19.352407 5.480396 0.020428 -34.964678 0.021092 -13.652883 0.015960 14.115659    42528.810983    12.254133 15.002796    13623.810619    16.687937 13.188447    42051.308005    33.082542 0.927212   36.663050  2.252027 0.000313 0.001330 0.000854 0.000910    G+U 12.659266 0.001222 12.411834 0.001065 12.005111           0.001080 11.477918           0.000852 11.197544 0.000766  0.247433 0.001621  0.406723           0.001516  0.527193           0.001376           0.280374           0.001146  7.809719  8.696856  6.882507 0.008100 0.008203 0.008139 0.647788  0.000437  0.614464   0.000611 0.646103  0.003583
127.677260 19.375185 5.267144 0.119900 -34.352145 0.121381 -13.237459 0.084657 17.791424     1440.048667     1.335298 19.618942      194.016978     9.738312 16.511240     1970.888601    10.798397 1.280184         NaN       NaN 0.001007 0.054496 0.005949 0.006033    G+U 15.729117 0.005439 15.203549 0.004236 14.608624           0.003963 14.069578           0.003623 13.748253 0.003999  0.525568 0.006894  0.594925           0.005801  0.539046           0.005369           0.321325           0.005396 11.399300 13.226818 10.119116 0.049441 0.073575 0.049788 0.278011  0.003265  0.215852   0.002656 0.200857  0.029264
127.750694 19.404417 5.482435 0.158597 -34.637603 0.157414 -13.585795 0.108303 18.130527     1053.746271     1.158284 20.014545      134.771650     7.245784 16.824093     1477.477092    12.779779 1.306435         NaN       NaN 0.001193 0.058373 0.009391 0.009467    G+U 16.009850 0.006328 15.489919 0.004905 14.899909           0.004611 14.334226           0.004273 14.012502 0.004914  0.519931 0.008006  0.590010           0.006732  0.565683           0.006287           0.321724           0.006512 11.825395 13.709413 10.518961 0.062828 0.085752 0.063515 0.241444  0.003015  0.183340   0.002774 0.172893  0.024945
127.494401 19.482989 5.461209 0.241341 -33.460076 0.276009 -13.050197 0.199619 18.867395      534.549843     0.921543 20.714287       70.746020     4.450221 17.563992      747.415028     9.443803 1.303404         NaN       NaN 0.001872 0.068297 0.013719 0.013846    G+U 16.702135 0.009705 16.099554 0.007372 15.501395           0.006625 14.944582           0.005742 14.614505 0.004839  0.602581 0.012187  0.598159           0.009912  0.556813           0.008767           0.330077           0.007509 12.553839 14.400731 11.250436 0.095980 0.117784 0.096937 0.194630  0.003132  0.144725   0.002249 0.143479  0.018712
127.306120 19.479942 5.246654 0.019864 -32.542261 0.021698 -12.628039 0.014705 11.049208   716578.092502   435.834870 11.379400   383404.142061   579.858300 10.547534   478789.620414   572.344800 0.501674   35.755290  0.287580 0.000660 0.001642 0.001298 0.001456      G       NaN      NaN       NaN      NaN       NaN                NaN       NaN                NaN       NaN      NaN       NaN      NaN       NaN                NaN       NaN                NaN                NaN                NaN  4.648620  4.978812  4.146946 0.008248 0.008384 0.008323 1.069952  0.000887  1.045670   0.001019 1.009622  0.003703
128.007680 19.979709 5.429325 0.075448 -34.951374 0.073540 -13.724986 0.056281 17.075987     2783.246343     2.131085 18.761768      427.277132     7.258748 15.834039     3677.416695     9.081541 1.241948         NaN       NaN 0.000831 0.018445 0.002681 0.002807    G+U 15.019993 0.003767 14.584935 0.002877 14.002587           0.002876 13.423838           0.002561 13.146893 0.002685  0.435058 0.004740  0.582348           0.004068  0.578750           0.003851           0.276945           0.003710 10.749716 12.435497  9.507768 0.030187 0.035367 0.030295 0.343853  0.002051  0.273526   0.001863 0.262536  0.023119
128.352419 19.882663 5.590923 0.079560 -36.076986 0.086265 -13.489617 0.063513 16.713045     3888.024994     3.162324 18.436830      576.347551     6.738760 15.450999     5233.091894    13.294048 1.262046         NaN       NaN 0.000883 0.012695 0.002758 0.002896    G+U 14.654549 0.003129 14.170216 0.002346 13.581732           0.002271 13.050416           0.002004 12.821595 0.002142  0.484333 0.003911  0.588484           0.003265  0.531316           0.003029           0.228821           0.002934 10.450463 12.174248  9.188417 0.030913 0.033407 0.031023 0.373897  0.001867  0.301277   0.001823 0.286118  0.021319
128.393543 19.951552 5.448840 0.203878 -35.948714 0.225261 -13.730944 0.161264 18.443666      789.732969     1.280730 20.220276      111.508092     7.259984 17.142649     1101.788943    10.347763 1.301018         NaN       NaN 0.001761 0.070689 0.010197 0.010348    G+U 16.315308 0.007582 15.767391 0.005414 15.141189           0.005228 14.570486           0.005288 14.316188 0.007048  0.547916 0.009317  0.626203           0.007526  0.570703           0.007436           0.254298           0.008811 12.125186 13.901796 10.824169 0.081269 0.107696 0.081887 0.221729  0.003546  0.166134   0.002946 0.163474  0.024179
128.164285 19.956145 4.908927 0.020751 -33.717573 0.022126 -13.351015 0.015875 12.021700   292594.850243    60.636513 12.394582   150516.561747    71.467890 11.476554   203486.949593   148.298100 0.545146    9.497384  0.528834 0.000225 0.000516 0.000791 0.000823    G+U 11.427034 0.000694 11.353420 0.000653 10.945967           0.000655 10.742350           0.000605 10.417810 0.000519  0.073614 0.000953  0.407454           0.000925  0.203617           0.000892           0.324540           0.000797  5.476633  5.849515  4.931487 0.009182 0.009194 0.009213 0.925729  0.000783  0.902895   0.001014 0.894287  0.001727
128.391269 20.073714 5.278129 0.053623 -34.345763 0.056900 -13.659742 0.038155 16.155617     6496.810679     4.586656 17.572020     1278.229532     9.925862 14.987048     8023.042019    19.105537 1.168569         NaN       NaN 0.000767 0.008431 0.002585 0.002697    G+U 14.267321 0.002629 13.889391 0.002037 13.363388           0.002049 12.759081           0.001720 12.530119 0.001674  0.377930 0.003326  0.526003           0.002889  0.604307           0.002675           0.228962           0.002400  9.768017 11.184420  8.599448 0.022074 0.023617 0.022212 0.452853  0.001323  0.377691   0.001602 0.394798  0.016405
128.194820 19.997670 5.343027 0.067848 -33.957348 0.078344 -13.497500 0.054671 16.699286     3937.607705     3.902916 18.269598      672.322475    10.075439 15.484946     5072.003220    15.387408 1.214339         NaN       NaN 0.001076 0.016271 0.003294 0.003465    G+U 14.714911 0.003201 14.340689 0.002541 13.777332           0.002503 13.195032           0.002182 12.966507 0.001644  0.374222 0.004087  0.563356           0.003567  0.582300           0.003320           0.228525           0.002732 10.338223 11.908535  9.123883 0.027595 0.032017 0.027770 0.389740  0.001722  0.316282   0.002000 0.315567  0.023715
128.248103 20.120741 5.470009 0.138435 -34.812199 0.146702 -14.250240 0.111529 17.974049     1217.103107     1.406639 19.825598      160.390125     7.161789 16.701988     1653.343973     9.624414 1.272060         NaN       NaN 0.001255 0.048481 0.006320 0.006444    G+U 15.872856 0.005897 15.421069 0.004459 14.823087           0.004377 14.265485           0.004321 14.014934 0.003314  0.451787 0.007393  0.597982           0.006249  0.557602           0.006151           0.250551           0.005446 11.663989 13.515538 10.391928 0.054970 0.073284 0.055318 0.252705  0.002492  0.194114   0.002432 0.184576  0.024486
128.184105 20.171363 5.390197 0.495450 -34.221389 0.606148 -12.867656 0.498218 19.845118      217.219814     0.705842 21.246046       43.350934     4.573165 18.456553      328.501119     8.508771 1.388565         NaN       NaN 0.003528 0.114536 0.028123 0.028343    G+U 17.532122 0.016213 16.900800 0.010913 16.189184           0.010263 15.629684           0.012163 15.248676 0.008660  0.631321 0.019544  0.711616           0.014981  0.559501           0.015914           0.381007           0.014931 13.503141 14.904069 12.114576 0.199626 0.230123 0.201566 0.160413  0.004662  0.120189   0.003628 0.125734  0.014470
128.347716 20.300874 5.186625 0.191792 -34.751764 0.194746 -13.414973 0.145292 18.427920      801.269612     1.183155 20.423206       92.498394     6.043603 17.101946     1143.877392     7.067495 1.325973         NaN       NaN 0.001603 0.070939 0.006708 0.006897    G+U 16.283274 0.007311 15.669897 0.005742 15.030702           0.005345 14.476191           0.004537 14.175592 0.004012  0.613377 0.009296  0.639195           0.007844  0.554511           0.007011           0.300598           0.006056 12.002344 13.997630 10.676370 0.080313 0.107145 0.080577 0.226611  0.003551  0.170349   0.003111 0.158861  0.024951
127.595567 20.279306 5.341409 0.667648 -34.713241 0.595195 -14.093379 0.406799 20.004852      187.501818     0.729288 20.978535       55.462969     7.665714 18.603554      286.903969     7.429296 1.401299         NaN       NaN 0.004223 0.150063 0.028115 0.028430    G+U 17.745610 0.017450 16.984846 0.012819 16.265003           0.011952 15.734350           0.011857 15.279669 0.008687  0.760763 0.021652  0.719843           0.017527  0.530653           0.016836           0.454681           0.014699 13.643131 14.616814 12.241833 0.271455 0.310144 0.272875 0.161482  0.006360  0.120864   0.004930 0.130479  0.016874
127.899609 20.405286 5.527203 0.239618 -35.909596 0.250034 -14.505611 0.186840 18.528585      730.319455     1.253771 20.635958       76.038525     5.832326 17.151007     1093.340515     9.756930 1.377579         NaN       NaN 0.001864 0.083278 0.009689 0.009867    G+U 16.292480 0.007127 15.652825 0.005511 14.993321           0.005042 14.408431           0.004163 14.079647 0.003538  0.639655 0.009009  0.659504           0.007470  0.584890           0.006539           0.328784           0.005464 12.241112 14.348485 10.863534 0.094157 0.125688 0.094636 0.209622  0.003732  0.156732   0.002887 0.143356  0.022951
127.989040 20.705909 5.332435 0.294709 -34.054000 0.326606 -13.972612 0.242137 19.180714      400.553958     1.156585 20.924162       58.311203     6.467607 17.839363      579.979773     8.858881 1.341351         NaN       NaN 0.003135 0.120425 0.016584 0.016878    G+U 16.879370 0.010312 16.297583 0.008271 15.622183           0.007576 15.108614           0.007422 14.703448 0.005815  0.581787 0.013220  0.675400           0.011216  0.513569           0.010606           0.405166           0.009429 12.815342 14.558790 11.473991 0.120052 0.170014 0.121152 0.182488  0.003848  0.137050   0.002628 0.136919  0.021497
125.714037 18.800653 5.252030 0.074798 -33.062525 0.083990 -11.960714 0.064329 17.102022     2717.304055     2.410633 18.679050      461.101452     7.682485 15.888913     3496.173748    11.904251 1.213109         NaN       NaN 0.000963 0.018090 0.003697 0.003820      G       NaN      NaN       NaN      NaN       NaN                NaN       NaN                NaN       NaN      NaN       NaN      NaN       NaN                NaN       NaN                NaN                NaN                NaN 10.703658 12.280686  9.490549 0.030940 0.035828 0.031146 0.351620  0.002019  0.280487   0.001922 0.278093  0.023047
126.423241 19.511773 4.795916 0.155169 -33.363334 0.183473 -12.348958 0.142026 18.169033     1017.028673     1.601796 19.951796      142.790293     7.499699 16.869470     1417.000103    10.821365 1.299562         NaN       NaN 0.001710 0.057026 0.008292 0.008466      G       NaN      NaN       NaN      NaN       NaN                NaN       NaN                NaN       NaN      NaN       NaN      NaN       NaN                NaN       NaN                NaN                NaN                NaN 11.573391 13.356154 10.273828 0.070278 0.090487 0.070744 0.262462  0.003945  0.202255   0.003271 0.191811  0.027849
126.458047 20.117281 5.409327 0.279213 -34.116523 0.266711 -14.626911 0.163269 18.958776      491.400781     1.006309 20.876299       60.939311     5.107292 17.630000      703.328712     8.335865 1.328777         NaN       NaN 0.002223 0.090995 0.012868 0.013059      G       NaN      NaN       NaN      NaN       NaN                NaN       NaN                NaN       NaN      NaN       NaN      NaN       NaN                NaN       NaN                NaN                NaN                NaN 12.624492 14.542015 11.295716 0.112107 0.144371 0.112821 0.189996  0.003661  0.141782   0.002532 0.138211  0.020252
127.102582 20.464917 5.502054 0.188624 -35.670158 0.201186 -13.775128 0.149308 18.603447      681.660688     1.254050 20.447670       90.437595     7.088979 17.327510      929.295578     6.429818 1.275936         NaN       NaN 0.001997 0.085106 0.007512 0.007773    G+U 16.508991 0.008505 15.975792 0.006631 15.344521           0.006246 14.778617           0.005876 14.447296 0.004631  0.533199 0.010784  0.631271           0.009109  0.565904           0.008575           0.331321           0.007481 12.306071 14.150294 11.030134 0.074470 0.113070 0.074821 0.207478  0.003023  0.155884   0.002393 0.153924  0.023982
127.328463 20.717934 5.256960 0.051429 -35.031420 0.050148 -13.993958 0.034484 15.966128     7735.622064     5.871627 17.324915     1604.910676    18.925184 14.820287     9354.996115    17.435720 1.145842         NaN       NaN 0.000824 0.012803 0.002024 0.002185    G+U 14.074065 0.002355 13.731028 0.002132 13.226989           0.002010 12.630284           0.001688 12.346668 0.001120  0.343038 0.003177  0.504039           0.002930  0.596704           0.002625           0.283616           0.002026  9.569801 10.928588  8.423960 0.021259 0.024803 0.021340 0.474499  0.001352  0.401718   0.002348 0.423409  0.019506
126.398712 21.102300 5.462242 0.100600 -33.875201 0.095263 -14.747244 0.068065 17.216671     2444.996841     4.768992 18.936660      363.707799    11.981932 15.959654     3275.642613    20.452158 1.257017         NaN       NaN 0.002118 0.035768 0.006779 0.007102      G       NaN      NaN       NaN      NaN       NaN                NaN       NaN                NaN       NaN      NaN       NaN      NaN       NaN                NaN       NaN                NaN                NaN                NaN 10.903526 12.623515  9.646509 0.040049 0.053654 0.040563 0.327211  0.002672  0.259904   0.002454 0.245240  0.030149
127.487624 18.566635 5.573447 0.048375 -33.355902 0.046596 -12.913110 0.036047 14.661613    25721.820302    21.999940 15.782352     6644.711132    23.996336 13.590303    29042.699567    60.643840 1.071309   41.453705  6.471444 0.000929 0.003921 0.002267 0.002450    G+U 12.940097 0.001372 12.641327 0.001139 12.109405           0.001244 11.523421           0.000918 11.246325 0.000631  0.298770 0.001783  0.531921           0.001687  0.585984           0.001546           0.277096           0.001114  8.392232  9.512971  7.320922 0.018870 0.019251 0.018983 0.597170  0.000608  0.547789   0.001117 0.571049  0.008361
128.207006 18.701699 5.363840 0.017094 -34.075930 0.018014 -12.169698 0.011544 12.377144   210906.143184    56.535267 13.008809    85485.681159    71.850620 11.621056   178129.621066    93.696205 0.756088   36.713470  3.662236 0.000291 0.000913 0.000571 0.000641    G+U 11.466588 0.000699 11.735513 0.000748 11.029234           0.000738 10.591808           0.000596 10.591245 0.000436 -0.268925 0.001024  0.706279           0.001051  0.437426           0.000949           0.000564           0.000738  6.024523  6.656188  5.268435 0.006927 0.006980 0.006944 0.838410  0.000543  0.822688   0.000625 0.819248  0.002478
128.309838 19.076738 5.307467 0.036126 -33.528355 0.037115 -12.718418 0.030561 15.448019    12466.348018     7.066405 16.646915     2996.751091    12.508454 14.358700    14311.267953    23.551928 1.089319   25.239595 10.106371 0.000615 0.004532 0.001787 0.001890    G+U 13.722522 0.001951 13.409802 0.001637 12.888422           0.001771 12.281977           0.001366 12.112219 0.000952  0.312720 0.002547  0.521379           0.002411  0.606445           0.002236           0.169758           0.001665  9.072456 10.271352  7.983137 0.014793 0.015460 0.014888 0.526725  0.000839  0.463189   0.001353 0.495004  0.010324
128.510080 19.322715 5.397351 0.139810 -33.794372 0.142457 -11.549251 0.110259 15.398318    13050.267835    20.867647 16.649363     2990.005616    21.481874 14.221868    16233.451714    31.237856 1.176450   51.453460  6.682656 0.001736 0.007801 0.002089 0.002716    G+U 13.489509 0.001820 13.085099 0.001421 12.568542           0.001430 12.053918           0.001082 11.763405 0.001043  0.404409 0.002309  0.516558           0.002016  0.514624           0.001794           0.290513           0.001503  9.059221 10.310266  7.882772 0.056276 0.056787 0.056288 0.528498  0.003146  0.467538   0.004666 0.485091  0.015544
129.059349 19.425011 5.428999 0.046705 -35.930139 0.041311 -13.856362 0.030592 15.648661    10362.932254     9.510073 17.170570     1850.072336    15.064849 14.446317    13201.751575    35.083320 1.202344  -35.011980  7.332188 0.000996 0.008841 0.002885 0.003053    G+U 13.664674 0.001986 13.251319 0.001526 12.742611           0.001538 12.211405           0.001165 11.880567 0.001120  0.413355 0.002505  0.508708           0.002167  0.531206           0.001930           0.330838           0.001616  9.322260 10.844169  8.119916 0.018707 0.020667 0.018902 0.496651  0.001125  0.419021   0.003626 0.430735  0.017703
128.999287 19.525471 5.663873 0.017834 -36.864714 0.017310 -14.398589 0.012265 12.834803   138364.825757    36.249710 13.437584    57594.786657    48.479492 12.100826   114505.856004    70.574840 0.733976   36.752243  1.418210 0.000284 0.000914 0.000669 0.000727    G+U 11.814431 0.000823 11.684180 0.000726 11.480135           0.000839 11.298407           0.000731 10.589652 0.000544  0.130251 0.001097  0.204045           0.001109  0.181728           0.001113           0.708755           0.000912  6.600371  7.203152  5.866394 0.006843 0.006898 0.006870 0.768866  0.000426  0.751241   0.000898 0.770574  0.002199
128.937994 19.640531 5.390519 0.016648 -35.826285 0.017221 -12.916947 0.011526 12.623184   168140.736563    74.667770 13.154735    74734.827330   128.813720 11.945309   132140.156955   153.006410 0.677875   35.706870  1.053888 0.000482 0.001871 0.001257 0.001346    G+U 11.634789 0.000748 11.530828 0.000687 11.197623           0.000739 11.289226           0.000719 10.453726 0.000448  0.103961 0.001016  0.333205           0.001009 -0.091602           0.001031           0.835500           0.000847  6.281337  6.812888  5.603462 0.006724 0.006962 0.006823 0.806614  0.000525  0.791769   0.001045 0.803543  0.002944
128.362351 19.341268 5.616031 0.186415 -35.376109 0.185361 -12.128608 0.124348 14.707096    24666.542696    34.407394 15.810821     6472.747625    19.535260 13.611406    28483.652459    35.841350 1.095690   32.724438  3.670489 0.001514 0.003277 0.001366 0.002040    G+U 12.972459 0.001442 12.665243 0.001151 12.154633           0.001155 11.540599           0.000909 11.325166 0.000830  0.307216 0.001845  0.510610           0.001631  0.614035           0.001470           0.215433           0.001231  8.454243  9.557968  7.358553 0.072094 0.072153 0.072091 0.593383  0.003092  0.541851   0.005025 0.564590  0.010289
128.323253 19.430634 5.377739 0.015842 -34.238609 0.016335 -12.899675 0.011601 13.348411    86214.911295    27.770773 14.041425    33025.327725    48.850925 12.545275    76041.093937    91.736664 0.803136   35.081387  1.531539 0.000350 0.001606 0.001310 0.001356    G+U 12.117783 0.000959 11.953355 0.000820 11.767840           0.000957 11.251688           0.000782 10.860712 0.000641  0.164428 0.001262  0.185514           0.001261  0.516152           0.001236           0.390976           0.001011  7.001409  7.694423  6.198273 0.006406 0.006595 0.006529 0.726699  0.000385  0.702186   0.000510 0.729865  0.003154
128.496686 19.362575 5.166092 0.044663 -34.780191 0.047533 -12.980057 0.034393 14.172533    40358.361031    16.575281 15.213188    11223.841349    29.026610 13.156974    43288.095942    31.020987 1.015559   35.574757  3.098348 0.000446 0.002808 0.000778 0.000897    G+U 12.574537 0.001196 12.283069 0.000962 11.786842           0.000971 11.245518           0.000787 10.956624 0.000686  0.291469 0.001535  0.496226           0.001367  0.541325           0.001250           0.288894           0.001044  7.738344  8.778999  6.722785 0.018779 0.018982 0.018789 0.650863  0.000908  0.618709   0.001258 0.638520  0.006068
128.824025 19.636134 5.299598 0.019723 -33.927261 0.019579 -12.886921 0.012937 11.629958   419723.822742   214.076340 12.019234   212678.356384   411.868070 11.076325   294190.158874   383.701420 0.553633   35.128082  0.573297 0.000554 0.002103 0.001416 0.001521      G       NaN      NaN       NaN      NaN       NaN                NaN       NaN                NaN       NaN      NaN       NaN      NaN       NaN                NaN       NaN                NaN                NaN                NaN  5.251173  5.640449  4.697540 0.008100 0.008350 0.008204 0.962974  0.000818  0.938098   0.001017 0.919096  0.003316
128.937630 19.771102 5.594004 0.033272 -35.797809 0.031506 -13.045348 0.022009  7.459952 19541858.157841  7040.862300  7.520744 13400447.216564 11163.354000  7.320773  9350804.975759  4570.726000 0.139179   25.212560  0.540662 0.000391 0.000904 0.000531 0.000659    G+H       NaN      NaN       NaN      NaN       NaN                NaN       NaN                NaN       NaN      NaN       NaN      NaN       NaN                NaN       NaN                NaN                NaN                NaN  1.198566  1.259358  1.059387 0.012921 0.012947 0.012926 2.060446  0.002533  2.035690   0.002638      NaN       NaN
128.600342 19.793360 5.372989 0.019237 -34.077721 0.019537 -12.547486 0.014544 12.856821   135587.132623    37.163185 13.437426    57603.204349    56.748850 12.141679   110277.406262    74.322560 0.715142   36.219627  1.660605 0.000298 0.001070 0.000732 0.000790    G+U 11.710635 0.000780 11.590543 0.000698 11.348529           0.000790 11.237434           0.000701 10.639296 0.000573  0.120092 0.001047  0.242014           0.001054  0.111094           0.001056           0.598139           0.000906  6.507901  7.088506  5.792759 0.007780 0.007848 0.007809 0.779177  0.000506  0.762441   0.000956 0.780183  0.002345
128.461342 19.782893 5.204077 0.028311 -34.149870 0.029948 -12.959001 0.022229 14.875310    21126.275431     8.464114 15.925457     5824.169077    16.481287 13.856293    22732.182329    29.813955 1.019017   27.049618  4.448461 0.000435 0.003072 0.001424 0.001489    G+U 13.275920 0.001626 13.012872 0.001340 12.534913           0.001360 11.886442           0.001074 11.741408 0.001063  0.263048 0.002107  0.477959           0.001910  0.648471           0.001733           0.145034           0.001510  8.457029  9.507176  7.438012 0.011821 0.012206 0.011899 0.593887  0.000535  0.541330   0.000885 0.573186  0.006870
127.820373 19.355212 5.523217 0.036352 -33.946615 0.035099 -12.989606 0.025837 15.545401    11396.896943     5.011191 16.688211     2884.908228     9.102375 14.268867    15545.743152    22.315590 1.276534   37.566135  4.188998 0.000477 0.003426 0.001559 0.001630    G+U 13.616321 0.001920 13.249777 0.001521 12.716373           0.001518 12.167244           0.001243 11.916408 0.001146  0.366544 0.002449  0.533403           0.002149  0.549130           0.001962           0.250836           0.001691  9.256361 10.399171  7.979827 0.014300 0.014697 0.014377 0.516562  0.000775  0.450547   0.002866 0.464633  0.009685
127.730914 19.555443 5.587850 0.017879 -34.682297 0.018332 -13.607752 0.012207 10.651022  1034041.271106   421.619540 10.958326   565049.355556   795.081360 10.181075   671008.864433   706.914700 0.469947   36.367240  0.344449 0.000443 0.001528 0.001144 0.001227      G       NaN      NaN       NaN      NaN       NaN                NaN       NaN                NaN       NaN      NaN       NaN      NaN       NaN                NaN       NaN                NaN                NaN                NaN  4.387246  4.694550  3.917299 0.006962 0.007114 0.007041 1.120809  0.000805  1.096015   0.001067 1.059247  0.003795
126.962161 19.805712 5.484085 0.036260 -33.794351 0.032422 -14.055784 0.023104 15.080159    17493.750012     8.937224 16.205997     4497.985688    14.437529 14.025124    19458.469137    32.933357 1.055036   40.505924  3.917213 0.000555 0.003485 0.001838 0.001919    G+U 13.379419 0.001671 13.076177 0.001597 12.579867           0.001387 11.993669           0.001141 11.702391 0.000767  0.303243 0.002312  0.496309           0.002116  0.586199           0.001797           0.291278           0.001375  8.775680  9.901518  7.720645 0.014368 0.014774 0.014474 0.557855  0.000947  0.493466   0.004445 0.534063  0.008292
127.207848 19.988932 5.414615 0.039818 -34.172524 0.040527 -13.875414 0.031008 15.131401    16687.305173     9.080400 16.539330     3308.908230    12.150650 13.964334    20579.014932    26.719065 1.167067    3.491470  9.343731 0.000591 0.003987 0.001410 0.001528    G+U 13.193152 0.001530 12.821136 0.001323 12.307088           0.001228 11.787769           0.000932 11.421265 0.000674  0.372016 0.002023  0.514049           0.001805  0.519319           0.001542           0.366505           0.001150  8.799239 10.207168  7.632172 0.015980 0.016459 0.016031 0.547782  0.000871  0.493428   0.004471 0.500209  0.010925
128.217482 19.976599 5.439654 0.016288 -34.523556 0.017698 -13.693108 0.012313 12.723922   153242.130937    52.750534 13.285140    66276.708307    82.861940 12.021325   123204.918979   104.983220 0.702597   35.755463  0.808737 0.000374 0.001357 0.000925 0.000998    G+U 11.634507 0.000754 11.522852 0.000672 11.395461           0.000802 10.775739           0.000631 10.460267 0.000435  0.111655 0.001010  0.127391           0.001046  0.619722           0.001021           0.315472           0.000767  6.401778  6.962996  5.699181 0.006513 0.006642 0.006568 0.791527  0.000448  0.775993   0.001019 0.790696  0.002571
128.139070 20.080044 5.508006 0.018670 -34.797561 0.020298 -13.485308 0.015198 12.852614   136113.468475    36.018110 13.448745    57005.789240    56.814170 12.122559   112236.680440    89.585740 0.730056   35.486490  0.756829 0.000287 0.001082 0.000867 0.000913    G+U 11.765782 0.000794 11.619434 0.000704 11.290676           0.000766 10.877639           0.000666 10.534083 0.000451  0.146348 0.001061  0.328758           0.001040  0.413037           0.001015           0.343555           0.000804  6.557586  7.153717  5.827531 0.007366 0.007440 0.007411 0.773584  0.000462  0.756116   0.000549 0.774666  0.002384
128.280920 20.130010 5.484077 0.017235 -34.696132 0.018862 -13.487166 0.014668 13.556682    71166.254236    14.347863 14.304692    25914.332459    24.439276 12.717360    64895.393636    29.883116 0.839321   37.164803  1.247083 0.000219 0.001024 0.000500 0.000546    G+U 12.232163 0.001016 12.078320 0.000870 11.673808           0.000919 11.134413           0.000752 10.927544 0.000660  0.153844 0.001338  0.404511           0.001265  0.539395           0.001188           0.206869           0.001001  7.252200  8.000210  6.412878 0.006828 0.006901 0.006843 0.700998  0.000395  0.674969   0.000745 0.704611  0.002693
128.427858 20.244414 5.352102 0.016096 -34.443378 0.016366 -14.236007 0.012352 13.397341    82415.805764    19.792414 14.090327    31570.814987    26.202210 12.594752    72653.642447    45.432590 0.802588   34.722550  1.165751 0.000261 0.000901 0.000679 0.000727    G+U 12.128038 0.000974 11.939863 0.000883 11.568978           0.000921 11.125337           0.000733 10.816724 0.000539  0.188175 0.001315  0.370885           0.001276  0.443642           0.001177           0.308613           0.000910  7.039963  7.732949  6.237374 0.006536 0.006592 0.006566 0.722903  0.000377  0.697980   0.000491 0.726651  0.002390
127.874304 20.410364 5.434233 0.019415 -34.448310 0.020551 -13.359666 0.015391 13.990405    47729.279856    52.496323 15.010764    13524.193744    65.451935 12.980560    50925.355248   135.958270 1.009845   55.294110  5.333926 0.001194 0.005255 0.002899 0.003135    G+U 12.356088 0.001044 12.039800 0.000927 11.559983           0.000915 11.003581           0.000681 10.642048 0.000502  0.316288 0.001396  0.479816           0.001302  0.556402           0.001140           0.361533           0.000845  7.666096  8.686455  6.656251 0.007849 0.009370 0.008282 0.658597  0.000445  0.628627   0.000484 0.646268  0.007879
126.877567 20.218222 5.395011 0.024083 -34.163765 0.026051 -13.653085 0.016786 13.531776    72817.565824    25.696173 14.271741    26712.866513    32.241234 12.697612    66086.610325    46.978405 0.834165   35.775280  1.912069 0.000383 0.001310 0.000772 0.000862    G+U 12.246642 0.001022 12.011327 0.000941 11.627575           0.000958 11.171302           0.000814 10.966004 0.000545  0.235315 0.001389  0.383752           0.001343  0.456273           0.001257           0.205297           0.000980  7.191738  7.931703  6.357574 0.009701 0.009782 0.009724 0.707091  0.000558  0.681235   0.000680 0.710304  0.003062
126.960705 20.243357 5.357131 0.019008 -33.465482 0.020938 -13.527155 0.014203 13.836049    55020.833803    14.453711 14.638183    19060.912792    24.086123 12.960612    51869.634399    30.835623 0.875437   36.408726  2.149635 0.000285 0.001372 0.000645 0.000706    G+U 12.495797 0.001138 12.259179 0.001050 11.852119           0.001057 11.322469           0.000874 11.122781 0.000588  0.236618 0.001549  0.407060           0.001490  0.529651           0.001372           0.199688           0.001053  7.480710  8.282844  6.605273 0.007710 0.007826 0.007732 0.678634  0.000397  0.650434   0.000766 0.681060  0.003298
126.354116 20.221549 5.265901 0.036633 -32.726793 0.033360 -11.974372 0.025180 15.418930    12804.852699     6.116211 16.674824     2920.702740    11.476468 14.300885    15093.986195    17.022673 1.118045   41.026455 10.805495 0.000519 0.004266 0.001224 0.001330      G       NaN      NaN       NaN      NaN       NaN                NaN       NaN                NaN       NaN      NaN       NaN      NaN       NaN                NaN       NaN                NaN                NaN                NaN  9.026293 10.282187  7.908248 0.015115 0.015697 0.015156 0.529936  0.000863  0.469858   0.003182 0.493006  0.010429
126.813229 20.378899 5.380319 0.026270 -32.664862 0.030306 -13.144398 0.019468 12.603578   171204.697689    73.652596 13.163307    74147.056615   121.763870 11.895491   138344.539105   149.924840 0.708087   34.011272  1.092411 0.000467 0.001783 0.001177 0.001266      G       NaN      NaN       NaN      NaN       NaN                NaN       NaN                NaN       NaN      NaN       NaN      NaN       NaN                NaN       NaN                NaN                NaN                NaN  6.257618  6.817347  5.549531 0.010613 0.010751 0.010667 0.809486  0.000827  0.794544   0.000945 0.803292  0.003098
127.366376 21.143924 5.245639 0.035842 -33.973488 0.035647 -14.176443 0.024486 15.070245    17654.225343     7.245025 16.183403     4592.569066    15.777231 14.022675    19502.416623    21.672812 1.047570   41.734800  5.610995 0.000446 0.003730 0.001207 0.001286    G+U 13.394256 0.001708 13.107602 0.001586 12.648048           0.001595 12.036004           0.001119 11.809504 0.000863  0.286654 0.002331  0.459554           0.002249  0.612044           0.001948           0.226501           0.001413  8.669237  9.782395  7.621667 0.014844 0.015299 0.014886 0.570473  0.001019  0.515109   0.002514 0.546240  0.008340
126.555699 16.918193 5.331903 0.019980 -33.245714 0.020688 -11.005664 0.014911 12.930154   126731.673104    36.750275 13.531139    52839.778002    52.650394 12.195509   104943.247119    99.335580 0.734645   37.265987  0.779860 0.000315 0.001082 0.001028 0.001075      G       NaN      NaN       NaN      NaN       NaN                NaN       NaN                NaN       NaN      NaN       NaN      NaN       NaN                NaN       NaN                NaN                NaN                NaN  6.564565  7.165550  5.829920 0.008143 0.008208 0.008202 0.772766  0.000517  0.755516   0.001018 0.773678  0.002415
129.359787 19.486840 5.466462 0.017696 -35.531294 0.018530 -12.923564 0.011788 13.357078    85529.441397    29.101618 14.055389    32603.264131    37.756930 12.551774    75587.249011    65.195050 0.805304   35.874924  1.887067 0.000369 0.001257 0.000936 0.001007    G+U 12.079250 0.000961 11.914255 0.000835 11.659310           0.000920 11.464060           0.000809 10.824542 0.000636  0.164995 0.001273  0.254945           0.001242  0.195251           0.001225           0.639518           0.001029  7.045610  7.743921  6.240306 0.007039 0.007141 0.007092 0.722217  0.000413  0.697774   0.000734 0.725814  0.002825
129.384967 19.521606 5.360288 0.036429 -34.330647 0.035306 -13.572714 0.023854 15.258238    14847.447495    16.475594 16.473196     3516.727355    20.750856 14.158840    17203.715165    63.432953 1.099398 -122.105510  8.996832 0.001205 0.006407 0.004003 0.004181    G+U 13.403954 0.001787 13.072062 0.001446 12.585720           0.001436 12.021262           0.001070 11.724156 0.001051  0.331893 0.002298  0.486341           0.002037  0.564458           0.001791           0.297106           0.001500  8.904179 10.119137  7.804781 0.014807 0.016088 0.015291 0.542952  0.000871  0.480733   0.004213 0.510646  0.012213
129.419445 19.518362 5.321970 0.033955 -35.139598 0.032923 -12.634138 0.022028  8.210679  9787575.404757  3756.146000  8.316782  6437307.127161  7836.249500  7.996591  5017899.097357  4430.373500 0.214088   36.033190  0.836539 0.000417 0.001322 0.000959 0.001045    G+H       NaN      NaN       NaN      NaN       NaN                NaN       NaN                NaN       NaN      NaN       NaN      NaN       NaN                NaN       NaN                NaN                NaN                NaN  1.841041  1.947144  1.626953 0.013861 0.013917 0.013888 1.827980  0.002891  1.805478   0.002893      NaN       NaN
129.366265 19.562493 5.283088 0.189516 -34.994815 0.158876 -12.768649 0.131049  9.602875  2715168.273133  1522.596200  9.866939  1543979.077464  1630.671600  9.172136  1699431.831186  1467.540200 0.430738   35.415665  0.365795 0.000609 0.001147 0.000938 0.001118      G       NaN      NaN       NaN      NaN       NaN                NaN       NaN                NaN       NaN      NaN       NaN      NaN       NaN                NaN       NaN                NaN                NaN                NaN  3.217314  3.481378  2.786575 0.077898 0.077904 0.077901 1.388804  0.011765  1.365224   0.012091 1.340525  0.021044
129.364631 19.617508 5.410024 0.031535 -36.158499 0.031793 -14.694674 0.022061 11.451635   494643.835340   321.260600 11.840510   250733.678415   395.877400 10.895987   347347.098662   390.270260 0.555649   35.812595  0.598247 0.000705 0.001714 0.001220 0.001409    G+U 11.181559 0.000623 11.114736 0.000574 10.945522           0.000662 11.193622           0.000696 10.239429 0.000401  0.066823 0.000847  0.169213           0.000876 -0.248099           0.000961           0.954193           0.000803  5.117631  5.506506  4.561983 0.012677 0.012773 0.012716 0.985158  0.001146  0.960491   0.001380 0.935505  0.003455
129.443213 19.599242 5.565924 0.015899 -36.381315 0.013808 -12.394991 0.010420 12.082200   276736.759713   124.591560 12.544525   131101.263416   189.658750 11.468743   204956.185730   219.439240 0.613457   34.754402  0.839687 0.000489 0.001571 0.001162 0.001261    G+U 11.340590 0.000610 11.385202 0.000647 10.954972           0.000667 10.827270           0.000669 10.305046 0.000496 -0.044612 0.000890  0.430230           0.000929  0.127703           0.000944           0.522223           0.000833  5.809886  6.272211  5.196429 0.006222 0.006399 0.006311 0.872182  0.000551  0.854241   0.000523 0.853446  0.002680
129.233080 19.599108 5.331062 0.050676 -35.399534 0.049696 -13.417898 0.037457 16.025650     7322.965870     4.738766 17.432304     1453.769347    13.314330 14.862395     8999.121268    21.258648 1.163255         NaN       NaN 0.000703 0.009944 0.002565 0.002659    G+U 14.149602 0.002490 13.757586 0.001990 13.240107           0.001974 12.652242           0.001449 12.448073 0.001263  0.392016 0.003187  0.517479           0.002804  0.587865           0.002449           0.204168           0.001922  9.659719 11.066373  8.496464 0.020653 0.022912 0.020800 0.464060  0.001245  0.388905   0.002156 0.407904  0.017689
129.258294 19.604727 5.455480 0.109123 -35.338965 0.102150 -12.583140 0.081009  9.069642  4437005.226796   862.504460  9.296865  2610182.271782  1961.256200  8.687428  2655748.271431  1083.658400 0.382214         NaN       NaN 0.000211 0.000816 0.000443 0.000491      G       NaN      NaN       NaN      NaN       NaN                NaN       NaN                NaN       NaN      NaN       NaN      NaN       NaN                NaN       NaN                NaN                NaN                NaN  2.753807  2.981030  2.371593 0.043435 0.043442 0.043437 1.519663  0.007688  1.497540   0.007820      NaN       NaN
129.224998 19.617094 5.290580 0.130204 -35.083053 0.129380 -12.884344 0.095718 17.808378     1417.737232     2.251068 19.669018      185.271841     8.568048 16.554375     1894.123152    14.837263 1.254004         NaN       NaN 0.001724 0.050211 0.008505 0.008678    G+U 15.801433 0.005700 15.293300 0.004396 14.698404           0.004280 14.112456           0.003430 13.871011 0.003187  0.508133 0.007198  0.594895           0.006136  0.585948           0.005485           0.241446           0.004682 11.425894 13.286534 10.171891 0.053469 0.073329 0.054114 0.273087  0.003407  0.211226   0.002708 0.198832  0.027751
129.403980 19.732858 5.313427 0.115810 -38.722534 0.106098 -13.776233 0.079711  7.735592 15160368.949669  5180.911000  7.810722 10259546.479689  7155.024400  7.569829  7434065.547697  3966.438000 0.165763   21.365917  6.504905 0.000371 0.000757 0.000579 0.000688      G       NaN      NaN       NaN      NaN       NaN                NaN       NaN                NaN       NaN      NaN       NaN      NaN       NaN                NaN       NaN                NaN                NaN                NaN  1.362466  1.437596  1.196703 0.047330 0.047335 0.047332 2.003479  0.009646  1.978637   0.009859      NaN       NaN
129.326053 19.698939 5.422773 0.018879 -36.131882 0.018182 -13.773603 0.013165 11.284405   577011.941766   326.662230 11.647020   299646.280722   359.393070 10.762269   392871.446456   376.616180 0.522136   34.725760  0.423726 0.000615 0.001302 0.001041 0.001209    G+U 11.252513 0.000638 11.245375 0.000606 11.014606           0.000681 11.273831           0.000719 10.271755 0.000407  0.007138 0.000880  0.230769           0.000911 -0.259226           0.000990           1.002076           0.000826  4.955512  5.318127  4.433376 0.007585 0.007671 0.007631 1.013280  0.000873  0.988638   0.000939 0.959929  0.002945
129.501872 19.682230 4.747756 0.510000 -36.193062 0.416871 -12.502100 0.323752 18.657167      648.753312     4.331632 20.542336       82.886327     7.847926 17.163084     1081.247000    11.349575 1.494083         NaN       NaN 0.007249 0.102801 0.011397 0.013507    G+U 16.282103 0.006802 15.669220 0.005276 15.007145           0.004983 14.464193           0.005231 14.144193 0.005748  0.612883 0.008609  0.662075           0.007257  0.542952           0.007224           0.320001           0.007772 12.039609 13.924778 10.545526 0.233371 0.254906 0.233536 0.230093  0.009701  0.171920   0.008131 0.154925  0.030491
129.515334 19.697506 5.363434 0.056553 -34.724299 0.057773 -12.227014 0.047533 16.128933     6658.455900     7.113174 17.527529     1331.697144     7.394531 14.961722     8212.386091    20.748085 1.167211         NaN       NaN 0.001160 0.006029 0.002743 0.002978    G+U 14.282006 0.002397 13.896947 0.002091 13.346484           0.002053 12.755052           0.001775 12.532827 0.001739  0.385059 0.003181  0.550463           0.002930  0.591433           0.002713           0.222224           0.002484  9.776148 11.174744  8.608937 0.022926 0.023677 0.023060 0.452510  0.001357  0.377424   0.001784 0.395606  0.013846
129.615394 19.765410 5.447794 0.119107 -35.456361 0.108192 -12.173119 0.081655 15.188667    15829.959423    15.882216 16.378702     3836.506517    27.673088 14.085634    18403.679031    40.603832 1.103033   27.374730  8.038703 0.001089 0.007832 0.002395 0.002631      G       NaN      NaN       NaN      NaN       NaN                NaN       NaN                NaN       NaN      NaN       NaN      NaN       NaN                NaN       NaN                NaN                NaN                NaN  8.869770 10.059805  7.766737 0.047488 0.048117 0.047536 0.547118  0.002668  0.482322   0.006363 0.515900  0.014077
129.636654 19.773718 5.342660 0.049806 -34.295271 0.043917 -12.834310 0.034486 15.371006    13382.713168     7.626831 16.559412     3248.268429    23.230280 14.293822    15192.500323    23.649681 1.077184   33.534450  6.487939 0.000619 0.007765 0.001690 0.001800    G+U 13.635987 0.001718 13.307674 0.001585 12.799681           0.001573 12.245804           0.001127 11.941618 0.000935  0.328313 0.002338  0.507994           0.002233  0.553877           0.001935           0.304186           0.001464  9.009794 10.198200  7.932610 0.020253 0.021681 0.020314 0.532850  0.001183  0.469858   0.003182 0.503401  0.013296
129.559107 19.789787 5.212063 0.029527 -35.223633 0.027250 -13.454063 0.021257 14.026043    46188.045086    22.380943 14.990613    13777.541314    42.062603 13.048858    47820.613847    38.890755 0.977185   34.269604  3.145639 0.000526 0.003315 0.000883 0.001028    G+U 12.463997 0.000999 12.188754 0.000941 11.744265           0.000956 11.500131           0.000786 10.880969 0.000541  0.275243 0.001373  0.444489           0.001342  0.244134           0.001238           0.619162           0.000954  7.611091  8.575661  6.633906 0.012313 0.012740 0.012333 0.663853  0.000700  0.633845   0.000864 0.656052  0.006003
129.557875 19.789666 5.441361 0.043776 -34.561354 0.041927 -14.422514 0.030696 15.141225    16537.010064    10.117168 16.274857     4221.570225    15.132209 14.069112    18685.875140    32.646408 1.072113   35.936523  5.443221 0.000664 0.003892 0.001897 0.002010    G+U 13.422381 0.001565 13.120658 0.001461 12.645155           0.001471 12.101717           0.001057 11.764640 0.000851  0.301723 0.002141  0.475503           0.002073  0.543438           0.001812           0.337077           0.001357  8.819763  9.953395  7.747650 0.017482 0.017898 0.017572 0.553297  0.001074  0.493466   0.004445 0.527723  0.008983
129.623303 19.862426 5.446454 0.019333 -35.556511 0.019002 -12.403461 0.014106 13.512722    74106.770216    22.692749 14.242854    27433.115585    38.554550 12.684726    66875.603745    53.919685 0.827996   34.991856  2.315623 0.000332 0.001526 0.000875 0.000936    G+U 12.195191 0.000884 12.009518 0.000867 11.695008           0.000937 11.616910           0.000836 10.936871 0.000556  0.185674 0.001239  0.314509           0.001277  0.078098           0.001255           0.680039           0.001004  7.193291  7.923423  6.365295 0.007715 0.007858 0.007757 0.707158  0.000447  0.681346   0.000474 0.710920  0.003218
129.351912 19.786600 5.556016 0.129562 -35.222365 0.117176 -13.978053 0.084088 17.456736     1959.983248     2.134418 19.145935      299.945741    10.327833 16.191338     2646.204644    18.147104 1.265398         NaN       NaN 0.001182 0.037384 0.007446 0.007539    G+U 15.391862 0.004679 14.957260 0.003600 14.395704           0.003490 13.829658           0.002827 13.509156 0.003645  0.434602 0.005904  0.561556           0.005013  0.566047           0.004491           0.320501           0.004613 11.180553 12.869752  9.915155 0.050651 0.062942 0.051181 0.300952  0.002631  0.234764   0.002730 0.224963  0.027216
129.297701 19.803625 5.408966 0.019138 -35.880611 0.018755 -12.108975 0.013349 11.138668   659901.999679   243.775960 11.482760   348588.138465   524.465760 10.630629   443513.449517   467.196230 0.508039   35.131290  0.360254 0.000401 0.001634 0.001144 0.001212      G       NaN      NaN       NaN      NaN       NaN                NaN       NaN                NaN       NaN      NaN       NaN      NaN       NaN                NaN       NaN                NaN                NaN                NaN  4.804239  5.148331  4.296200 0.007694 0.007855 0.007768 1.040176  0.000814  1.015882   0.000989 0.983707  0.003443
129.112852 19.865122 5.410372 0.028652 -35.383208 0.027960 -14.127966 0.019481 14.564816    28120.307927    10.128943 15.733610     6949.810301    20.237244 13.491456    31810.890478    21.762264 1.073360   35.369430  3.642090 0.000391 0.003162 0.000743 0.000839    G+U 12.874253 0.001352 12.538004 0.001091 12.072801           0.001107 11.536391           0.000831 11.227772 0.000769  0.336249 0.001737  0.465203           0.001554  0.536409           0.001384           0.308619           0.001132  8.230952  9.399746  7.157592 0.011506 0.011926 0.011524 0.602667  0.000600  0.564013   0.000826 0.582789  0.007415
129.258799 19.868655 5.127595 0.510085 -36.738550 0.544788 -13.876879 0.325641 19.697655      248.819957     0.960755 21.180525       46.047593     9.555472 18.271927      389.392323    10.008711 1.425728         NaN       NaN 0.004192 0.225304 0.027907 0.028220    G+U 17.235903 0.013876 16.459230 0.008520 15.693222           0.007490 15.154294           0.006958 14.735834 0.009949  0.776672 0.016283  0.766008           0.011345  0.538928           0.010223           0.418460           0.012140 13.247224 14.730094 11.821496 0.216055 0.312129 0.217810 0.167033  0.005970  0.126114   0.004443 0.129349  0.023685
129.366077 19.903459 5.173299 0.062683 -35.176617 0.061887 -12.666639 0.040889 16.275467     5817.818635     5.132682 17.778013     1057.332832     9.844029 15.081557     7354.197712    16.106527 1.193910         NaN       NaN 0.000958 0.010108 0.002378 0.002564    G+U 14.316782 0.002743 13.921708 0.002160 13.375998           0.002087 12.780835           0.001578 12.527309 0.001796  0.395074 0.003492  0.545710           0.003003  0.595163           0.002616           0.253526           0.002391  9.844305 11.346851  8.650395 0.026328 0.028186 0.026418 0.442707  0.001614  0.369250   0.001477 0.376546  0.018735
129.504588 19.978558 5.426715 0.094075 -35.129822 0.097360 -12.740326 0.064112 16.869097     3367.505595     3.205234 18.670206      464.873480    10.223896 15.600125     4561.504219    12.905180 1.268971         NaN       NaN 0.001033 0.023878 0.003072 0.003241    G+U 14.781001 0.003032 14.294907 0.002694 13.686988           0.002449 13.152869           0.002269 12.856215 0.002335  0.486094 0.004056  0.607919           0.003640  0.534119           0.003338           0.296655           0.003256 10.541782 12.342891  9.272810 0.037658 0.044578 0.037769 0.363291  0.002387  0.292148   0.002337 0.270003  0.028478
129.455328 19.962834 5.246306 0.254565 -36.519571 0.248055 -13.321730 0.159819 18.592566      688.526456     1.717228 20.028257      133.080287    15.536664 17.252598      995.679023    20.933680 1.339968         NaN       NaN 0.002708 0.126756 0.022827 0.022987    G+U 16.410190 0.007296 15.794014 0.005958 15.114183           0.005602 14.570617           0.004424 14.196676 0.004012  0.616177 0.009419  0.679831           0.008178  0.543567           0.007138           0.373940           0.005972 12.191834 13.627525 10.851866 0.105400 0.164830 0.107810 0.222813  0.004874  0.168152   0.004026 0.173045  0.031958
129.466864 19.987125 5.388621 0.024024 -36.343551 0.024266 -13.077527 0.017278 11.098359   684861.915381   526.698360 11.435940   363949.240773   711.384900 10.604079   454492.441834   617.366300 0.494280   34.080593  0.547129 0.000835 0.002122 0.001475 0.001695    G+U 10.696919 0.000444 10.704691 0.000492 10.424301           0.000513 10.176246           0.000486  9.706038 0.000373 -0.007772 0.000663  0.280390           0.000711  0.248055           0.000706           0.470208           0.000613  4.755747  5.093328  4.261467 0.009717 0.009911 0.009793 1.048929  0.001087  1.024655   0.001084 0.992253  0.004008
129.281728 19.957567 5.621025 0.135566 -34.559421 0.143771 -12.619321 0.086811 17.586395     1739.356163     2.880349 19.315987      256.461499    30.404425 16.302110     2389.538224    23.678510 1.284285         NaN       NaN 0.001798 0.128718 0.010759 0.010908    G+U 15.468622 0.004913 15.000293 0.003712 14.430684           0.003586 13.864966           0.002922 13.558142 0.003804  0.468329 0.006157  0.569609           0.005161  0.565718           0.004626           0.306825           0.004796 11.335472 13.065064 10.051187 0.052402 0.138964 0.053464 0.287838  0.003705  0.227843   0.003254 0.210401  0.047088
129.390735 20.013614 5.216160 0.147894 -34.746235 0.144859 -13.129460 0.095638  8.632391  6637281.757561  1356.033200  8.774207  4224098.384728  2132.671100  8.364421  3575936.602128  1083.100100 0.267970   38.672653  2.491256 0.000222 0.000548 0.000329 0.000397      G       NaN      NaN       NaN      NaN       NaN                NaN       NaN                NaN       NaN      NaN       NaN      NaN       NaN                NaN       NaN                NaN                NaN                NaN  2.219145  2.360961  1.951175 0.061568 0.061570 0.061569 1.694314  0.012310  1.672463   0.012363      NaN       NaN
129.730978 19.842527 5.052796 0.127453 -35.062962 0.122573 -13.160543 0.093886 17.470407     1935.457728     2.470467 19.283890      264.156179     9.198040 16.207645     2606.755941    21.880367 1.262762         NaN       NaN 0.001386 0.037806 0.009113 0.009218    G+U 15.394699 0.004211 14.920599 0.003650 14.353248           0.003587 13.829840           0.002718 13.502842 0.004104  0.474100 0.005573  0.567351           0.005118  0.523408           0.004501           0.326998           0.004922 10.988066 12.801549  9.725304 0.054791 0.066554 0.055527 0.315326  0.003416  0.248080   0.003080 0.231257  0.029787
129.712460 19.850488 5.620268 0.060415 -36.790311 0.055181 -13.974899 0.041530 16.130512     6648.782579     3.741995 17.689651     1146.980748    12.190317 14.919412     8538.732246    13.990693 1.211101         NaN       NaN 0.000611 0.011539 0.001779 0.001881    G+U 14.133190 0.002238 13.736829 0.001992 13.173812           0.001927 12.669667           0.001414 12.379901 0.001788  0.396361 0.002996  0.563017           0.002772  0.504145           0.002391           0.289766           0.002280  9.879297 11.438436  8.668197 0.023350 0.026039 0.023410 0.437970  0.001465  0.365191   0.001830 0.366032  0.020473
129.725665 19.862305 5.407246 0.218484 -35.957171 0.211373 -13.599157 0.158219 18.414936      810.909655     1.504128 20.420614       92.719535     6.296100 17.099281     1146.688443    11.304040 1.315655         NaN       NaN 0.002014 0.073727 0.010703 0.010891    G+U 16.263803 0.006793 15.744502 0.005815 15.119521           0.005635 14.577110           0.004395 14.260929 0.007665  0.519301 0.008942  0.624981           0.008098  0.542411           0.007147           0.316181           0.008835 12.079817 14.085495 10.764162 0.087763 0.114603 0.088391 0.220692  0.003798  0.165260   0.003075 0.155544  0.024480
129.882034 19.954564 5.644180 0.192958 -34.948668 0.179770 -12.997945 0.144332 18.255900      938.829589     1.877095 20.261120      107.391296     8.273544 16.933687     1335.621125    11.790152 1.322212         NaN       NaN 0.002171 0.083646 0.009584 0.009827    G+U 16.094847 0.006093 15.557061 0.005145 14.944183           0.004996 14.416861           0.003905 14.089365 0.006576  0.537786 0.007974  0.612878           0.007172  0.527323           0.006341           0.327496           0.007648 12.013904 14.019124 10.691691 0.074268 0.111838 0.074852 0.225853  0.003406  0.170611   0.002953 0.158105  0.026837
129.878767 19.967123 5.305822 0.094784 -36.146400 0.090194 -12.612905 0.071997 16.709951     3899.116541     4.825884 18.480980      553.381986     9.277194 15.420409     5382.628416    20.304580 1.289542         NaN       NaN 0.001344 0.018202 0.004096 0.004310    G+U 14.577312 0.002748 14.089152 0.002345 13.499494           0.002246 12.967275           0.001641 12.669158 0.002174  0.488160 0.003613  0.589659           0.003247  0.532219           0.002782           0.298117           0.002724 10.333714 12.104743  9.044172 0.038815 0.042850 0.039007 0.385245  0.002366  0.312182   0.001789 0.291054  0.026540
129.810366 20.021926 5.428315 0.032236 -36.402856 0.034603 -13.487762 0.029126 15.050920    17971.279129    11.640816 16.171892     4641.515659    15.252680 13.992845    20045.666645    33.989390 1.058075   30.052149  7.760262 0.000703 0.003568 0.001841 0.001971    G+U 13.338665 0.001527 13.042869 0.001450 12.555658           0.001392 11.960157           0.001091 11.743608 0.001052  0.295796 0.002106  0.487210           0.002010  0.595501           0.001769           0.216549           0.001516  8.724245  9.845217  7.666170 0.012915 0.013380 0.013026 0.564064  0.000887  0.505707   0.003879 0.539402  0.008290
129.657582 19.989688 5.445897 0.035132 -36.966991 0.037893 -13.638056 0.026325  8.114049 10698609.278370  3671.695300  8.202514  7151734.132108  4793.132300  7.929701  5336759.455106  1971.474000 0.184348   35.746680  0.613323 0.000373 0.000728 0.000401 0.000547      G       NaN      NaN       NaN      NaN       NaN                NaN       NaN                NaN       NaN      NaN       NaN      NaN       NaN                NaN       NaN                NaN                NaN                NaN  1.794396  1.882861  1.610048 0.014013 0.014027 0.014014 1.844092  0.003016  1.821661   0.003138      NaN       NaN
129.764779 19.999691 5.238281 0.034121 -34.317264 0.031244 -13.034533 0.024125  8.280620  9176959.854611  2769.988000  8.375589  6097912.259442  3640.601000  8.086355  4619724.021235  2522.263200 0.194264   34.458347  0.476220 0.000328 0.000648 0.000593 0.000677      G       NaN      NaN       NaN      NaN       NaN                NaN       NaN                NaN       NaN      NaN       NaN      NaN       NaN                NaN       NaN                NaN                NaN                NaN  1.876564  1.971533  1.682299 0.014148 0.014159 0.014157 1.814497  0.002910  1.791905   0.003134      NaN       NaN
129.763212 20.043709 5.484805 0.020202 -37.823417 0.020962 -13.865086 0.015227 13.826769    55493.110149    20.603666 14.640915    19013.018964    25.416420 12.944175    52660.915400    40.209538 0.882594   29.333199  2.726847 0.000403 0.001451 0.000829 0.000922    G+U 12.402617 0.000994 12.207766 0.000984 11.845664           0.001001 11.296226           0.000787 11.047265 0.000712  0.194852 0.001398  0.362102           0.001403  0.549438           0.001273           0.248961           0.001061  7.522575  8.336721  6.639981 0.008008 0.008129 0.008041 0.674735  0.000416  0.645476   0.000483 0.676580  0.003437
129.671827 19.996364 5.382376 0.290858 -35.533719 0.292731 -12.257335 0.219570 18.581459      695.605801     1.513748 20.639637       75.781350    13.808963 17.279425      971.377455    13.005486 1.302034         NaN       NaN 0.002363 0.197844 0.014537 0.014727    G+U 16.387135 0.007147 15.851585 0.006202 15.160368           0.005598 14.645312           0.006188 14.262323 0.007008  0.535549 0.009463  0.691217           0.008355  0.515056           0.008344           0.382989           0.009349 12.236329 14.294507 10.934295 0.117368 0.230026 0.118241 0.209839  0.005248  0.159193   0.004161 0.147856  0.036657
129.708197 20.067588 5.397722 0.024260 -35.004912 0.024038 -13.680254 0.016630 10.658025  1027393.268105   166.542080 10.953721   567451.245219   292.055330 10.198242   660482.786074   213.385730 0.459783   31.345050  3.244155 0.000176 0.000559 0.000351 0.000392    G+U 11.236616 0.000582 11.175333 0.000610 10.767816           0.000607 10.665613           0.000583 10.247674 0.000470  0.061283 0.000843  0.407517           0.000861  0.102202           0.000842           0.417939           0.000749  4.319077  4.614773  3.859294 0.009761 0.009776 0.009766 1.134549  0.001130  1.110078   0.001139 1.073745  0.002903
129.920796 19.991280 5.358286 0.028757 -36.514728 0.029221 -14.028667 0.023648 14.618325    26768.040459    36.669650 15.669391     7373.279761    54.856335 13.594326    28935.276013    99.437730 1.023999   -5.069725  6.563320 0.001487 0.008078 0.003731 0.004017    G+U 12.831601 0.001186 12.636945 0.001192 12.162081           0.001210 11.543304           0.000932 11.320241 0.000837  0.194656 0.001682  0.474864           0.001699  0.618776           0.001527           0.223063           0.001252  8.263454  9.314520  7.239455 0.011748 0.014180 0.012237 0.602996  0.000681  0.565114   0.000947 0.590859  0.010717
129.969649 20.018040 5.359561 0.056474 -36.067739 0.053355 -13.387576 0.041059 16.383270     5267.912010     3.910770 17.850660      988.901339    12.443350 15.190094     6654.581938    17.025341 1.193176         NaN       NaN 0.000806 0.013662 0.002778 0.002892    G+U 14.419916 0.002512 14.044749 0.002330 13.513616           0.002307 12.926282           0.001917 12.674535 0.001914  0.375167 0.003426  0.531134           0.003279  0.587334           0.003000           0.251747           0.002709 10.028916 11.496306  8.835740 0.022895 0.026649 0.023049 0.425031  0.001475  0.354512   0.001721 0.359844  0.021292
129.923773 20.028148 5.339348 0.031754 -34.501855 0.031465 -12.797746 0.025196 14.953092    19665.739714     7.006482 16.021042     5333.353247    14.930685 13.926872    21301.459585    21.207804 1.026219   34.961533 11.099660 0.000387 0.003040 0.001081 0.001148    G+U 13.277190 0.001460 13.039285 0.001438 12.581294           0.001470 11.965832           0.001151 11.757593 0.001071  0.237905 0.002049  0.457991           0.002056  0.615462           0.001867           0.208239           0.001572  8.590533  9.658483  7.564313 0.012920 0.013267 0.012959 0.580705  0.000836  0.525631   0.000563 0.558662  0.007128
129.876584 20.068995 5.374994 0.030143 -35.332696 0.030504 -12.585664 0.022112 10.143544  1650171.908151   902.295350 10.467183   888266.883445  1353.706500  9.661973  1082353.612850   987.983100 0.481571   35.054230  0.328997 0.000594 0.001655 0.000991 0.001155      G       NaN      NaN       NaN      NaN       NaN                NaN       NaN                NaN       NaN      NaN       NaN      NaN       NaN                NaN       NaN                NaN                NaN                NaN  3.795434  4.119073  3.313863 0.012192 0.012290 0.012218 1.245265  0.001603  1.221234   0.002181 1.185530  0.005601
129.995974 20.031350 5.439908 0.042640 -35.697954 0.041713 -15.995713 0.030582  9.142411  4149369.218494  1080.711000  9.332943  2524873.996481  1277.285000  8.804767  2383699.524589  1105.952900 0.337645   36.601010  1.257495 0.000283 0.000549 0.000504 0.000578      G       NaN      NaN       NaN      NaN       NaN                NaN       NaN                NaN       NaN      NaN       NaN      NaN       NaN                NaN       NaN                NaN                NaN                NaN  2.820369  3.010901  2.482725 0.017023 0.017030 0.017028 1.499472  0.003034  1.476443   0.003496      NaN       NaN
129.979261 20.064970 5.366874 0.020007 -36.259512 0.019678 -12.682310 0.015247  9.994544  1892907.143811   534.721740 10.236740  1098300.001757   450.371830  9.601538  1144308.362631   275.173680 0.393006   34.438183  0.269035 0.000307 0.000445 0.000261 0.000403      G       NaN      NaN       NaN      NaN       NaN                NaN       NaN                NaN       NaN      NaN       NaN      NaN       NaN                NaN       NaN                NaN                NaN                NaN  3.643151  3.885347  3.250145 0.008101 0.008107 0.008099 1.281890  0.001124  1.255980   0.002734 1.234197  0.002886
129.938213 20.124238 5.389096 0.081660 -35.179547 0.083389 -14.282762 0.062247 16.194426     6268.689807    11.730382 17.806690     1029.770707    12.245046 14.921255     8524.247913    19.491987 1.273170         NaN       NaN 0.002032 0.012911 0.002483 0.003208    G+U 14.107437 0.002180 13.662048 0.001952 13.116978           0.001917 12.552559           0.001583 12.283089 0.001493  0.445389 0.002926  0.545071           0.002736  0.564419           0.002486           0.269470           0.002176  9.852006 11.464270  8.578835 0.032967 0.035346 0.032998 0.440461  0.002026  0.367397   0.002020 0.358254  0.022695
130.005233 20.135570 5.417711 0.015742 -35.784777 0.015186 -13.823968 0.011356  9.571775  2794065.615966   383.221740  9.786208  1663158.282353   567.813900  9.205545  1647935.447594   372.785460 0.366230   35.816986  0.412785 0.000149 0.000371 0.000246 0.000287    G+U 12.628926 0.001086 12.155076 0.000964 10.857236           0.000668 11.111354           0.000767  9.340242 0.000311  0.473850 0.001452  1.297840           0.001173 -0.254118           0.001017           1.771111           0.000828  3.240854  3.455287  2.874624 0.006311 0.006321 0.006314 1.382322  0.000940  1.358997   0.001258 1.341649  0.002474
129.993050 20.158186 5.377234 0.020078 -37.389321 0.019918 -13.894370 0.014196  8.833936  5512803.552468  1011.953250  8.984705  3479643.303928  1506.124400  8.553708  3003827.459809  1094.284300 0.280228   37.838474  0.577130 0.000199 0.000470 0.000396 0.000443      G       NaN      NaN       NaN      NaN       NaN                NaN       NaN                NaN       NaN      NaN       NaN      NaN       NaN                NaN       NaN                NaN                NaN                NaN  2.486731  2.637500  2.206503 0.008111 0.008122 0.008118 1.603366  0.001561  1.581879   0.001779      NaN       NaN
129.843351 20.081818 5.338421 0.058263 -34.155472 0.059477 -13.246902 0.045837 16.072990     7010.520685     5.749782 17.436157     1448.618541    10.465693 14.920680     8528.769406    30.507475 1.152310         NaN       NaN 0.000890 0.007844 0.003884 0.003984    G+U 14.171396 0.002277 13.829475 0.002116 13.307444           0.002020 12.741055           0.001664 12.492315 0.001692  0.341921 0.003109  0.522032           0.002926  0.566389           0.002617           0.248739           0.002373  9.710054 11.073221  8.557744 0.023716 0.024963 0.024015 0.460025  0.001396  0.382893   0.001935 0.407198  0.015457
129.771635 20.117110 5.465435 0.018640 -35.913396 0.018951 -12.907080 0.013483  9.296399  3600701.898675   618.544900  9.492373  2180055.606818   733.174800  8.952789  2079900.414579   701.484700 0.343610   34.551163  0.842976 0.000187 0.000365 0.000366 0.000411      G       NaN      NaN       NaN      NaN       NaN                NaN       NaN                NaN       NaN      NaN       NaN      NaN       NaN                NaN       NaN                NaN                NaN                NaN  2.984523  3.180497  2.640913 0.007408 0.007415 0.007415 1.451605  0.001176  1.429173   0.001579 1.412825  0.002626
129.531420 19.987809 6.016657 0.161891 -35.588560 0.164484 -14.277041 0.103400 11.855751   340915.279055   296.535520 12.302720   163805.710230   334.806180 11.214148   259118.936224   354.088470 0.641603   38.008606  0.586368 0.000944 0.002219 0.001484 0.001759    G+U 10.986174 0.000506 10.881655 0.000533 10.782433           0.000603 10.375107           0.000531  9.898855 0.000409  0.104519 0.000735  0.099221           0.000805  0.407327           0.000804           0.476252           0.000671  5.752527  6.199496  5.110924 0.058436 0.058470 0.058447 0.882917  0.005111  0.864028   0.004572 0.858676  0.006685
129.533212 20.063990 5.421110 0.117270 -36.295825 0.120425 -12.763297 0.078546 17.388060     2087.965282     2.655346 19.111467      309.620570     9.031902 16.152699     2742.069716    13.333368 1.235361         NaN       NaN 0.001381 0.031672 0.005279 0.005457    G+U 15.332878 0.004070 14.889846 0.003634 14.312655           0.003472 13.777145           0.003393 13.488694 0.003789  0.443032 0.005456  0.577191           0.005026  0.535509           0.004855           0.288451           0.005086 11.058501 12.781908  9.823140 0.046994 0.056653 0.047269 0.309973  0.002853  0.243332   0.002634 0.233977  0.026544
129.590970 20.093214 5.772890 0.207381 -37.119865 0.240860 -12.250663 0.148324 18.187891      999.517601     1.722357 20.162790      117.571094     9.605062 16.878550     1405.200347    10.302477 1.309341         NaN       NaN 0.001871 0.088700 0.007960 0.008177    G+U 15.996663 0.005787 15.471944 0.004972 14.843540           0.004681 14.287143           0.004817 13.945168 0.005432  0.524719 0.007630  0.628404           0.006829  0.556397           0.006717           0.341974           0.007260 11.994857 13.969756 10.685516 0.078029 0.118122 0.078412 0.227414  0.003608  0.171988   0.003232 0.160731  0.028093
129.601081 20.106006 5.472287 0.024388 -35.967269 0.023531 -12.986401 0.016022 10.410198  1290825.460795   543.732540 10.698692   717694.962877   836.684100  9.959279   823088.603715   805.567570 0.450919   34.952488  0.423456 0.000457 0.001266 0.001063 0.001157      G       NaN      NaN       NaN      NaN       NaN                NaN       NaN                NaN       NaN      NaN       NaN      NaN       NaN                NaN       NaN                NaN                NaN                NaN  4.101042  4.389536  3.650123 0.009688 0.009760 0.009736 1.179313  0.001149  1.154983   0.001334 1.120072  0.004092
129.589434 20.137321 5.283363 0.181981 -35.405648 0.188256 -13.533045 0.120836 17.825201     1395.939726     2.293373 19.754686      171.215127    10.302427 16.491688     2006.703801    16.281937 1.333513         NaN       NaN 0.001784 0.065331 0.008809 0.008988    G+U 15.595051 0.004635 15.060531 0.003973 14.429046           0.003673 13.875213           0.003605 13.562018 0.003993  0.534520 0.006105  0.631485           0.005411  0.553833           0.005147           0.313194           0.005380 11.439753 13.369238 10.106240 0.074816 0.099310 0.075311 0.272380  0.004670  0.210550   0.003680 0.189903  0.031304
129.524286 20.122762 4.872098 0.207610 -35.723782 0.214375 -11.739239 0.130761 18.197798      990.438413     1.959479 19.856983      155.820132    17.597380 16.876568     1407.768588    34.454740 1.321230         NaN       NaN 0.002148 0.122616 0.026573 0.026660    G+U 16.028437 0.005916 15.463641 0.004972 14.817173           0.004626 14.286682           0.004838 13.986845 0.005675  0.564796 0.007728  0.646468           0.006792  0.530491           0.006694           0.299837           0.007458 11.636378 13.295563 10.315148 0.092556 0.153612 0.096271 0.260350  0.005431  0.202184   0.004611 0.193485  0.040332
129.477206 20.136686 5.451593 0.045044 -34.666507 0.041219 -14.461260 0.027175 15.131703    16682.664318     8.144803 16.281430     4196.093710    25.907910 14.067892    18706.872915    26.040243 1.063811   32.527798  4.983587 0.000530 0.006704 0.001511 0.001602    G+U 13.413075 0.001576 13.103432 0.001501 12.621397           0.001448 12.019075           0.001206 11.826612 0.001183  0.309644 0.002176  0.482035           0.002086  0.602322           0.001885           0.192464           0.001690  8.814320  9.964047  7.750509 0.017950 0.019153 0.018005 0.553015  0.001114  0.493466   0.004445 0.527698  0.011738
129.551751 20.133984 5.446645 0.172429 -34.907467 0.183009 -12.352323 0.116768 18.076519     1107.487556     1.894790 19.903023      149.350988    12.598489 16.774597     1546.392193    14.931686 1.301922         NaN       NaN 0.001858 0.091587 0.010484 0.010647    G+U 15.937060 0.005607 15.429882 0.004873 14.852862           0.004716 14.291794           0.004843 13.992134 0.005684  0.507178 0.007429  0.577020           0.006781  0.561069           0.006760           0.299660           0.007467 11.757164 13.583668 10.455242 0.068769 0.114516 0.069539 0.247444  0.003238  0.190704   0.003183 0.179330  0.032414
129.527881 20.162308 5.646818 0.188400 -34.798852 0.192846 -13.813089 0.128323 18.036741     1148.815156     2.116746 19.886270      151.673063     8.512272 16.759817     1567.584543    16.893211 1.276924         NaN       NaN 0.002001 0.060934 0.011701 0.011870    G+U 15.925187 0.005570 15.449471 0.004933 14.846200           0.004698 14.288074           0.004824 13.996277 0.005705  0.475717 0.007440  0.603271           0.006812  0.558126           0.006734           0.291797           0.007471 11.795760 13.645289 10.518836 0.072476 0.094667 0.073388 0.243505  0.003318  0.184824   0.003226 0.177407  0.026017
129.738268 20.181480 5.670602 0.030248 -35.893075 0.031572 -15.174730 0.022148 13.397696    82388.880263    27.466686 14.157406    29679.366631    42.292988 12.545605    76017.995392    85.436220 0.852091   34.897840  1.841768 0.000362 0.001547 0.001220 0.001273    G+U 12.054961 0.000843 11.867792 0.000841 11.569744           0.000877 11.142619           0.000730 10.711228 0.000598  0.187169 0.001191  0.298048           0.001215  0.427125           0.001141           0.431391           0.000943  7.165842  7.925552  6.313751 0.011589 0.011686 0.011647 0.709333  0.000667  0.683589   0.000912 0.710693  0.003427
129.662561 20.170712 5.389065 0.065760 -36.907291 0.061630 -13.798770 0.041477 16.040438     7223.893657     6.518455 17.545530     1309.798845     9.182044 14.843955     9153.266152    19.986890 1.196483         NaN       NaN 0.000980 0.007611 0.002371 0.002565    G+U 14.044005 0.002128 13.646172 0.001943 13.091699           0.001824 12.504422           0.001564 12.251787 0.001545  0.397834 0.002882  0.554473           0.002665  0.587276           0.002403           0.252635           0.002199  9.698005 11.203097  8.501522 0.026515 0.027569 0.026603 0.457326  0.001553  0.381969   0.003048 0.391935  0.016407
129.729701 20.219066 5.438353 0.066880 -35.951121 0.069632 -13.899940 0.050516 16.290472     5737.966340     6.914491 17.811354     1025.357980    11.235787 15.083030     7344.227960    33.864174 1.207442         NaN       NaN 0.001308 0.011897 0.005006 0.005174    G+U 14.310979 0.002720 13.896545 0.002248 13.349239           0.002192 12.768787           0.001600 12.523261 0.001300  0.414433 0.003529  0.547306           0.003140  0.580452           0.002714           0.245526           0.002062  9.967809 11.488691  8.760367 0.026737 0.029235 0.027170 0.429668  0.001681  0.355811   0.002528 0.360318  0.020486
129.812301 20.210720 5.247181 0.032679 -35.300327 0.034797 -11.645168 0.023561 11.141364   658265.448986   314.810270 11.487199   347166.278513   502.954800 10.627084   444963.731171   509.421630 0.514280   35.028520  0.439416 0.000519 0.001573 0.001243 0.001347    G+U 11.152301 0.000629 11.082992 0.000591 10.555238           0.000586 10.763531           0.000613  9.740382 0.000369  0.069309 0.000863  0.527754           0.000832 -0.208293           0.000848           1.023149           0.000715  4.740994  5.086829  4.226714 0.013534 0.013615 0.013581 1.052352  0.001503  1.027899   0.001525 0.993156  0.003939
129.593828 20.274519 5.172044 0.670083 -35.320304 0.634994 -11.155473 0.402038 19.583103      276.506611     1.100735 21.159674       46.940469     7.802775 18.222458      407.544563     9.521735 1.360645         NaN       NaN 0.004322 0.180479 0.025367 0.025732    G+U 17.294857 0.014523 16.660736 0.010225 15.989671           0.008674 15.437029           0.008532 15.020393 0.007083  0.634121 0.017762  0.671065           0.013408  0.552642           0.012167           0.416635           0.011089 13.151414 14.727985 11.790769 0.281366 0.334247 0.282474 0.171725  0.007578  0.128615   0.005436 0.131158  0.023018
129.778497 20.348346 5.370443 0.034843 -35.480981 0.035111 -14.226122 0.024512 15.273478    14640.487498    13.453661 16.445105     3608.901646    23.825682 14.195434    16633.540057    40.472890 1.078044   35.947834  5.989065 0.000998 0.007168 0.002642 0.002824    G+U 13.536829 0.001895 13.228048 0.001597 12.746977           0.001613 12.144042           0.001189 11.947362 0.001123  0.308781 0.002478  0.481071           0.002270  0.602935           0.002004           0.196680           0.001635  8.923529 10.095156  7.845485 0.014124 0.015807 0.014334 0.542007  0.000837  0.480733   0.004213 0.513668  0.012483
129.047443 19.877797 5.421609 0.034272 -35.756550 0.033342 -13.432911 0.025362 14.780492    23054.191899     9.293290 15.805687     6503.424078    16.006370 13.780856    24367.767875    19.903803 0.999636   35.659416  4.496763 0.000438 0.002672 0.000887 0.000989    G+U 13.191422 0.001562 12.934742 0.001311 12.470475           0.001334 11.902122           0.000992 11.654312 0.000965  0.256680 0.002039  0.464267           0.001870  0.568354           0.001662           0.247809           0.001384  8.451133  9.476328  7.451497 0.013734 0.013985 0.013755 0.594648  0.000582  0.542436   0.001044 0.576633  0.006273
128.959247 19.849960 5.255533 0.120380 -34.211760 0.153440 -12.809006 0.092756 17.473036     1930.777286     2.549691 19.155344      297.357875    11.307819 16.226164     2562.671636    11.768453 1.246872         NaN       NaN 0.001434 0.041288 0.004986 0.005188    G+U 15.376265 0.004554 14.923706 0.003626 14.329935           0.003495 13.810202           0.002876 13.492177 0.003512  0.452559 0.005822  0.593771           0.005036  0.519733           0.004526           0.318025           0.004539 11.076120 12.758428  9.829248 0.049759 0.064642 0.049988 0.310074  0.003106  0.244242   0.002825 0.234649  0.030071
129.018289 19.920223 5.381558 0.025980 -35.493683 0.026445 -13.812349 0.017639 14.076538    44089.121601    13.944006 14.939043    14447.732354    23.512798 13.134767    44182.629975    33.487920 0.941771   34.261906  2.402570 0.000343 0.001767 0.000823 0.000892    G+U 12.607056 0.001195 12.384633 0.001014 11.948744           0.001043 11.442406           0.000793 11.169490 0.000739  0.222423 0.001567  0.435889           0.001455  0.506338           0.001310           0.272916           0.001084  7.731078  8.593583  6.789307 0.010489 0.010631 0.010515 0.655682  0.000536  0.624334   0.000845 0.653364  0.004106
129.138934 19.915044 5.416655 0.041768 -35.186513 0.040919 -14.198126 0.028124 15.428356    12694.169087     7.723089 16.639854     3016.302329    11.574886 14.331437    14675.180700    22.881277 1.096919   39.149853  7.417911 0.000661 0.004166 0.001693 0.001817    G+U 13.670398 0.001980 13.358581 0.001606 12.872046           0.001620 12.270791           0.001194 12.025560 0.001216  0.311817 0.002550  0.486534           0.002282  0.601255           0.002013           0.245231           0.001704  9.097012 10.308510  8.000093 0.016757 0.017255 0.016829 0.524131  0.000937  0.463187   0.001354 0.490790  0.010064
129.126919 19.920484 5.328779 0.170965 -35.485372 0.177767 -13.254320 0.118569 18.028818     1157.229673     1.714995 19.900084      149.755625     8.478100 16.723791     1620.473171     8.529286 1.305027         NaN       NaN 0.001609 0.061467 0.005715 0.005937    G+U 15.907318 0.006118 15.386062 0.004438 14.782319           0.004316 14.234035           0.003621 13.928442 0.004557  0.521256 0.007558  0.603743           0.006190  0.548284           0.005634           0.305594           0.005820 11.661957 13.533223 10.356930 0.069687 0.092907 0.069902 0.253385  0.003234  0.194729   0.003080 0.182054  0.027613
129.079644 19.898514 5.297977 0.070236 -35.156850 0.068096 -11.889480 0.045923 16.261760     5891.726797     5.615184 17.710575     1125.089346    20.318087 15.070155     7431.834929    23.043093 1.191606         NaN       NaN 0.001035 0.019607 0.003366 0.003522    G+U 14.338359 0.002713 13.920887 0.002104 13.399213           0.002094 12.825024           0.001594 12.569788 0.001693  0.417472 0.003433  0.521674           0.002968  0.574189           0.002631           0.255236           0.002325  9.882310 11.331125  8.690705 0.028806 0.034831 0.028984 0.441262  0.001855  0.369296   0.001684 0.377477  0.025416
129.035631 19.956990 5.310837 0.120718 -35.933623 0.128033 -13.408867 0.089558 17.289604     2286.150462     3.230154 19.183550      289.732364    12.230505 15.981726     3209.726260    12.901048 1.307878         NaN       NaN 0.001534 0.045832 0.004364 0.004626    G+U 15.130146 0.004040 14.649414 0.003015 14.058019           0.002919 13.494678           0.002306 13.198868 0.002602  0.480732 0.005041  0.591395           0.004197  0.563341           0.003720           0.295810           0.003477 10.915419 12.809365  9.607541 0.049383 0.067356 0.049551 0.323448  0.003144  0.256755   0.002947 0.228008  0.033459
129.006545 19.958658 5.227388 0.236211 -35.543414 0.236973 -13.315260 0.172329 18.596600      685.973249     1.623008 20.474724       88.211980    16.728466 17.246058     1001.693938    14.066933 1.350542         NaN       NaN 0.002569 0.205898 0.015247 0.015462    G+U 16.359648 0.007920 15.752951 0.005443 15.149170           0.005331 14.616254           0.004671 14.269692 0.005911  0.606697 0.009610  0.603781           0.007619  0.532916           0.007088           0.346561           0.007534 12.188024 14.066148 10.837482 0.098156 0.228084 0.099300 0.216128  0.004715  0.164979   0.003898 0.154660  0.039154
128.997519 20.077867 5.475569 0.101218 -35.550663 0.097527 -13.324451 0.073319 16.969326     3070.553479     5.695210 18.657642      470.284112    18.976252 15.697326     4170.882514    25.149400 1.272000         NaN       NaN 0.002014 0.043810 0.006547 0.006849    G+U 14.868294 0.003687 14.380547 0.002638 13.806345           0.002574 13.258523           0.001964 12.955886 0.002241  0.487747 0.004533  0.574202           0.003685  0.547822           0.003237           0.302637           0.002980 10.661472 12.349788  9.389472 0.040191 0.059419 0.040671 0.356197  0.002794  0.287765   0.002707 0.268016  0.036612
129.355113 20.109646 5.916733 0.307351 -36.170016 0.323922 -12.677711 0.197720 18.985899      479.277385     1.588970 20.885838       60.406266     9.023224 17.619646      710.068067     9.340807 1.366253         NaN       NaN 0.003600 0.162183 0.014283 0.014729    G+U 16.788387 0.011391 16.219004 0.007296 15.587281           0.007019 15.041300           0.006217 14.652383 0.005555  0.569384 0.013527  0.631722           0.010124  0.545981           0.009376           0.388917           0.008337 12.846309 14.746248 11.480056 0.112857 0.197552 0.113700 0.178294  0.003739  0.135066   0.002587 0.131298  0.023371
129.268254 20.103562 5.402092 0.051053 -34.833934 0.054086 -13.504960 0.035864 15.602681    10811.210435     9.502909 16.693990     2869.594688    70.994200 14.443296    13238.531546    56.706127 1.159385         NaN       NaN 0.000954 0.026861 0.004651 0.004748    G+U 13.726586 0.002006 13.446205 0.001697 12.952458           0.001686 12.394876           0.001254 12.176345 0.001069  0.280381 0.002628  0.493747           0.002392  0.557583           0.002101           0.218531           0.001648  9.265491 10.356800  8.106106 0.020544 0.033803 0.021042 0.512771  0.001257  0.451021   0.003188 0.477408  0.024758
129.093208 20.118543 5.407162 0.106440 -34.611165 0.099158 -13.222135 0.070593 17.368938     2125.061135     2.479052 19.030610      333.559409    11.672762 16.120066     2825.736346    13.312167 1.248873         NaN       NaN 0.001267 0.037995 0.005115 0.005269    G+U 15.361079 0.004887 14.881266 0.003416 14.318878           0.003379 13.759977           0.002642 13.453970 0.003269  0.479814 0.005963  0.562387           0.004805  0.558901           0.004289           0.306007           0.004203 11.033785 12.695457  9.784913 0.042764 0.057191 0.043050 0.315079  0.002826  0.249002   0.002456 0.239344  0.029389
129.084800 20.116693 5.304819 0.073502 -34.881588 0.076026 -12.989133 0.060487 16.633345     4184.165383     3.832849 18.167257      738.778135     9.071578 15.425759     5356.170209    17.189516 1.207585         NaN       NaN 0.000995 0.013332 0.003484 0.003624    G+U 14.680766 0.003386 14.262278 0.002500 13.715979           0.002471 13.162361           0.001876 12.881507 0.002160  0.418488 0.004209  0.546299           0.003515  0.553617           0.003102           0.280854           0.002861 10.256698 11.790610  9.049112 0.030104 0.032909 0.030288 0.398888  0.001860  0.326646   0.002500 0.328094  0.021508
129.066084 20.120187 5.416866 0.030203 -35.284360 0.029008 -12.876495 0.021197 14.907866    20502.201642     7.800005 15.962052     5631.135429    15.225955 13.887813    22081.741582    26.927633 1.020053   36.353220  4.340684 0.000413 0.002936 0.001324 0.001387    G+U 13.305934 0.001712 13.022420 0.001377 12.560031           0.001403 12.029199           0.001040 11.729475 0.001041  0.283514 0.002197  0.462389           0.001966  0.530832           0.001747           0.299724           0.001471  8.576606  9.630792  7.556553 0.012114 0.012458 0.012180 0.582597  0.000769  0.526630   0.000483 0.561372  0.006894
129.190342 20.123888 5.386008 0.024357 -34.437960 0.024010 -13.367099 0.016673 11.471399   485721.196192   295.598300 11.849038   248772.020164   391.947330 10.934117   335360.050009   378.360800 0.537282   34.656223  0.374513 0.000661 0.001711 0.001225 0.001392    G+U 10.742465 0.000523 10.927338 0.000518 10.594171           0.000558 10.805163           0.000574  9.948178 0.000416 -0.184873 0.000737  0.333167           0.000762 -0.210993           0.000801           0.856985           0.000709  5.127734  5.505373  4.590452 0.009842 0.009968 0.009896 0.983352  0.000906  0.958641   0.001059 0.935537  0.003210
129.187407 20.146000 5.293854 0.128105 -34.831979 0.127390 -13.243140 0.095816 17.728480     1526.002148     1.772045 19.533287      209.943371     9.633019 16.450668     2083.967196    12.786407 1.277811         NaN       NaN 0.001261 0.049818 0.006662 0.006780    G+U 15.644550 0.005850 15.175097 0.003983 14.580191           0.003892 14.024981           0.003096 13.692918 0.004012  0.469454 0.007078  0.594906           0.005569  0.555210           0.004973           0.332063           0.005068 11.347340 13.152147 10.069528 0.052562 0.072409 0.052968 0.283416  0.003350  0.219584   0.002859 0.205573  0.028734
128.729522 20.105423 5.463655 0.038984 -35.800416 0.036127 -13.302664 0.025784 15.170221    16101.204205     8.135376 16.295616     4141.621463    13.571541 14.112485    17954.122872    20.128862 1.057736   38.242504  4.829070 0.000549 0.003558 0.001217 0.001335    G+U 13.454342 0.001779 13.152027 0.001468 12.678817           0.001501 12.294232           0.001180 11.873688 0.001160  0.302315 0.002306  0.473210           0.002099  0.384584           0.001909           0.420545           0.001654  8.857637  9.983032  7.799901 0.015503 0.015897 0.015541 0.549383  0.000875  0.493466   0.004445 0.525521  0.008500
128.866693 20.196279 5.418391 0.072536 -35.290931 0.071411 -14.019394 0.051747 10.189076  1582399.059313   355.532350 10.481992   876234.007535   387.724240  9.729816  1016791.824454   321.057370 0.459261   34.793870  3.283336 0.000244 0.000480 0.000343 0.000421      G       NaN      NaN       NaN      NaN       NaN                NaN       NaN                NaN       NaN      NaN       NaN      NaN       NaN                NaN       NaN                NaN                NaN                NaN  3.858428  4.151344  3.399167 0.029070 0.029073 0.029071 1.231901  0.003736  1.208117   0.003660 1.174312  0.007247
129.090726 20.205411 5.382146 0.050773 -35.075580 0.050448 -12.775516 0.031968 15.710278     9791.190097     7.744554 17.040237     2086.038305    14.498257 14.571581    11763.213292    19.257648 1.138698         NaN       NaN 0.000859 0.007546 0.001777 0.001974    G+U 13.874884 0.002178 13.496516 0.001819 12.988639           0.001823 12.373538           0.001405 12.117320 0.001246  0.378367 0.002838  0.507877           0.002576  0.615101           0.002302           0.256218           0.001878  9.365056 10.695014  8.226358 0.020503 0.021830 0.020562 0.496833  0.001219  0.419021   0.003626 0.448733  0.014733
129.117767 20.228534 5.354398 0.015136 -35.128151 0.016160 -13.042785 0.010474 12.346547   216934.077740    79.902030 12.833710   100446.101173   144.288210 11.704664   164927.212369   136.343700 0.641883   34.457150  0.882524 0.000400 0.001560 0.000898 0.000983    G+U 11.383995 0.000689 11.334886 0.000662 11.086965           0.000737 10.831281           0.000631 10.425089 0.000444  0.049109 0.000955  0.247921           0.000991  0.255684           0.000971           0.406192           0.000772  5.990100  6.477263  5.348217 0.006151 0.006333 0.006203 0.845997  0.000504  0.830026   0.000544 0.833713  0.002686
129.171426 20.277701 5.291007 0.089277 -35.041454 0.089886 -13.749553 0.060965 16.974876     3054.894825     4.169519 18.563341      512.955947    10.758859 15.755872     3951.933697    13.202112 1.219005         NaN       NaN 0.001482 0.022772 0.003627 0.003918    G+U 15.040966 0.003843 14.597939 0.003106 13.982185           0.002951 13.454208           0.002393 13.188348 0.001931  0.443028 0.004941  0.615753           0.004284  0.527977           0.003799           0.265861           0.003075 10.592568 12.181033  9.373564 0.036670 0.043140 0.036819 0.363221  0.002325  0.291886   0.002297 0.287514  0.026755
129.175552 20.272984 5.497834 0.115019 -36.594324 0.116096 -13.354432 0.078585 17.478037     1921.903829     2.355976 19.217525      280.806345     8.246180 16.221731     2573.155251     8.386387 1.256306         NaN       NaN 0.001331 0.031884 0.003539 0.003781    G+U 15.458970 0.004745 14.969608 0.003768 14.370292           0.003623 13.847169           0.003026 13.536270 0.002414  0.489362 0.006059  0.599317           0.005227  0.523123           0.004721           0.310899           0.003871 11.178995 12.918483  9.922689 0.045448 0.055501 0.045567 0.299498  0.002274  0.233200   0.002399 0.222393  0.025039
129.145292 20.275132 5.482596 0.048719 -35.458171 0.047401 -14.403835 0.034027 15.727313     9638.766308     5.928998 17.081250     2008.709451    13.215767 14.585073    11617.936538    21.832600 1.142240         NaN       NaN 0.000668 0.007143 0.002040 0.002147    G+U 13.865107 0.002178 13.476449 0.001789 12.979613           0.001787 12.400338           0.001349 12.197319 0.001086  0.388658 0.002819  0.496836           0.002529  0.579275           0.002239           0.203019           0.001732  9.422244 10.776181  8.280004 0.019307 0.020576 0.019403 0.490123  0.001222  0.416944   0.005975 0.440177  0.014526
129.072515 20.341446 5.488239 0.051798 -34.506276 0.045201 -13.270706 0.029937  7.458282 19571952.308522  7590.665500  7.505546 13589342.206626  9858.386000  7.341169  9176781.373888  4084.742200 0.117112   32.376423  1.092736 0.000421 0.000788 0.000483 0.000641    G+H       NaN      NaN       NaN      NaN       NaN                NaN       NaN                NaN       NaN      NaN       NaN      NaN       NaN                NaN       NaN                NaN                NaN                NaN  1.155447  1.202711  1.038334 0.020499 0.020509 0.020500 2.074313  0.004105  2.049742   0.004169      NaN       NaN
129.342444 20.176952 5.283118 0.023142 -35.252857 0.023352 -13.302323 0.016310 11.253187   593843.469062   445.391700 11.601088   312594.748514   693.011540 10.746064   398779.084479   612.045400 0.507123   36.317375  0.507482 0.000814 0.002407 0.001666 0.001855    G+U 10.859709 0.000529 11.710814 0.000755 10.581859           0.000555 10.805609           0.000579  9.881807 0.000338 -0.851106 0.000922  1.128956           0.000937 -0.223750           0.000802           0.923801           0.000671  4.867639  5.215540  4.360516 0.009547 0.009812 0.009657 1.029088  0.000924  1.004198   0.001153 0.974012  0.004061
129.395896 20.223978 5.469686 0.051926 -37.156641 0.052167 -13.539745 0.037942 14.648483    26034.760290    11.932995 15.772321     6706.386434    24.860947 13.589401    29066.823936    35.361110 1.059082   42.280480  4.605017 0.000498 0.004025 0.001321 0.001411    G+U 12.947514 0.001438 12.617851 0.001214 12.120555           0.001212 11.554525           0.000945 11.320326 0.000800  0.329662 0.001882  0.497296           0.001715  0.566030           0.001536           0.234200           0.001238  8.338295  9.462133  7.279213 0.020621 0.021004 0.020657 0.599231  0.000363  0.553137   0.001352 0.576786  0.008373
129.449953 20.246765 4.684060 0.949789 -39.167224 1.091931 -13.012665 0.650876 20.435387      126.122300     0.878428 21.802532       25.965937     5.186018 18.961487      206.330607     9.803491 1.473900         NaN       NaN 0.007562 0.216847 0.051587 0.052138    G+U 18.094254 0.023971 17.250813 0.015915 16.506060           0.014229 15.942469           0.014876 15.530148 0.015871  0.843441 0.028773  0.744753           0.021348  0.563591           0.020585           0.412320           0.021753 13.788499 15.155644 12.314599 0.440375 0.490812 0.443322 0.153184  0.009092       NaN        NaN 0.119220  0.017998
129.354856 20.355467 5.380563 0.032959 -35.215779 0.033108 -13.805004 0.022247 14.797273    22700.613485     9.741328 15.866008     6151.964723    25.110954 13.765962    24704.350332    34.052643 1.031311   29.022990  4.790719 0.000466 0.004432 0.001497 0.001567    G+U 13.140667 0.001550 12.847765 0.001331 12.374352           0.001346 11.765717           0.001037 11.559529 0.000901  0.292902 0.002043  0.473413           0.001893  0.608636           0.001699           0.206187           0.001373  8.451412  9.520147  7.420101 0.013310 0.014020 0.013386 0.594043  0.000596  0.541984   0.001025 0.571669  0.008386
129.605557 20.355766 5.715606 0.187774 -36.203268 0.177795 -13.733216 0.122133 18.071062     1113.069410     1.857708 19.975367      139.723860     7.180017 16.800085     1510.512223    11.398733 1.270977         NaN       NaN 0.001812 0.055793 0.008193 0.008391    G+U 15.926481 0.006209 15.446149 0.004926 14.851829           0.004570 14.315239           0.003880 13.988617 0.003254  0.480332 0.007926  0.594320           0.006720  0.536590           0.005995           0.326622           0.005064 11.856374 13.760679 10.585397 0.071362 0.090566 0.071808 0.237670  0.003359  0.179378   0.002926 0.172048  0.024139
129.588974 20.448049 5.370599 0.026149 -34.198849 0.027738 -13.959867 0.020157 14.586514    27563.928401     7.163238 15.586896     7955.335444    17.326190 13.595594    28901.503713    19.922190 0.990920   25.344437  3.395156 0.000282 0.002365 0.000748 0.000800    G+U 13.004055 0.001462 12.754192 0.001284 12.286017           0.001321 11.704009           0.000950 11.469080 0.000875  0.249863 0.001946  0.468175           0.001842  0.582008           0.001627           0.234929           0.001291  8.236628  9.237010  7.245708 0.010576 0.010834 0.010599 0.606234  0.000672  0.567389   0.000745 0.598536  0.005534
129.533513 20.439479 5.417010 0.022107 -35.866934 0.021771 -13.341568 0.016327 11.515707   466298.449599   268.849640 11.903303   236644.116089   351.684940 10.970187   324401.834968   322.519900 0.545520   33.530373  0.606914 0.000626 0.001614 0.001079 0.001248    G+U 10.974898 0.000573 10.996298 0.000569 10.595380           0.000605 10.812640           0.000621  9.966931 0.000413 -0.021399 0.000807  0.400918           0.000831 -0.217260           0.000867           0.845709           0.000746  5.184505  5.572101  4.638985 0.008884 0.009008 0.008927 0.973898  0.000858  0.948866   0.000872 0.927621  0.003044
129.533909 20.446089 5.482580 0.038132 -36.322837 0.039813 -13.643014 0.028436 15.453122    12407.889985     8.135506 16.693665     2870.457871    18.523655 14.345189    14490.471596    24.759003 1.107933   30.396639  7.376975 0.000712 0.007006 0.001855 0.001987    G+U 13.631575 0.001971 13.315928 0.001679 12.842950           0.001720 12.245415           0.001244 11.983507 0.001162  0.315647 0.002589  0.472978           0.002404  0.597535           0.002123           0.261908           0.001702  9.148047 10.388590  8.040114 0.015119 0.016649 0.015216 0.518722  0.000847  0.457841   0.002158 0.482116  0.013248
129.530257 20.448747 5.570037 0.043491 -37.197338 0.042145 -14.810189 0.030815 15.513262    11739.297600     8.531592 16.771978     2670.702178    29.436771 14.389130    13915.737977    42.170070 1.124132         NaN       NaN 0.000789 0.011967 0.003290 0.003383    G+U 13.665030 0.002002 13.339932 0.001698 12.864248           0.001738 12.271269           0.001260 12.013139 0.001181  0.325098 0.002625  0.475683           0.002430  0.592979           0.002146           0.258130           0.001727  9.242552 10.501268  8.118420 0.016973 0.020753 0.017271 0.510178  0.000928  0.441026   0.003610 0.469160  0.017648
129.505482 20.541464 5.536462 0.199198 -36.490532 0.187051 -13.326004 0.132773 18.165060     1020.758001     1.494095 20.221825      111.349227     9.481049 16.833850     1464.258407     9.380289 1.331209         NaN       NaN 0.001589 0.092447 0.006955 0.007135    G+U 16.000198 0.006430 15.408132 0.004777 14.779056           0.004573 14.234693           0.003811 13.866869 0.002984  0.592067 0.008011  0.629076           0.006614  0.544363           0.005953           0.367824           0.004840 11.881222 13.937987 10.550012 0.078144 0.121039 0.078437 0.235153  0.003853  0.178936   0.003393 0.161415  0.029884
129.562235 20.567759 5.387575 0.032067 -35.066624 0.031902 -14.058535 0.022867 11.246682   597411.655580   454.742900 11.609264   310249.411709   457.250820 10.726621   405984.909648   391.351600 0.520061   36.718080  0.429505 0.000826 0.001600 0.001047 0.001334    G+U 10.937393 0.000556 11.297075 0.000649 10.507065           0.000576 10.839085           0.000626  9.802245 0.000378 -0.359682 0.000854  0.790010           0.000868 -0.332020           0.000850           1.036839           0.000731  4.903649  5.266231  4.383588 0.012951 0.013023 0.012967 1.022783  0.001294  0.997473   0.001434 0.967417  0.003644
129.235633 20.319388 5.019285 0.117386 -36.080753 0.116825 -14.723027 0.082447 14.757496    23547.689779    24.590197 15.996906     5453.236767    24.424883 13.617981    28311.679229    85.701294 1.139515  -41.240818  6.604328 0.001134 0.004863 0.003287 0.003477    G+U 12.924743 0.001400 12.555556 0.001155 12.039929           0.001144 11.538958           0.000881 11.145730 0.000631  0.369186 0.001815  0.515627           0.001626  0.500972           0.001444           0.393228           0.001084  8.260705  9.500115  7.121190 0.050797 0.051017 0.050890 0.600877  0.001405  0.559252   0.003263 0.570267  0.011046
129.249381 20.406454 5.421438 0.031497 -35.577067 0.030725 -13.579527 0.018840 14.238442    37981.298483    14.357225 15.152647    11867.465305    22.785570 13.293867    38160.259111    32.296900 0.944575   33.201640  3.228097 0.000410 0.002085 0.000919 0.001006    G+U 12.740801 0.001279 12.508043 0.001125 12.073586           0.001155 11.513323           0.000869 11.262632 0.000668  0.232758 0.001703  0.434457           0.001612  0.560264           0.001445           0.250690           0.001096  7.909014  8.823219  6.964439 0.012622 0.012787 0.012649 0.637899  0.000691  0.603991   0.001116 0.635134  0.004681
129.174078 20.411039 5.275959 0.020112 -34.361027 0.022603 -13.078513 0.015384 12.587242   173800.039738   109.222360 13.106230    78149.273402   173.906070 11.919379   135333.921165   194.712220 0.667863   36.083435  0.779697 0.000682 0.002416 0.001562 0.001705    G+U 11.626276 0.000758 11.588744 0.000727 11.345967           0.000816 11.076755           0.000699 10.572706 0.000476  0.037532 0.001050  0.242777           0.001093  0.269213           0.001075           0.504048           0.000846  6.198749  6.717737  5.530886 0.008306 0.008623 0.008424 0.817865  0.000654  0.802716   0.001030 0.811907  0.003355
129.334864 20.535487 5.417761 0.423657 -34.916115 0.444548 -13.950193 0.314415 18.401188      821.242394     4.735814 20.521593       84.484953     8.763109 16.929958     1340.215531    13.469440 1.471230         NaN       NaN 0.006261 0.112617 0.010912 0.012581    G+U 16.126310 0.006826 15.509018 0.004985 14.860489           0.004760 14.279926           0.003587 13.970408 0.003173  0.617292 0.008452  0.648529           0.006893  0.580563           0.005960           0.309519           0.004789 12.070287 14.190692 10.599057 0.169920 0.203755 0.170155 0.222228  0.007113  0.166096   0.005761 0.145722  0.029151
129.302377 20.544777 5.448085 0.026375 -35.930871 0.027103 -14.649741 0.017696 14.131765    41902.546040    17.517967 15.010277    13530.262608    16.533009 13.204417    41437.297319    57.841650 0.927348   35.741810  3.162639 0.000454 0.001327 0.001516 0.001582    G+U 12.701045 0.001275 12.447142 0.001087 12.005313           0.001129 11.762699           0.000903 11.186666 0.000632  0.253903 0.001675  0.441829           0.001567  0.242614           0.001446           0.576033           0.001103  7.812984  8.691496  6.885636 0.010522 0.010596 0.010621 0.647795  0.000555  0.614539   0.000786 0.646278  0.003608
129.368411 20.607863 5.647790 0.038490 -36.999630 0.036175 -14.400658 0.023210 14.732194    24102.882452    20.441767 15.797956     6549.893042    41.607240 13.699581    26261.865006    75.531876 1.032613   28.156698  9.004394 0.000921 0.006897 0.003123 0.003256    G+U 13.037067 0.001478 12.759076 0.001259 12.286848           0.001274 11.692733           0.000933 11.407715 0.000710  0.277991 0.001941  0.472228           0.001792  0.594115           0.001579           0.285018           0.001172  8.491587  9.557349  7.458974 0.014827 0.016327 0.015124 0.590919  0.000793  0.537851   0.001024 0.567944  0.010507
129.387595 20.669395 5.277640 0.138250 -34.286656 0.133452 -13.179470 0.091273 17.525097     1840.383308     2.229728 19.233446      276.718712    13.572875 16.293308     2408.991069     9.335800 1.231789         NaN       NaN 0.001315 0.053255 0.004208 0.004408    G+U 15.477602 0.004683 15.058538 0.003875 14.505552           0.003796 13.955171           0.003304 13.649261 0.003242  0.419064 0.006079  0.552986           0.005424  0.550382           0.005032           0.305909           0.004629 11.137296 12.845645  9.905507 0.056898 0.077921 0.057038 0.303431  0.003117  0.238335   0.003210 0.229165  0.033190
130.132511 20.201611 5.544484 0.021611 -36.097772 0.021399 -13.734814 0.016333 11.339547   548438.396470   350.438870 11.707273   283470.569967   424.840580 10.812229   375203.105336   359.598240 0.527318   35.135334  0.452374 0.000694 0.001627 0.001041 0.001251      G       NaN      NaN       NaN      NaN       NaN                NaN       NaN                NaN       NaN      NaN       NaN      NaN       NaN                NaN       NaN                NaN                NaN                NaN  5.058853  5.426579  4.531535 0.008492 0.008619 0.008527 0.994224  0.000792  0.970374   0.001106 0.945365  0.003140
130.033783 20.218449 5.723338 0.182639 -36.776728 0.178643 -12.897302 0.122008 18.186068     1001.196718     1.512999 20.329664      100.821069    10.080524 16.823648     1478.084166    10.970933 1.362419         NaN       NaN 0.001641 0.108557 0.008059 0.008224    G+U 15.956325 0.006422 15.325930 0.004707 14.672011           0.004267 14.120176           0.003510 13.773111 0.002893  0.630395 0.007962  0.653918           0.006353  0.551835           0.005525           0.347065           0.004549 11.974315 14.117911 10.611895 0.069314 0.128788 0.069762 0.228787  0.003405  0.174655   0.003039 0.152598  0.030155
130.218492 20.266463 5.318598 0.019860 -35.108456 0.020246 -12.873143 0.016137  8.428864  8005727.630833  1921.379600  8.550080  5192599.517176  3801.121000  8.190776  4196119.875454  1876.825800 0.238089   32.033302  0.641756 0.000261 0.000795 0.000486 0.000551      G       NaN      NaN       NaN      NaN       NaN                NaN       NaN                NaN       NaN      NaN       NaN      NaN       NaN                NaN       NaN                NaN                NaN                NaN  2.057850  2.179066  1.819762 0.008113 0.008147 0.008123 1.750977  0.001672  1.728305   0.001479      NaN       NaN
130.110548 20.253594 5.362092 0.038426 -34.890233 0.039737 -13.448370 0.027795 15.656171    10291.495744     4.968142 16.937038     2294.042394     7.053443 14.531724    12203.055449    16.218863 1.124447         NaN       NaN 0.000524 0.003338 0.001443 0.001535    G+U 13.862928 0.002221 13.506207 0.001878 13.011460           0.001888 12.409531           0.001344 12.174636 0.001088  0.356721 0.002908  0.494747           0.002663  0.601930           0.002318           0.234895           0.001729  9.302842 10.583709  8.178395 0.015570 0.015915 0.015628 0.503898  0.000808  0.430035   0.003863 0.460800  0.009541
130.157689 20.338241 5.367459 0.022814 -35.796284 0.023964 -13.117673 0.016073 14.372905    33557.124538     8.434514 15.306706    10297.561232    16.447817 13.415420    34118.523926    25.113777 0.957485   37.402924  3.692424 0.000273 0.001734 0.000799 0.000844    G+U 12.865440 0.001381 12.614061 0.001222 12.168611           0.001261 11.606867           0.000899 11.439331 0.000739  0.251379 0.001844  0.445451           0.001756  0.561744           0.001549           0.167536           0.001164  8.021749  8.955550  7.064264 0.009234 0.009391 0.009264 0.627548  0.000477  0.591280   0.001134 0.623513  0.004351
130.044023 20.347292 5.724990 0.310088 -34.721824 0.342433 -14.118154 0.210606 18.966620      487.864505     1.265496 20.999643       54.395053     8.807309 17.565046      746.689479    15.566836 1.401573         NaN       NaN 0.002816 0.175796 0.022635 0.022810    G+U 16.719843 0.009805 16.028664 0.006893 15.334543           0.005991 14.766617           0.005311 14.393160 0.004513  0.691179 0.011985  0.694120           0.009133  0.567926           0.008006           0.373457           0.006969 12.755494 14.788517 11.353920 0.117649 0.211512 0.119774 0.182260  0.004067  0.137867   0.002801 0.129518  0.024728
130.336786 20.346501 5.182016 0.043163 -34.898111 0.045010 -13.552461 0.032260 15.728292     9630.074288     4.401353 16.993118     2178.561428    10.091220 14.610549    11348.502530    16.691675 1.117744         NaN       NaN 0.000496 0.005029 0.001597 0.001672    G+U 13.963136 0.002329 13.591798 0.001908 13.094549           0.001922 12.512768           0.001440 12.300162 0.001400  0.371338 0.003011  0.497249           0.002708  0.581781           0.002402           0.212605           0.002009  9.300786 10.565612  8.183043 0.018094 0.018773 0.018157 0.504467  0.000939  0.430035   0.003863 0.462916  0.011571
130.295932 20.377293 5.465527 0.033836 -36.790685 0.034319 -14.612944 0.023927 15.145090    16478.237555     7.385654 16.306036     4102.061648    13.215515 14.079112    18514.555008    20.521290 1.065978   39.476944  4.539658 0.000487 0.003498 0.001203 0.001298    G+U 13.435458 0.001802 13.118593 0.001512 12.632586           0.001532 12.044741           0.001126 11.818150 0.001051  0.316865 0.002352  0.486008           0.002153  0.587845           0.001902           0.226590           0.001540  8.833250  9.994196  7.767272 0.013452 0.013891 0.013497 0.550672  0.000784  0.493466   0.004445 0.524748  0.008573
130.195316 20.474713 5.205811 0.152659 -35.650791 0.154285 -14.605466 0.111168 15.168838    16121.720135    16.005154 16.345060     3957.246074    16.172600 14.030667    19359.376467    47.263905 1.138171   36.123383  4.915319 0.001078 0.004437 0.002651 0.002861    G+U 13.380938 0.001756 13.014583 0.001464 12.516878           0.001489 11.926667           0.001062 11.698348 0.001002  0.366355 0.002286  0.497704           0.002088  0.590211           0.001829           0.228319           0.001461  8.751280  9.927502  7.613109 0.063687 0.063832 0.063733 0.561237  0.004185  0.503724   0.007158 0.526482  0.011863
130.184241 20.471796 5.104202 0.035867 -37.553488 0.037817 -12.301060 0.025357 13.521625    73501.616799   122.771220 14.469406    22266.635820   155.744890 12.545716    76010.183650   298.080500 0.975908   37.841820  4.345455 0.001814 0.007594 0.004258 0.004628    G+U 11.976307 0.000911 11.667218 0.000780 11.213643           0.000812 10.898447           0.000646 10.410978 0.000513  0.309089 0.001200  0.453575           0.001126  0.315196           0.001037           0.487469           0.000825  7.061264  8.009045  6.085355 0.015366 0.017044 0.015842 0.716617  0.000921  0.692166   0.001079 0.703402  0.008833
130.260755 20.457649 5.399413 0.015169 -36.817493 0.015200 -14.148981 0.010684 12.084126   276246.407821   156.084600 12.539380   131723.967337   293.789030 11.469791   204758.291166   312.352170 0.614334   34.257580  0.851900 0.000613 0.002422 0.001656 0.001766    G+U 11.262017 0.000657 11.290028 0.000651 10.957771           0.000711 10.842247           0.000634 10.266102 0.000466 -0.028010 0.000925  0.332256           0.000964  0.115524           0.000953           0.576145           0.000786  5.745858  6.201113  5.131524 0.006131 0.006563 0.006321 0.882268  0.000560  0.863557   0.000960 0.860117  0.003321
130.271983 20.473418 5.273090 0.025246 -35.997246 0.028494 -13.419590 0.019238 14.401893    32673.049122    12.122635 15.333899    10042.858480    19.844658 13.445855    33175.399388    29.093885 0.956037   38.434395  4.388381 0.000403 0.002145 0.000952 0.001034    G+U 12.916542 0.001414 12.637743 0.001217 12.191079           0.001260 11.595646           0.000910 11.391543 0.000824  0.278799 0.001866  0.446664           0.001752  0.595433           0.001554           0.204103           0.001227  8.012219  8.944225  7.056181 0.010404 0.010615 0.010440 0.628401  0.000533  0.592496   0.000621 0.624530  0.004828
130.239462 20.478115 5.532068 0.194634 -36.321901 0.209354 -12.098317 0.132072 18.398144      823.549220     1.461657 20.402775       94.255515     9.310050 17.101847     1143.982798     7.139095 1.296297         NaN       NaN 0.001927 0.107243 0.006776 0.007044    G+U 16.290087 0.007696 15.724059 0.005743 15.105509           0.005271 14.556871           0.004871 14.220403 0.005182  0.566028 0.009603  0.618550           0.007795  0.548637           0.007177           0.336469           0.007112 12.112582 14.117213 10.816285 0.076423 0.131673 0.076698 0.218434  0.003558  0.165345   0.002863 0.154980  0.028961
130.198933 20.479901 5.431092 0.054140 -36.990214 0.055236 -14.064584 0.037230 15.965350     7741.168787     5.857191 17.432035     1454.128009    10.660701 14.782130     9689.608148    19.917995 1.183220         NaN       NaN 0.000821 0.007960 0.002232 0.002378    G+U 14.032021 0.002393 13.614200 0.001947 13.091063           0.001952 12.494813           0.001416 12.251173 0.001377  0.417821 0.003085  0.523137           0.002757  0.596250           0.002411           0.243640           0.001975  9.639786 11.106471  8.456566 0.021662 0.023063 0.021761 0.464328  0.001283  0.388903   0.002157 0.402939  0.016381
129.924970 20.295808 5.443864 0.081125 -36.191100 0.085226 -12.027594 0.056033 17.054750     2838.221335     4.534846 18.801690      411.851735    13.329992 15.793821     3816.186687    19.011242 1.260929         NaN       NaN 0.001735 0.035141 0.005409 0.005680    G+U 14.979863 0.003806 14.503902 0.002956 13.928870           0.002832 13.386147           0.002265 13.118881 0.002304  0.475961 0.004819  0.575032           0.004094  0.542724           0.003627           0.267265           0.003231 10.734286 12.481226  9.473357 0.032406 0.047770 0.032808 0.346235  0.002350  0.278374   0.002188 0.257503  0.031975
130.005427 20.372871 5.322954 0.174863 -34.992569 0.187022 -12.853656 0.132576 18.312014      891.541615     1.915861 20.120934      122.192169     7.383518 17.006851     1248.584166    11.963311 1.305162         NaN       NaN 0.002333 0.065606 0.010403 0.010661    G+U 16.213009 0.007227 15.679053 0.005618 15.074261           0.005159 14.526620           0.004489 14.205547 0.003920  0.533956 0.009153  0.604793           0.007627  0.547641           0.006839           0.321073           0.005960 11.942778 13.751698 10.637615 0.071373 0.096916 0.072089 0.234116  0.003366  0.176852   0.002902 0.170558  0.025257
130.041599 20.418892 5.537973 0.027673 -36.200923 0.029880 -14.299106 0.019944 14.657826    25811.664874    12.404099 15.824147     6393.782542    11.865875 13.585366    29175.062043    34.490086 1.072460   26.444645  5.324113 0.000522 0.002015 0.001284 0.001386    G+U 12.939679 0.001435 12.601262 0.001210 12.111275           0.001233 11.516129           0.000868 11.292737 0.000797  0.338417 0.001877  0.489987           0.001728  0.595145           0.001508           0.223392           0.001179  8.374580  9.540901  7.302120 0.010863 0.011036 0.010927 0.597188  0.000355  0.547812   0.000613 0.569473  0.006091
129.860948 20.431150 5.304671 0.063523 -35.766529 0.061484 -13.041140 0.043514 16.380161     5283.016432     3.395664 17.928490      920.494103    13.506088 15.160010     6841.544961    16.942505 1.220151         NaN       NaN 0.000698 0.015931 0.002689 0.002778    G+U 14.376803 0.002810 13.946599 0.002244 13.407045           0.002208 12.859984           0.001720 12.595857 0.001607  0.430204 0.003596  0.539554           0.003148  0.547061           0.002799           0.264128           0.002354 10.003453 11.551782  8.783302 0.026012 0.030495 0.026142 0.426006  0.001677  0.354687   0.000854 0.352810  0.023949
129.792171 20.408322 5.520692 0.018590 -36.820357 0.018632 -13.830032 0.013295 13.751353    59484.698677    17.608680 14.557860    20524.510927    30.059060 12.874062    56173.760283    44.814198 0.877292   32.719470  2.271974 0.000321 0.001590 0.000866 0.000924    G+U 12.371383 0.001093 12.176952 0.000973 11.735561           0.001006 11.201089           0.000753 11.011464 0.000682  0.194430 0.001463  0.441391           0.001400  0.534472           0.001257           0.189625           0.001016  7.461321  8.267828  6.584030 0.007319 0.007483 0.007363 0.680227  0.000387  0.651977   0.000455 0.682383  0.003547
129.969168 20.512826 5.337602 0.054059 -34.413556 0.056304 -13.019234 0.036288 16.221762     6112.829152     4.699149 17.688095     1148.626042    12.597993 15.023167     7760.535698    19.241392 1.198595         NaN       NaN 0.000835 0.011908 0.002692 0.002818    G+U 14.241277 0.002600 13.842416 0.002122 13.307323           0.002098 12.714152           0.001577 12.471473 0.001489  0.398861 0.003356  0.535092           0.002984  0.593171           0.002625           0.242680           0.002169  9.858493 11.324826  8.659898 0.022008 0.025009 0.022157 0.443075  0.001383  0.370196   0.001210 0.377856  0.019996
129.931526 20.494276 5.482228 0.061557 -35.398382 0.063256 -13.231809 0.041498 16.504341     4712.056900     5.097133 18.037157      832.825578    10.192452 15.303055     5997.031447    15.256213 1.201286         NaN       NaN 0.001174 0.013288 0.002762 0.003001    G+U 14.543323 0.003017 14.138661 0.002453 13.604503           0.002418 13.026654           0.001865 12.763710 0.001779  0.404661 0.003888  0.534159           0.003444  0.577848           0.003054           0.262944           0.002578 10.199126 11.731942  8.997840 0.024410 0.027768 0.024538 0.404943  0.001546  0.331294   0.002107 0.334917  0.021438
129.882217 20.535782 4.922281 0.347896 -36.267904 0.326934 -12.863568 0.215548 19.229021      383.122869     1.126925 21.342422       39.668727     6.815745 17.854700      571.844435    11.116057 1.374321         NaN       NaN 0.003194 0.186547 0.021106 0.021346    G+U 16.977797 0.011496 16.410551 0.008386 15.787427           0.007472 15.214971           0.007507 14.892814 0.008469  0.567245 0.014230  0.623124           0.011232  0.572456           0.010592           0.322157           0.011317 12.689853 14.803254 11.315532 0.153508 0.241567 0.154919 0.184466  0.005189  0.138884   0.003596 0.129880  0.026391
130.145452 20.601005 5.751928 0.163188 -37.351675 0.163749 -14.033887 0.113423 18.034233     1151.472545     1.910563 20.049593      130.490781    10.996755 16.732939     1606.875921    11.826809 1.301294         NaN       NaN 0.001801 0.091497 0.007991 0.008192    G+U 15.908330 0.006120 15.364794 0.004663 14.770135           0.004423 14.228517           0.003808 13.899225 0.004168  0.543536 0.007694  0.594659           0.006427  0.541618           0.005837           0.329291           0.005646 11.833300 13.848660 10.532006 0.061633 0.110305 0.062123 0.239239  0.003220  0.183531   0.002915 0.166754  0.030663
129.976193 20.560151 5.391949 0.019840 -35.589926 0.017879 -13.643240 0.013353  9.243944  3778933.105545   588.912600  9.440454  2286839.298103   601.942500  8.902309  2178885.555184   586.854000 0.341635   35.110603  0.526376 0.000169 0.000286 0.000292 0.000338      G       NaN      NaN       NaN      NaN       NaN                NaN       NaN                NaN       NaN      NaN       NaN      NaN       NaN                NaN       NaN                NaN                NaN                NaN  2.902673  3.099183  2.561038 0.007992 0.007995 0.007995 1.474396  0.001327  1.452722   0.001113      NaN       NaN
129.963515 20.580478 5.492403 0.033635 -35.770650 0.034792 -13.600629 0.022356 15.087264    17379.652638    13.864230 16.269127     4243.908264    21.768873 13.999619    19920.981727    41.648950 1.087646  -27.708294  8.658193 0.000866 0.005569 0.002270 0.002430    G+U 13.243143 0.001607 12.927562 0.001365 12.434303           0.001382 11.829659           0.001002 11.619880 0.000911  0.315581 0.002108  0.493258           0.001942  0.604645           0.001707           0.209779           0.001354  8.786076  9.967939  7.698431 0.013326 0.014417 0.013490 0.555577  0.000875  0.493466   0.004445 0.526362  0.010953
130.093220 20.640805 5.523036 0.022093 -36.711004 0.021281 -13.439813 0.015417 14.190178    39707.789403    15.965417 15.099974    12457.399381    30.637728 13.250424    39718.084939    50.000670 0.939754   26.978859  4.332320 0.000437 0.002670 0.001367 0.001435    G+U 12.710861 0.001254 12.464618 0.001146 12.021497           0.001167 11.434960           0.000824 11.295915 0.000684  0.246243 0.001699  0.443121           0.001636  0.586536           0.001429           0.139046           0.001071  7.901067  8.810863  6.961313 0.008697 0.009087 0.008793 0.638692  0.000495  0.604540   0.000629 0.636330  0.005175
130.070445 20.700116 5.792872 0.193476 -35.286353 0.164163 -13.656893 0.120920 18.386951      832.081649     1.675607 20.241960      109.303094     7.850699 17.074432     1173.235797    11.636403 1.312519         NaN       NaN 0.002186 0.077983 0.010769 0.010988    G+U 16.222004 0.007140 15.702939 0.006001 15.078450           0.005097 14.530072           0.004366 14.196587 0.003779  0.519065 0.009327  0.624489           0.007874  0.548378           0.006711           0.333486           0.005775 12.201421 14.056430 10.888902 0.072558 0.106495 0.073320 0.215041  0.003150  0.161573   0.002458 0.156476  0.024105
130.070246 20.711665 5.353802 0.071521 -35.079029 0.069621 -13.003811 0.050163 16.796015     3601.975542     5.702237 18.394266      599.391256    10.543380 15.570888     4686.009600    31.794247 1.225127         NaN       NaN 0.001719 0.019098 0.007367 0.007565    G+U 14.760696 0.003311 14.345294 0.002843 13.786425           0.002670 13.234203           0.002034 13.079978 0.001805  0.415402 0.004364  0.558869           0.003900  0.552221           0.003357           0.154225           0.002719 10.439327 12.037578  9.214200 0.029059 0.034731 0.029929 0.378890  0.001833  0.306945   0.001707 0.301603  0.025445
130.406399 20.533434 4.947982 0.239646 -37.018577 0.271597 -14.516235 0.172625 18.563623      707.127240     1.327816 20.597858       78.754199     6.750301 17.236230     1010.802236     8.989452 1.327393         NaN       NaN 0.002039 0.093062 0.009656 0.009869    G+U 16.415990 0.008267 15.812795 0.006011 15.207974           0.005566 14.662801           0.005255 14.318082 0.005666  0.603196 0.010221  0.604820           0.008193  0.545174           0.007655           0.344719           0.007728 12.035764 14.069999 10.708371 0.105191 0.140433 0.105613 0.223557  0.004626  0.167832   0.003807 0.155788  0.027986
130.425113 20.568859 5.438041 0.153097 -36.733091 0.173469 -12.879723 0.116818 17.912872     1287.650797     1.597909 19.774748      168.080635     7.145547 16.614414     1792.225255    10.384171 1.298458         NaN       NaN 0.001347 0.046157 0.006291 0.006433    G+U 15.786230 0.005793 15.259515 0.004402 14.690633           0.004215 14.117767           0.003636 13.807606 0.003815  0.526715 0.007276  0.568882           0.006095  0.572866           0.005567           0.310162           0.005270 11.590084 13.451960 10.291626 0.061148 0.076602 0.061456 0.258789  0.003194  0.199074   0.002732 0.186801  0.024678
130.473369 20.621063 5.435900 0.199813 -37.410982 0.236227 -13.595075 0.166721 18.178432     1008.262161     1.361652 20.065876      128.548325     6.016561 16.880764     1402.338889     9.583952 1.297668         NaN       NaN 0.001466 0.050817 0.007420 0.007564    G+U 16.052880 0.006628 15.529228 0.004951 14.918810           0.004689 14.391027           0.004174 14.105511 0.003545  0.523651 0.008274  0.610418           0.006819  0.527783           0.006277           0.285516           0.005476 11.854789 13.742233 10.557121 0.079833 0.094622 0.080163 0.238749  0.003646  0.179708   0.003156 0.171676  0.023122
130.322708 20.542445 5.439435 0.095940 -36.530215 0.102267 -13.097292 0.069904 17.062208     2818.795798     3.916539 18.696148      453.897633     9.804164 15.818279     3731.181341    11.898589 1.243929         NaN       NaN 0.001509 0.023452 0.003462 0.003777    G+U 15.055038 0.003927 14.555063 0.003055 14.015069           0.002996 13.443228           0.002400 13.136468 0.002344  0.499975 0.004975  0.539994           0.004279  0.571841           0.003839           0.306760           0.003355 10.739977 12.373917  9.496048 0.038330 0.044910 0.038456 0.346809  0.002573  0.276222   0.002389 0.267461  0.026133
130.401919 20.567835 5.509446 0.097321 -37.967666 0.103360 -14.053977 0.071414 17.140290     2623.195758     3.001932 18.837366      398.538782     6.078701 15.886979     3502.407417    14.435709 1.253310         NaN       NaN 0.001242 0.016560 0.004475 0.004644    G+U 15.094233 0.004022 14.611598 0.003141 14.049516           0.003048 13.487055           0.002466 13.191151 0.002445  0.482635 0.005103  0.562082           0.004377  0.562461           0.003921           0.295904           0.003473 10.845830 12.542906  9.592519 0.038378 0.041780 0.038618 0.332749  0.002468  0.262346   0.002232 0.252187  0.021211
130.433743 20.604407 5.431695 0.089946 -35.793773 0.097799 -13.448623 0.068194 16.841192     3455.174908     3.884431 18.462273      562.999016     7.376228 15.606036     4536.738186    14.220856 1.235156         NaN       NaN 0.001221 0.014225 0.003403 0.003616    G+U 14.850075 0.003558 14.390747 0.002805 13.826791           0.002729 13.263234           0.002166 12.980890 0.002124  0.459328 0.004531  0.563956           0.003913  0.563557           0.003484           0.282344           0.003034 10.515869 12.136950  9.280713 0.035979 0.038670 0.036119 0.370073  0.002175  0.297487   0.002155 0.290960  0.021863
130.416545 20.672139 5.363669 0.024175 -35.883831 0.024863 -13.556758 0.018374  9.528989  2906371.958912   451.254460  9.741410  1733216.136571   512.736940  9.167582  1706575.046720   396.922550 0.361407   35.205833  0.222067 0.000169 0.000321 0.000253 0.000304    G+U 11.675343 0.000798 11.676908 0.000790 10.450724           0.000561 10.777483           0.000615  9.601994 0.000353 -0.001566 0.001124  1.226185           0.000969 -0.326759           0.000832           1.175488           0.000709  3.176299  3.388720  2.814892 0.009789 0.009793 0.009791 1.398778  0.001491  1.375555   0.001585 1.359266  0.003113
130.308371 20.741527 5.408392 0.054893 -36.528603 0.054946 -14.489928 0.039928 16.015604     7391.028482     6.240263 17.639221     1201.512438    19.736774 14.774151     9761.082607    19.068615 1.241453         NaN       NaN 0.000917 0.017835 0.002121 0.002311    G+U 13.965766 0.002301 13.527450 0.001857 12.955337           0.001779 12.383924           0.001342 12.106509 0.001258  0.438316 0.002957  0.572113           0.002572  0.571412           0.002229           0.277415           0.001840  9.680945 11.304562  8.439492 0.022058 0.028352 0.022141 0.459226  0.001397  0.383017   0.002020 0.378642  0.026364
130.329936 20.777493 5.333878 0.039088 -35.378303 0.040656 -14.365902 0.029572 13.043163   114204.017244    39.634983 13.666438    46648.919759    69.072075 12.290748    96130.022880    84.141160 0.752416   34.483090  1.178092 0.000377 0.001608 0.000950 0.001022    G+U 11.901268 0.000879 11.745624 0.000810 11.374161           0.000856 10.921361           0.000663 10.686373 0.000595  0.155644 0.001196  0.371463           0.001178  0.452800           0.001082           0.234988           0.000891  6.678378  7.301653  5.925963 0.015918 0.015994 0.015942 0.760408  0.000961  0.741037   0.001217 0.762320  0.003176
130.317780 20.815165 5.401848 0.274648 -37.132087 0.285082 -13.987324 0.231549 18.715912      614.585392     1.203062 20.696598       71.908070     8.769300 17.384882      881.465385     9.465724 1.331030         NaN       NaN 0.002125 0.132407 0.011659 0.011851    G+U 16.511587 0.008745 15.975929 0.006493 15.307216           0.005715 14.767513           0.005362 14.391359 0.006090  0.535658 0.010892  0.668714           0.008650  0.539702           0.007836           0.376154           0.008114 12.378624 14.359310 11.047594 0.110425 0.172398 0.111019 0.202346  0.004245  0.151973   0.003433 0.144346  0.027892
130.496677 20.918598 5.337349 0.026520 -35.855353 0.026808 -13.161277 0.020917 11.109174   678074.040411   279.304530 11.444510   361087.768237   393.942750 10.610855   451664.515183   324.831240 0.498319   33.367752  0.282376 0.000447 0.001185 0.000781 0.000900      G       NaN      NaN       NaN      NaN       NaN                NaN       NaN                NaN       NaN      NaN       NaN      NaN       NaN                NaN       NaN                NaN                NaN                NaN  4.745802  5.081138  4.247483 0.010799 0.010854 0.010818 1.051226  0.001199  1.026811   0.001237 0.993737  0.003270
130.521415 20.965652 5.394755 0.030434 -35.932542 0.033204 -13.449791 0.024428 14.977529    19228.053020     6.288555 16.265833     4256.802555    10.254701 13.856915    22719.155185    26.055037 1.120613   48.372074  2.933820 0.000355 0.002616 0.001245 0.001295    G+U 13.137983 0.001545 12.811001 0.001295 12.309687           0.001320 11.752492           0.000974 11.514888 0.000769  0.326983 0.002016  0.501314           0.001849  0.557195           0.001641           0.237604           0.001241  8.637388  9.925692  7.516774 0.012255 0.012526 0.012313 0.568769  0.000844  0.515060   0.002547 0.530733  0.007983
130.348642 20.939436 5.421793 0.326350 -36.532639 0.319385 -13.690862 0.186260 18.583113      694.547492     1.244852 20.325634      101.195954     7.414301 17.279345      971.449284    12.105347 1.303768         NaN       NaN 0.001946 0.079548 0.013529 0.013669    G+U 16.424852 0.008038 15.904814 0.006191 15.272723           0.005607 14.739542           0.005278 14.406076 0.005824  0.520039 0.010146  0.632091           0.008353  0.533181           0.007701           0.333467           0.007860 12.253828 13.996349 10.950060 0.130720 0.153010 0.131404 0.214694  0.005124  0.159729   0.003995 0.158982  0.024522
129.766252 20.567252 5.649645 0.047324 -37.705708 0.047284 -14.096797 0.034435 15.918910     8079.465447     5.948455 17.366621     1544.430017    10.848392 14.743078    10044.470917    21.254597 1.175832         NaN       NaN 0.000799 0.007626 0.002297 0.002433    G+U 13.983688 0.002305 13.595758 0.001890 13.071014           0.001878 12.497322           0.001422 12.244158 0.001297  0.387930 0.002981  0.524744           0.002664  0.573692           0.002355           0.253164           0.001924  9.679016 11.126727  8.503184 0.018207 0.019723 0.018334 0.460965  0.001085  0.382895   0.001936 0.401039  0.015820
129.691939 20.576714 5.363167 0.015363 -35.549713 0.015367 -13.445146 0.010959 12.168027   255703.138445   124.119600 12.629104   121276.104411   220.498300 11.550658   190061.774727   244.045850 0.617369   34.484410  0.772211 0.000527 0.001974 0.001394 0.001490    G+U 11.237747 0.000635 11.160931 0.000606 10.854524           0.000673 10.770252           0.000599 10.321029 0.000485  0.076817 0.000878  0.306407           0.000905  0.084271           0.000901           0.449224           0.000771  5.815134  6.276211  5.197765 0.006243 0.006526 0.006375 0.871630  0.000559  0.854172   0.000524 0.852817  0.002992
129.690202 20.662157 5.418149 0.107151 -35.751180 0.110622 -13.136184 0.082573 17.540830     1813.906366     2.328315 19.266266      268.479291    15.914566 16.291267     2413.522389    13.487704 1.249563         NaN       NaN 0.001394 0.064359 0.006068 0.006226    G+U 15.444375 0.004763 15.019814 0.003940 14.426764           0.003698 13.901698           0.003028 13.578569 0.002566  0.424561 0.006181  0.593050           0.005403  0.525065           0.004779           0.323129           0.003969 11.210085 12.935521  9.960522 0.042966 0.077371 0.043370 0.297906  0.002423  0.235054   0.002577 0.221486  0.035074
129.883323 20.655592 5.485551 0.226460 -37.928127 0.216136 -12.268162 0.157212 11.832410   348323.510280   171.320110 12.346107   157388.927307   212.046500 11.150916   274657.741667   217.047060 0.681494   34.068874  0.460940 0.000534 0.001463 0.000858 0.001011    G+U 10.896042 0.000547 10.944857 0.000549 10.668271           0.000608 10.491055           0.000529  9.792397 0.000376 -0.048815 0.000775  0.276586           0.000819  0.177217           0.000806           0.698658           0.000649  5.528511  6.042208  4.847017 0.089646 0.089657 0.089649 0.915364  0.008079  0.893409   0.007512 0.877054  0.009850
129.863464 20.732998 5.598323 0.290704 -35.199846 0.267848 -14.376296 0.182264 18.833044      551.732780     1.518414 20.847761       62.562302     7.630839 17.492964      797.944281    12.675161 1.340080         NaN       NaN 0.002988 0.132429 0.017247 0.017504    G+U 16.589651 0.009280 16.016540 0.006867 15.352250           0.006080 14.808319           0.005822 14.450128 0.006770  0.573111 0.011544  0.664290           0.009171  0.543931           0.008418           0.358191           0.008929 12.573334 14.588051 11.233254 0.112797 0.173931 0.114069 0.191061  0.003936  0.143437   0.002809 0.136641  0.024556
129.825049 20.739209 5.432788 0.036983 -35.768350 0.038321 -12.898645 0.026648 15.431396    12658.674797     8.259714 16.644695     3002.886668    14.848689 14.340096    14558.603950    25.909159 1.091300   43.817806  4.325820 0.000708 0.005369 0.001932 0.002058    G+U 13.673847 0.002005 13.356405 0.001704 12.861629           0.001705 12.261809           0.001267 12.044266 0.001235  0.317442 0.002631  0.494776           0.002410  0.599820           0.002124           0.217544           0.001769  9.106510 10.319809  8.015210 0.014799 0.015727 0.014908 0.523037  0.000838  0.463172   0.001364 0.490086  0.011339
129.839608 20.758073 5.507418 0.017927 -36.110232 0.019347 -10.575506 0.012101 11.719687   386430.883550   133.436310 12.129203   192192.268580   153.235060 11.148145   275359.602464   174.700710 0.571543   34.630140  0.840061 0.000375 0.000866 0.000689 0.000784    G+U 11.097853 0.000602 11.191507 0.000618 10.902291           0.000682 10.793609           0.000618 10.088029 0.000439 -0.093655 0.000863  0.289216           0.000920  0.108683           0.000920           0.705580           0.000757  5.424427  5.833943  4.852885 0.007078 0.007121 0.007102 0.932519  0.000624  0.909516   0.000925 0.897568  0.002115
129.842139 20.799484 5.162072 0.113959 -34.751834 0.110625 -13.807465 0.075391 17.379652     2104.196480     2.146498 19.106516      311.036021    11.291093 16.102955     2870.622769    14.916402 1.276697         NaN       NaN 0.001108 0.039414 0.005642 0.005749    G+U 15.269094 0.004410 14.784304 0.003456 14.197776           0.003271 13.646998           0.002709 13.321066 0.002837  0.484791 0.005603  0.586528           0.004758  0.550777           0.004247           0.325933           0.003923 10.943772 12.670636  9.667075 0.047951 0.062061 0.048269 0.323448  0.003001  0.256129   0.002799 0.239956  0.031100
129.860455 20.862325 5.313207 0.176369 -35.319832 0.180336 -14.799064 0.124613 18.211275      978.220959     1.885954 19.901070      149.619762    13.142832 16.919949     1352.628073    13.254585 1.291327         NaN       NaN 0.002093 0.095373 0.010639 0.010843    G+U 16.039711 0.006583 15.574031 0.005255 14.979990           0.004898 14.412452           0.004415 14.082362 0.004805  0.465680 0.008423  0.594041           0.007184  0.567538           0.006594           0.330090           0.006525 11.838059 13.527854 10.546733 0.072111 0.119547 0.072862 0.243206  0.003554  0.186495   0.003354 0.182111  0.032165
129.510135 20.621178 5.401618 0.195815 -35.798689 0.185624 -13.496895 0.135826 18.224903      966.018179     1.772880 19.989838      137.873800    12.199097 16.889593     1390.980225    15.173745 1.335310         NaN       NaN 0.001993 0.096066 0.011844 0.012010    G+U 16.070965 0.006743 15.535311 0.005097 14.913262           0.004732 14.400892           0.004205 14.083604 0.004632  0.535654 0.008453  0.622048           0.006955  0.512370           0.006331           0.317288           0.006256 11.887523 13.652458 10.552213 0.078743 0.124198 0.079604 0.239669  0.003936  0.182914   0.003618 0.173936  0.031389
129.519092 20.659720 5.548410 0.093585 -35.410302 0.093025 -13.965357 0.065233 16.958553     3101.168265     3.830346 18.590620      500.228593    12.341565 15.723049     4073.227354    13.951822 1.235504         NaN       NaN 0.001341 0.026787 0.003719 0.003953    G+U 14.950394 0.003740 14.515023 0.003074 13.936105           0.002913 13.376295           0.002257 12.987316 0.001753  0.435370 0.004842  0.578918           0.004235  0.559810           0.003684           0.388979           0.002858 10.679396 12.311463  9.443892 0.036651 0.045377 0.036815 0.353422  0.002430  0.283080   0.002343 0.274010  0.028418
129.599255 20.727950 5.333774 0.022183 -35.780630 0.023537 -13.246330 0.016229 14.241891    37860.849905    12.570828 15.155042    11841.319256    22.064629 13.296468    38068.981349    24.470264 0.945423   33.184390  2.909635 0.000360 0.002023 0.000698 0.000786    G+U 12.739258 0.001274 12.505330 0.001156 12.062028           0.001188 11.512823           0.000857 11.287480 0.000681  0.233928 0.001721  0.443302           0.001658  0.549205           0.001465           0.225343           0.001094  7.877064  8.790215  6.931641 0.009038 0.009255 0.009058 0.640995  0.000515  0.607690   0.000637 0.637904  0.004540
129.641967 20.774741 5.234334 0.107518 -36.682939 0.111973 -14.117411 0.084212 17.314920     2233.460294     2.707976 19.003082      342.124408    14.621946 16.072798     2951.476813    10.271347 1.242123         NaN       NaN 0.001316 0.046403 0.003778 0.004001    G+U 15.275643 0.004369 14.839429 0.003612 14.266320           0.003436 13.707048           0.002737 13.448837 0.002359  0.436214 0.005669  0.573109           0.004985  0.559272           0.004393           0.258211           0.003613 10.909227 12.597389  9.667105 0.044623 0.064364 0.044764 0.327322  0.003021  0.260869   0.002788 0.248258  0.034246
129.454859 20.785170 5.732131 0.293632 -37.437744 0.291241 -14.190614 0.217873 18.837168      549.641775     1.341338 20.855011       62.145909     6.964651 17.500343      792.539179    11.225111 1.336824         NaN       NaN 0.002650 0.121678 0.015378 0.015604    G+U 16.615830 0.008880 16.052269 0.006769 15.440684           0.006547 14.880935           0.006207 14.512683 0.006412  0.563561 0.011166  0.611585           0.009417  0.559750           0.009021           0.368252           0.008924 12.628748 14.646591 11.291923 0.111267 0.164860 0.112293 0.188092  0.003789  0.141129   0.002605 0.135006  0.022688
129.457484 20.794594 5.294755 0.156043 -36.134198 0.152575 -14.244451 0.111970 17.897324     1306.221857     2.310079 19.797922      164.531115     9.457096 16.590780     1831.666725    11.791855 1.306543         NaN       NaN 0.001920 0.062407 0.006990 0.007249    G+U 15.741330 0.005471 15.265672 0.004387 14.661161           0.004203 14.146103           0.003810 13.801041 0.003703  0.475658 0.007012  0.604510           0.006076  0.515058           0.005673           0.345062           0.005313 11.516553 13.417151 10.210009 0.064025 0.089388 0.064377 0.265167  0.003836  0.205303   0.003036 0.188500  0.029594
129.728012 20.787970 5.360473 0.197836 -35.873061 0.184626 -13.924486 0.132811 18.273770      923.504028     1.869766 20.131268      121.034651     7.784553 16.955965     1308.494266    13.637093 1.317804         NaN       NaN 0.002198 0.069831 0.011316 0.011527    G+U 16.112152 0.006920 15.606310 0.005478 14.992661           0.005020 14.449997           0.004366 14.086693 0.003687  0.505842 0.008826  0.613648           0.007430  0.542664           0.006652           0.363304           0.005714 11.919786 13.777284 10.601981 0.080172 0.106297 0.080936 0.235187  0.003771  0.177568   0.003269 0.168938  0.026251
129.735637 20.857664 5.213864 0.094475 -35.886812 0.095486 -14.007238 0.067084 17.250977     2368.951288     3.188230 19.151880      298.308158    10.488738 15.956393     3285.494344    11.579835 1.294583         NaN       NaN 0.001461 0.038175 0.003827 0.004096    G+U 15.063001 0.003922 14.580244 0.003089 13.981123           0.002951 13.439665           0.002349 13.086529 0.002388  0.482757 0.004992  0.599121           0.004272  0.541458           0.003772           0.353136           0.003349 10.836775 12.737678  9.542191 0.039374 0.054823 0.039533 0.331405  0.002759  0.264086   0.002522 0.234522  0.031635
129.693626 20.863601 5.611186 0.825757 -35.630680 0.958801 -13.429895 0.660471 20.325329      139.577319     0.990209 20.786077       66.219501    13.238506 18.879820      222.449030     9.242026 1.445509         NaN       NaN 0.007703 0.217059 0.045109 0.045762    G+U 17.941803 0.023017 17.193205 0.015043 16.440094           0.011925 15.903915           0.013241 15.489477 0.016244  0.748598 0.027497  0.753111           0.019197  0.536179           0.017819           0.414438           0.020957 14.070602 14.531350 12.625093 0.319653 0.386307 0.322728 0.152038  0.006696       NaN        NaN 0.128140  0.015796
129.690742 20.916601 5.847043 0.276457 -36.951862 0.257436 -15.306576 0.182471 18.784004      577.224416     1.454850 20.890923       60.124048     8.085189 17.480486      807.168185    16.766708 1.303518         NaN       NaN 0.002737 0.146005 0.022553 0.022719    G+U 16.569847 0.008976 16.056324 0.007009 15.392440           0.006200 14.842711           0.005861 14.488689 0.006923  0.513523 0.011388  0.663884           0.009357  0.549729           0.008532           0.354021           0.009071 12.618686 14.725605 11.315168 0.102707 0.178490 0.105119 0.186764  0.003656  0.140857   0.002535 0.133772  0.024657
129.595716 20.926478 5.173505 0.280144 -35.138297 0.276022 -13.135978 0.238545 19.046219      453.376731     1.150215 20.949250       56.979346     6.141347 17.749111      630.251201     9.972038 1.297108         NaN       NaN 0.002755 0.117023 0.017179 0.017398    G+U 16.839396 0.010725 16.272190 0.008102 15.626966           0.007183 15.080363           0.007066 14.715947 0.008501  0.567205 0.013441  0.645225           0.010828  0.546602           0.010076           0.364416           0.011055 12.615144 14.518175 11.318036 0.117617 0.165893 0.118833 0.189772  0.003962  0.142100   0.002745 0.139876  0.023392
130.003844 20.972820 5.834461 0.325488 -34.650593 0.346685 -13.605046 0.214287 19.223526      385.066886     1.209860 21.337585       39.845796     6.928756 17.846400      576.233105     8.849135 1.377127         NaN       NaN 0.003411 0.188798 0.016674 0.017019    G+U 16.885122 0.010570 16.221111 0.007400 15.549189           0.006528 14.970214           0.006057 14.572762 0.006840  0.664011 0.012903  0.671923           0.009868  0.578975           0.008906           0.397451           0.009136 13.053530 15.167589 11.676404 0.121188 0.224320 0.122282 0.166692  0.003571  0.126907   0.002711 0.121708  0.020670
130.310048 20.996154 5.312429 0.153980 -35.680842 0.151198 -13.249472 0.108708 17.714586     1545.653362     1.770555 19.453737      225.903126     8.655428 16.445469     2093.970868    16.305170 1.269117         NaN       NaN 0.001244 0.041600 0.008454 0.008545    G+U 15.629914 0.005186 15.171736 0.004160 14.575439           0.003902 14.018282           0.003322 13.709337 0.003424  0.458179 0.006649  0.596296           0.005704  0.557157           0.005125           0.308945           0.004771 11.341052 13.080203 10.071935 0.062952 0.075445 0.063505 0.285107  0.003772  0.219581   0.003227 0.210364  0.026578
130.240309 21.021424 4.661172 0.564976 -36.662023 0.554124 -13.362050 0.433733 19.773752      231.977300     0.891870 21.412586       37.186226     7.768307 18.389256      349.507000     7.160057 1.384497         NaN       NaN 0.004174 0.226813 0.022243 0.022631    G+U 17.382114 0.014813 16.791008 0.010542 16.088700           0.008851 15.525049           0.009388 15.139222 0.010614  0.591106 0.018181  0.702309           0.013765  0.563650           0.012902           0.385827           0.014170 13.116227 14.755061 11.731731 0.263235 0.347447 0.264140 0.171447  0.007379  0.128907   0.005308 0.130083  0.025634
130.365348 21.061299 5.439807 0.087966 -37.267453 0.090976 -14.092282 0.068048 16.648813     4124.974293     4.843509 18.281984      664.696665    10.690707 15.414792     5410.551294    20.978480 1.234021         NaN       NaN 0.001275 0.017463 0.004210 0.004399    G+U 14.628567 0.003163 14.187572 0.002565 13.623986           0.002469 13.045619           0.001908 12.767284 0.001836  0.440995 0.004072  0.563585           0.003561  0.578367           0.003121           0.278335           0.002648 10.326731 11.959902  9.092710 0.035137 0.039217 0.035366 0.389141  0.002158  0.315570   0.001998 0.309318  0.025176
129.893371 20.955677 5.365099 0.016182 -35.385077 0.017450 -12.849252 0.011348 13.123388   106069.696754    52.191963 13.761517    42737.621331    77.712150 12.359871    90200.647544   100.548920 0.763517   36.367897  1.740199 0.000534 0.001974 0.001210 0.001323    G+U 11.899921 0.000857 11.776200 0.000802 11.452647           0.000878 11.107264           0.000713 10.761669 0.000596  0.123721 0.001174  0.323553           0.001189  0.345383           0.001131           0.345595           0.000929  6.771277  7.409406  6.007760 0.006571 0.006841 0.006661 0.750640  0.000404  0.729302   0.000634 0.753371  0.003282
130.031940 21.062666 5.506286 0.021546 -37.088409 0.023129 -14.773519 0.016982  9.243012  3782177.689857   669.166000  9.440105  2287574.592551  1105.914000  8.900552  2182416.584794   783.799740 0.342461   33.543840  0.411146 0.000192 0.000525 0.000390 0.000435    G+H       NaN      NaN       NaN      NaN       NaN                NaN       NaN                NaN       NaN      NaN       NaN      NaN       NaN                NaN       NaN                NaN                NaN                NaN  2.947306  3.144398  2.604846 0.008499 0.008513 0.008506 1.461742  0.001380  1.439983   0.001731      NaN       NaN
129.884976 21.047891 5.510992 0.116886 -35.374745 0.117121 -13.928150 0.085434 17.641987     1652.539586     1.873063 19.338797      251.129678     7.744360 16.373608     2237.252330    10.055553 1.268379         NaN       NaN 0.001231 0.033482 0.004880 0.005033    G+U 15.559963 0.005028 15.093891 0.004018 14.502443           0.003801 13.955376           0.003283 13.652945 0.003478  0.466072 0.006436  0.591448           0.005531  0.547068           0.005023           0.302431           0.004783 11.348136 13.044946 10.079757 0.046072 0.056940 0.046314 0.285783  0.002788  0.220396   0.002432 0.212464  0.023684
130.026958 21.264758 5.252466 0.086787 -35.940399 0.085244 -13.148561 0.061334 16.735916     3806.979999     5.317937 18.407703      592.019184    10.475913 15.478051     5104.319553    20.235773 1.257865         NaN       NaN 0.001517 0.019212 0.004304 0.004564    G+U 14.641935 0.003419 14.178671 0.002563 13.610003           0.002600 13.071671           0.001815 12.764420 0.001393  0.463264 0.004273  0.568667           0.003651  0.538333           0.003171           0.307250           0.002288 10.337732 12.009519  9.079867 0.035911 0.040699 0.036137 0.387605  0.002216  0.314333   0.002066 0.302518  0.026654
128.782698 20.339718 5.032476 0.058009 -32.951538 0.059019 -13.107047 0.041685 16.330496     5530.297252     3.881810 17.730774     1104.350752     9.488861 15.162740     6824.367140    12.254930 1.167756         NaN       NaN 0.000762 0.009329 0.001950 0.002093    G+U 14.456939 0.002828 14.073497 0.002350 13.545845           0.002326 12.986580           0.001822 12.730967 0.001464  0.383442 0.003677  0.527652           0.003306  0.559265           0.002955           0.255613           0.002337  9.839405 11.239683  8.671649 0.025042 0.026712 0.025106 0.446118  0.001526  0.371470   0.001052 0.388544  0.017147
128.913476 20.402665 5.439335 0.092428 -35.678142 0.090915 -14.041393 0.063428 17.075594     2784.256781     3.104922 18.887972      380.389097    11.959499 15.801449     3789.471796    13.296162 1.274145         NaN       NaN 0.001211 0.034136 0.003810 0.003997    G+U 14.978742 0.003678 14.476253 0.002908 13.880486           0.002804 13.350610           0.002371 13.023298 0.002132  0.502489 0.004689  0.595767           0.004040  0.529876           0.003672           0.327312           0.003189 10.753323 12.565701  9.479178 0.036919 0.050267 0.037095 0.342093  0.002631  0.273761   0.002429 0.249623  0.031272
128.512926 20.341774 5.338343 0.069523 -34.280104 0.066138 -14.079092 0.052224 16.709200     3901.817673     2.926333 18.216648      705.923927    12.039592 15.507901     4965.899111    11.741111 1.201299         NaN       NaN 0.000814 0.018517 0.002567 0.002693    G+U 14.768434 0.003350 14.339075 0.002751 13.801849           0.002686 13.252026           0.002157 13.003683 0.001740  0.429358 0.004335  0.537226           0.003845  0.549824           0.003445           0.248343           0.002772 10.346232 11.853680  9.144933 0.028292 0.033803 0.028396 0.390654  0.001783  0.317992   0.002212 0.321511  0.024735
128.396153 20.414961 5.765975 0.262771 -36.006412 0.250728 -14.023164 0.198591 18.831570      552.482957     1.076432 20.743908       68.842097     7.463347 17.503813      790.011017     7.779605 1.327757         NaN       NaN 0.002115 0.117707 0.010692 0.010899    G+U 16.617865 0.008883 16.056370 0.007246 15.449433           0.006909 14.847834           0.005915 14.609220 0.005576  0.561495 0.011464  0.606936           0.010012  0.601600           0.009095           0.238614           0.008129 12.635934 14.548272 11.308177 0.098982 0.153779 0.099536 0.188711  0.003431  0.141790   0.002366 0.138035  0.022836
128.409750 20.481223 5.174196 0.097213 -33.320017 0.090523 -14.043408 0.070902 17.291580     2281.995826     1.693926 18.915533      370.854294     8.495683 16.064852     2973.154915    10.858062 1.226728         NaN       NaN 0.000806 0.024872 0.003965 0.004046    G+U 15.312487 0.004348 14.823128 0.003547 14.248266           0.003395 13.705905           0.002836 13.329001 0.002048  0.489359 0.005611  0.574862           0.004910  0.542361           0.004423           0.376904           0.003498 10.860794 12.484747  9.634066 0.040806 0.047782 0.040990 0.333159  0.002695  0.263697   0.002497 0.258583  0.025712
128.823880 20.564533 5.425570 0.023383 -35.233325 0.024051 -14.255545 0.018504  8.373195  8426916.419135  2723.457800  8.494132  5467191.048825  5057.230500  8.136961  4409340.361287  3466.290300 0.236234   32.759680  0.718768 0.000351 0.001004 0.000854 0.000923      G       NaN      NaN       NaN      NaN       NaN                NaN       NaN                NaN       NaN      NaN       NaN      NaN       NaN                NaN       NaN                NaN                NaN                NaN  2.045422  2.166359  1.809188 0.009365 0.009412 0.009397 1.755246  0.001931  1.732303   0.002160      NaN       NaN
128.587009 20.528961 5.235236 0.163634 -34.495931 0.159808 -13.375427 0.118654 18.194070      993.843957     1.300227 19.973291      139.990957     7.606356 16.906496     1369.491869     9.418293 1.287575         NaN       NaN 0.001420 0.058993 0.007467 0.007601    G+U 16.118996 0.006624 15.581905 0.005319 14.972428           0.005045 14.413129           0.004445 14.091500 0.003432  0.537090 0.008495  0.609477           0.007331  0.559299           0.006724           0.321629           0.005615 11.788751 13.567972 10.501177 0.067887 0.089927 0.068282 0.245705  0.003006  0.187053   0.003063 0.180630  0.025727
128.518012 20.575054 5.616094 0.015679 -35.572982 0.015620 -13.776253 0.011140 12.500189   188309.007391    94.879240 13.034167    83512.199834   154.364000 11.820390   148252.541839   191.487730 0.679799   35.405430  0.687081 0.000547 0.002007 0.001402 0.001505    G+U 11.580405 0.000738 11.479277 0.000703 11.265903           0.000790 10.967346           0.000678 10.549861 0.000460  0.101129 0.001019  0.213373           0.001057  0.298557           0.001041           0.417485           0.000819  6.247361  6.781339  5.567562 0.006087 0.006386 0.006223 0.811078  0.000492  0.795891   0.000560 0.806422  0.003062
128.629382 20.629307 5.263750 0.178174 -34.635094 0.176662 -13.397932 0.121438 18.264273      931.618171     1.832567 20.284079      105.144180     8.935158 16.937521     1330.913180    11.168449 1.326752         NaN       NaN 0.002136 0.092266 0.009111 0.009358    G+U 16.123476 0.006647 15.567049 0.005086 14.958783           0.004947 14.419815           0.003905 14.097555 0.003468  0.556427 0.008369  0.608266           0.007095  0.538968           0.006302           0.322260           0.005223 11.870749 13.890555 10.543997 0.073534 0.117965 0.074065 0.236587  0.003699  0.180393   0.003341 0.163683  0.030173
129.166613 20.609726 5.345155 0.022008 -34.569466 0.022652 -13.273128 0.016144 11.676170   402233.681883   325.949130 12.070044   202954.837306   505.880460 11.117445   283256.712329   498.575900 0.558725   33.699337  1.018044 0.000880 0.002706 0.001911 0.002104    G+U 11.348350 0.000673 11.369573 0.000651 10.995474           0.000695 11.328360           0.000724 10.291244 0.000408 -0.021223 0.000936  0.374099           0.000952 -0.332886           0.001004           1.037116           0.000831  5.315971  5.709845  4.757246 0.008984 0.009341 0.009143 0.951404  0.000984  0.927204   0.000910 0.911050  0.003682
129.066400 20.553048 5.494860 0.024245 -36.475740 0.023831 -14.202406 0.016692 14.089151    43579.907246    16.466768 14.949866    14304.426761    37.113030 13.171012    42732.008135    79.446730 0.918139   34.870003  2.754039 0.000410 0.002817 0.002019 0.002060    G+U 12.656899 0.001221 12.437871 0.001081 11.987802           0.001106 11.438959           0.000825 11.115741 0.000622  0.219028 0.001631  0.450069           0.001546  0.548842           0.001379           0.323218           0.001033  7.788934  8.649649  6.870795 0.009590 0.009987 0.009792 0.650293  0.000496  0.617707   0.000898 0.649772  0.005067
128.985234 20.618547 5.593708 0.198707 -35.706200 0.190026 -13.064733 0.140789 18.261251      934.214039     2.021603 20.311405      102.530994     9.078494 16.942785     1324.475340     8.687513 1.318466         NaN       NaN 0.002349 0.096135 0.007122 0.007499    G+U 16.120657 0.006682 15.569189 0.005126 14.934573           0.004846 14.407820           0.004140 14.036110 0.003324  0.551468 0.008422  0.634616           0.007054  0.526753           0.006374           0.371710           0.005309 11.999750 14.049904 10.681284 0.077174 0.123257 0.077466 0.226257  0.003603  0.171398   0.003179 0.157032  0.028772
129.064539 20.685984 5.295502 0.030427 -35.567714 0.030077 -14.336726 0.022464 14.813782    22358.059676    11.960605 15.859820     6187.121860    16.588142 13.795772    24035.293587    41.060757 1.018010   36.681480  5.164155 0.000581 0.002911 0.001855 0.001944    G+U 13.148302 0.001517 12.899151 0.001349 12.444577           0.001373 11.833046           0.001068 11.622623 0.000940  0.249151 0.002030  0.454574           0.001925  0.611531           0.001740           0.210423           0.001423  8.433318  9.479356  7.415308 0.012491 0.012812 0.012614 0.595664  0.000493  0.544753   0.001054 0.575767  0.006653
129.026117 20.683261 5.438267 0.036449 -38.509859 0.036338 -12.993544 0.027820 14.645986    26094.702150    10.076924 15.694567     7204.271964    13.698547 13.628495    28038.843762    21.158966 1.017490   31.122580  3.938051 0.000419 0.002064 0.000819 0.000920    G+U 12.974012 0.001403 12.709478 0.001235 12.231455           0.001247 11.641304           0.000975 11.433012 0.000852  0.264534 0.001869  0.478024           0.001755  0.590151           0.001583           0.208292           0.001294  8.323289  9.371870  7.305798 0.014560 0.014700 0.014577 0.599922  0.000090  0.556487   0.001041 0.585921  0.005577
129.299382 20.679783 5.524296 0.057742 -35.281714 0.052499 -14.617483 0.036607 15.863035     8506.141347     7.128230 17.159874     1868.387582    15.835578 14.731606    10151.168774    27.973558 1.131430         NaN       NaN 0.000910 0.009202 0.002992 0.003127    G+U 14.032657 0.002320 13.724986 0.002029 13.201220           0.001978 12.592343           0.001490 12.301891 0.001127  0.307671 0.003083  0.523767           0.002834  0.608876           0.002476           0.290452           0.001868  9.574420 10.871259  8.442991 0.022715 0.024491 0.022893 0.475549  0.001415  0.401673   0.002379 0.429462  0.016077
129.279605 20.778839 5.447955 0.087407 -34.683747 0.076994 -13.602083 0.049268 16.636724     4171.158975     4.218099 18.270996      671.457017     7.595576 15.404219     5463.497025    11.813693 1.232506         NaN       NaN 0.001098 0.012282 0.002348 0.002592    G+U 14.590846 0.003046 14.172238 0.002514 13.618763           0.002429 13.042811           0.001901 12.829647 0.001515  0.418608 0.003949  0.553475           0.003496  0.575952           0.003084           0.213164           0.002430 10.317891 11.952163  9.085386 0.034857 0.036941 0.034918 0.389513  0.002092  0.315371   0.001926 0.310277  0.021255
128.987115 20.826251 5.323527 0.019122 -35.559769 0.019593 -14.211436 0.014761 11.636927   417038.467772   363.723700 12.035660   209484.946174   874.992250 11.035275   305526.020947   803.257930 0.601651   34.104748  6.002735 0.000947 0.004535 0.002855 0.003007      G       NaN      NaN       NaN      NaN       NaN                NaN       NaN                NaN       NaN      NaN       NaN      NaN       NaN                NaN       NaN                NaN                NaN                NaN  5.267924  5.666657  4.666272 0.007857 0.009022 0.008306 0.962164  0.000837  0.937261   0.000869 0.914623  0.004952
129.013333 20.837642 5.440619 0.135044 -36.473954 0.151366 -14.370211 0.110122 17.782738     1451.616531     1.767975 19.649185      188.687377     8.713807 16.506819     1978.929929    16.888481 1.275919         NaN       NaN 0.001322 0.050141 0.009266 0.009360    G+U 15.671765 0.005232 15.182415 0.004246 14.605428           0.004165 14.075130           0.003769 13.741459 0.003782  0.489350 0.006738  0.576987           0.005948  0.530297           0.005617           0.333672           0.005339 11.460980 13.327427 10.185061 0.053915 0.073615 0.054690 0.270167  0.003376  0.208933   0.002587 0.195190  0.027240
129.089685 20.897319 5.382510 0.062795 -34.805035 0.059763 -14.186190 0.042905 16.023256     7339.123887     4.716443 17.409218     1485.011189    10.607190 14.859893     9019.884959    16.180710 1.163363         NaN       NaN 0.000698 0.007755 0.001948 0.002069    G+U 14.067764 0.002350 13.743215 0.002008 13.230730           0.001993 12.625618           0.001497 12.499758 0.001268  0.324550 0.003091  0.512485           0.002829  0.605112           0.002492           0.125860           0.001962  9.678180 11.064142  8.514817 0.025343 0.026494 0.025408 0.462706  0.001482  0.385796   0.004090 0.407707  0.015610
128.305958 20.550269 5.395918 0.055986 -35.227790 0.055423 -13.338415 0.038229 16.285800     5762.705036     3.337685 17.868862      972.461390    11.523760 15.067800     7447.980081    14.793196 1.218001         NaN       NaN 0.000629 0.012866 0.002156 0.002246    G+U 14.329146 0.002696 13.878178 0.002180 13.300179           0.002102 12.722943           0.001629 12.517716 0.001290  0.450969 0.003467  0.577999           0.003029  0.577235           0.002659           0.205227           0.002078  9.946127 11.529189  8.728127 0.022539 0.025945 0.022633 0.430665  0.001440  0.360282   0.000943 0.355985  0.021799
128.309210 20.605849 5.408379 0.130619 -34.519515 0.125246 -14.041223 0.086116 17.746546     1500.818789     1.511671 19.525105      211.531601     5.698854 16.466070     2054.612377    11.137664 1.280476         NaN       NaN 0.001094 0.029251 0.005886 0.005986    G+U 15.709043 0.005344 15.199903 0.004282 14.573425           0.004037 14.028050           0.003438 13.738521 0.002751  0.509141 0.006848  0.626477           0.005885  0.545375           0.005302           0.289530           0.004403 11.411882 13.190441 10.131406 0.052455 0.060049 0.052773 0.277068  0.003153  0.212540   0.002484 0.202831  0.021397
128.307903 20.713388 5.106633 0.231800 -34.318309 0.198362 -12.319082 0.148039 18.589108      690.722945     1.023502 20.455679       89.772879     5.845866 17.282192      968.904960     8.394380 1.306915         NaN       NaN 0.001609 0.070701 0.009407 0.009543    G+U 16.436844 0.007705 15.899950 0.006320 15.274812           0.005873 14.722044           0.005113 14.471212 0.004758  0.536894 0.009966  0.625138           0.008628  0.552768           0.007787           0.250832           0.006985 12.129781 13.996352 10.822865 0.098581 0.121302 0.099015 0.219947  0.004145  0.164209   0.003262 0.159329  0.023989
128.314084 20.702434 5.508566 0.016933 -35.221292 0.016156 -14.531728 0.012414 12.447351   197699.769516    59.597240 12.954729    89851.484324   110.634056 11.788123   152724.560533   139.207320 0.659228   35.377293  0.718282 0.000327 0.001337 0.000990 0.001042      G       NaN      NaN       NaN      NaN       NaN                NaN       NaN                NaN       NaN      NaN       NaN      NaN       NaN                NaN       NaN                NaN                NaN                NaN  6.152544  6.659922  5.493316 0.006683 0.006808 0.006748 0.824136  0.000505  0.809122   0.000899 0.816950  0.002494
128.520215 20.679778 5.463899 0.052698 -34.604347 0.053038 -13.787105 0.036110 16.106650     6796.529116     3.544412 17.627129     1214.969514    11.095480 14.906089     8644.160156    14.374520 1.200561         NaN       NaN 0.000566 0.009915 0.001805 0.001892    G+U 14.128442 0.002412 13.751188 0.002059 13.212843           0.001971 12.659395           0.001552 12.339229 0.001176  0.377254 0.003171  0.538345           0.002850  0.553448           0.002509           0.320167           0.001947  9.794163 11.314642  8.593602 0.020951 0.023172 0.021021 0.447739  0.001291  0.373623   0.001210 0.379737  0.018667
128.527710 20.829624 5.336360 0.133545 -35.085148 0.126843 -14.299544 0.089627 17.814655     1409.562212     1.405080 19.521849      212.166904     9.489496 16.544733     1911.017271     9.273133 1.269922         NaN       NaN 0.001082 0.048561 0.005268 0.005379    G+U 15.708285 0.005359 15.257981 0.004398 14.676279           0.004167 14.105849           0.003544 13.868370 0.003000  0.450304 0.006932  0.581702           0.006059  0.570430           0.005470           0.237479           0.004643 11.450880 13.158074 10.180958 0.054353 0.072878 0.054597 0.275292  0.003448  0.212652   0.002733 0.205019  0.027211
128.211851 20.770822 4.985269 0.812726 -34.880487 0.654826 -12.506935 0.502604 20.439653      125.627654     0.588962 21.662558       29.538859     3.220559 19.043682      191.286965     4.869780 1.395971         NaN       NaN 0.005090 0.118375 0.027641 0.028105    G+U 17.974660 0.020445 17.253029 0.014707 16.516243           0.012909 15.952224           0.012684 15.511375 0.010904  0.721632 0.025185  0.736786           0.019569  0.564019           0.018098           0.440848           0.016727 13.928096 15.151001 12.532125 0.354042 0.373273 0.355083 0.150192  0.006807       NaN        NaN 0.120061  0.012549
128.135004 20.844673 5.351098 0.062279 -33.916229 0.059164 -13.974195 0.040470 16.468655     4869.509091     4.053694 17.993150      867.274598     9.897160 15.264369     6214.562671    19.532320 1.204286         NaN       NaN 0.000904 0.012390 0.003412 0.003530    G+U 14.447833 0.002810 14.056179 0.002388 13.533224           0.002316 12.952710           0.001841 12.669800 0.001430  0.391654 0.003688  0.522955           0.003327  0.580514           0.002959           0.282910           0.002331 10.110869 11.635364  8.906583 0.025289 0.028147 0.025502 0.414500  0.001599  0.338820   0.001868 0.344875  0.020788
128.820822 20.969642 5.217713 0.217862 -35.796501 0.228726 -14.266480 0.148914 18.560450      709.197387     1.126399 20.507395       85.597147     6.532490 17.229490     1017.097094    10.182003 1.330959         NaN       NaN 0.001724 0.082860 0.010869 0.011005    G+U 16.344477 0.007450 15.796591 0.005840 15.184103           0.005726 14.641105           0.004562 14.287439 0.004111  0.547886 0.009466  0.612488           0.008179  0.542998           0.007321           0.353665           0.006140 12.147851 14.094796 10.816891 0.090685 0.122827 0.091318 0.217599  0.003903  0.163077   0.003066 0.154416  0.025209
128.882913 21.017861 5.709062 0.298396 -35.763820 0.349410 -14.311536 0.228470 18.981325      481.300834     1.092202 20.907738       59.199979     6.608462 17.632713      701.573498     8.749288 1.348612         NaN       NaN 0.002464 0.121200 0.013540 0.013763    G+U 16.760280 0.009750 16.163961 0.007465 15.534574           0.007243 15.006620           0.006623 14.752183 0.005909  0.596319 0.012280  0.629387           0.010401  0.527954           0.009814           0.254437           0.008876 12.764149 14.690562 11.415537 0.113523 0.166045 0.114301 0.182565  0.003685  0.137257   0.002530 0.133298  0.021190
128.748271 21.096928 5.490878 0.022187 -36.071375 0.021458 -14.936495 0.016956 11.012841   740986.406175   290.731200 11.339876   397618.434366   322.396060 10.512713   494393.479532   274.498800 0.500128   35.474873  0.294226 0.000426 0.000880 0.000603 0.000738  G+U+H 10.833638 0.000532 11.059261 0.000617 10.228897           0.000544 10.379413           0.000517  9.860036 0.000332 -0.225623 0.000815  0.830364           0.000823 -0.150516           0.000751           0.519377           0.000614  4.711050  5.038085  4.210922 0.008784 0.008818 0.008795 1.058531  0.000956  1.033979   0.001041 0.999625  0.002812
128.506300 21.010807 5.051153 0.140586 -34.303805 0.142639 -12.608542 0.109377 17.871275     1337.941562     1.340570 19.731690      174.880348     7.160404 16.595005     1824.551970     7.989647 1.276270         NaN       NaN 0.001088 0.044455 0.004754 0.004877    G+U 15.768603 0.005429 15.274076 0.004404 14.665896           0.004130 14.113006           0.003586 13.814949 0.002813  0.494528 0.006991  0.608179           0.006037  0.552891           0.005469           0.298057           0.004557 11.388227 13.248642 10.111957 0.060447 0.075026 0.060624 0.277063  0.003745  0.213492   0.002979 0.199903  0.026570
128.547309 21.070717 5.554954 0.153407 -35.372842 0.157244 -13.867810 0.113275 18.070448     1113.699211     1.246171 19.981750      138.904731     7.053060 16.804691     1504.117979     8.120498 1.265757         NaN       NaN 0.001215 0.055130 0.005862 0.005986    G+U 16.008135 0.006249 15.507627 0.005044 14.929165           0.004795 14.339981           0.004159 14.057110 0.003331  0.500507 0.008031  0.578463           0.006960  0.589184           0.006348           0.282871           0.005329 11.793850 13.705152 10.528093 0.059980 0.081458 0.060254 0.242195  0.002853  0.183986   0.002722 0.175112  0.024596
128.746788 21.143660 5.321698 0.110551 -34.763755 0.108201 -13.897116 0.081144 17.560566     1781.231450     1.670936 19.579348      201.222960     9.504139 16.248789     2509.819309     9.453963 1.311777         NaN       NaN 0.001019 0.051281 0.004090 0.004215    G+U 15.422996 0.004571 14.841377 0.003667 14.238838           0.003616 13.690168           0.002759 13.381730 0.002109  0.581618 0.005860  0.602539           0.005150  0.548670           0.004548           0.308438           0.003473 11.190817 13.209599  9.879040 0.045121 0.068298 0.045294 0.295626  0.002591  0.231451   0.002512 0.200928  0.030626
129.326166 20.842982 5.296774 0.453642 -37.007250 0.407399 -14.051947 0.287609 19.507837      296.354877     1.119871 21.080969       50.469577     8.020452 18.161270      431.171603     7.843143 1.346567         NaN       NaN 0.004103 0.172541 0.019750 0.020172    G+U 17.131296 0.012420 16.468554 0.008795 15.777233           0.008051 15.201495           0.007365 14.945703 0.006417  0.662743 0.015219  0.691320           0.011923  0.575738           0.010911           0.255793           0.009768 13.127894 14.701026 11.781327 0.186021 0.253688 0.187021 0.170534  0.005239  0.128516   0.003808 0.132196  0.022165
129.472509 20.872903 5.188448 0.119604 -36.050989 0.118202 -13.129904 0.091570 17.818680     1404.347738     2.127004 19.700645      179.952955     8.022441 16.533354     1931.151663    10.400962 1.285326         NaN       NaN 0.001644 0.048403 0.005848 0.006074    G+U 15.642027 0.005193 15.159680 0.004111 14.567430           0.003943 14.012321           0.003198 13.725972 0.002664  0.482347 0.006623  0.592251           0.005696  0.555108           0.005077           0.286349           0.004162 11.393867 13.275832 10.108541 0.050084 0.069631 0.050397 0.276962  0.003240  0.214450   0.002625 0.197840  0.027511
129.464081 20.882403 6.038111 0.471207 -37.189874 0.448762 -14.270601 0.347862 19.723852      242.888062     1.067712 21.418278       36.991843     6.245462 18.319124      372.827857     7.452131 1.404728         NaN       NaN 0.004773 0.183309 0.021702 0.022220    G+U 17.357288 0.014032 16.727297 0.010066 16.029009           0.009290 15.472311           0.008552 15.104753 0.007343  0.629992 0.017269  0.698288           0.013698  0.556698           0.012627           0.367558           0.011272 13.628357 15.322783 12.223629 0.169526 0.249637 0.170843 0.149798  0.003691  0.112281   0.003316 0.118061  0.015378
129.255888 20.896623 5.519802 0.206354 -34.967994 0.183747 -13.689689 0.131188 18.267986      928.436805     1.830707 20.281742      105.370818     6.113634 16.963041     1299.995209    13.984758 1.304945         NaN       NaN 0.002141 0.062995 0.011680 0.011874    G+U 16.126389 0.006697 15.616693 0.005190 15.002556           0.004997 14.449231           0.003836 14.137341 0.003476  0.509696 0.008472  0.614137           0.007205  0.553325           0.006300           0.311891           0.005176 11.977603 13.991359 10.672658 0.081207 0.102754 0.082015 0.227294  0.003539  0.170459   0.003083 0.160054  0.023863
129.649298 21.072289 5.564821 0.536310 -34.388210 0.536163 -13.743962 0.382661 19.904793      205.602926     0.948719 21.367529       38.761904     5.916571 18.502098      315.006189    10.373450 1.402695         NaN       NaN 0.005010 0.165725 0.035754 0.036104    G+U 17.571976 0.017506 16.918203 0.012395 16.203330           0.010230 15.671718           0.011130 15.273925 0.013655  0.653772 0.021450  0.714874           0.016071  0.531611           0.015117           0.397793           0.017616 13.632049 15.094785 12.229354 0.209336 0.266948 0.212308 0.153822  0.004610  0.115067   0.003924 0.121686  0.015577
129.557797 21.157242 5.432246 0.045915 -35.795541 0.042189 -14.517016 0.031129 15.774225     9231.166826     5.813395 17.094097     1985.080173     9.917726 14.639664    11048.234390    21.579210 1.134562         NaN       NaN 0.000684 0.005424 0.002121 0.002228    G+U 13.911943 0.002219 13.551663 0.002032 13.068239           0.002082 12.469638           0.001423 12.217269 0.001050  0.360279 0.003009  0.483424           0.002909  0.598601           0.002521           0.252369           0.001768  9.449122 10.768994  8.314561 0.018367 0.019139 0.018476 0.488215  0.001165  0.409430   0.002896 0.440843  0.012464
129.122458 21.052810 5.363438 0.087039 -34.917811 0.089495 -13.590787 0.058729 16.980522     3039.047988     2.673201 18.554243      517.273216    11.020133 15.754694     3956.221499    15.946053 1.225828         NaN       NaN 0.000955 0.023131 0.004376 0.004479    G+U 14.941380 0.003670 14.536461 0.002973 14.007553           0.002937 13.438816           0.002146 13.200162 0.001881  0.404920 0.004723  0.528908           0.004179  0.568737           0.003638           0.238654           0.002854 10.627738 12.201459  9.401910 0.035252 0.042153 0.035510 0.360303  0.002265  0.289207   0.002223 0.284709  0.026657
129.115921 21.121073 5.391502 0.020218 -36.184835 0.018688 -14.603107 0.013849 13.591039    68949.522105    20.660532 14.342177    25034.904453    33.695206 12.749967    62975.487435    50.474472 0.841072   34.897880  1.593713 0.000325 0.001461 0.000870 0.000929    G+U 12.255622 0.001018 12.079600 0.001018 11.663854           0.001065 11.174906           0.000752 10.962349 0.000543  0.176022 0.001440  0.415747           0.001473  0.488948           0.001303           0.212557           0.000927  7.249588  8.000726  6.408516 0.008149 0.008273 0.008189 0.701181  0.000469  0.675116   0.000494 0.704600  0.003227
129.377944 21.127802 5.465362 0.075055 -36.006607 0.086935 -14.588119 0.056178 16.889856     3303.726441     2.763677 18.431260      579.312529     8.714357 15.685180     4217.802408    13.387652 1.204677         NaN       NaN 0.000908 0.016332 0.003446 0.003564    G+U 14.940458 0.003534 14.506452 0.003121 13.987542           0.003119 13.420572           0.002316 13.104607 0.001709  0.434007 0.004715  0.518909           0.004412  0.566970           0.003885           0.315966           0.002878 10.577951 12.119355  9.373275 0.029834 0.034000 0.030019 0.365763  0.001861  0.293927   0.001874 0.294219  0.022529
129.648325 21.177213 5.362199 0.204642 -35.288824 0.198911 -14.469739 0.135789 18.532223      727.876378     1.445412 20.548680       82.403336     6.886668 17.210531     1035.013434    10.291224 1.321692         NaN       NaN 0.002156 0.090738 0.010796 0.011009    G+U 16.374550 0.007583 15.774390 0.006249 15.152513           0.006050 14.607347           0.005007 14.278433 0.003828  0.600160 0.009826  0.621878           0.008697  0.545165           0.007853           0.328915           0.006303 12.178938 14.195395 10.857246 0.082900 0.122887 0.083572 0.214176  0.003556  0.160976   0.002797 0.150869  0.025593
129.654347 21.246837 5.236699 0.120338 -35.247755 0.117656 -13.526611 0.077188 17.466438     1942.547747     2.408083 19.139067      301.849530    14.341155 16.223885     2568.056172    17.334068 1.242554         NaN       NaN 0.001346 0.051584 0.007329 0.007451    G+U 15.483677 0.004719 14.966001 0.004031 14.392114           0.003984 13.833082           0.003021 13.634686 0.002443  0.517676 0.006207  0.573887           0.005668  0.559032           0.005000           0.198396           0.003885 11.061726 12.734355  9.819173 0.049918 0.071770 0.050435 0.311900  0.003301  0.246853   0.002929 0.236768  0.033807
129.565591 21.385605 5.379695 0.027335 -35.524384 0.027391 -14.407354 0.019492 14.782160    23018.817208     9.214414 15.824203     6393.459729    15.575687 13.768662    24643.001178    44.135970 1.013498   38.255444  3.082594 0.000435 0.002645 0.001945 0.001993    G+U 13.184299 0.001574 12.892995 0.001422 12.424044           0.001470 11.812775           0.001036 11.620109 0.000783  0.291305 0.002122  0.468951           0.002046  0.611269           0.001798           0.192666           0.001298  8.435948  9.477991  7.422450 0.011042 0.011346 0.011204 0.595520  0.000441  0.544323   0.000953 0.576074  0.006298
129.595219 21.433420 5.508800 0.198323 -35.996152 0.192578 -14.025044 0.123572 18.351088      860.026326     1.642776 20.085442      126.252571    12.999472 17.059292     1189.711655     9.749693 1.291796         NaN       NaN 0.002074 0.111792 0.008898 0.009136    G+U 16.270480 0.007041 15.684314 0.005577 15.051740           0.005397 14.500125           0.004707 14.161683 0.003604  0.586165 0.008982  0.632574           0.007761  0.551615           0.007162           0.338442           0.005928 12.056373 13.790727 10.764577 0.078203 0.136414 0.078680 0.225954  0.003731  0.171625   0.003312 0.168907  0.031426
129.586164 21.440544 5.603322 0.396727 -37.269043 0.397056 -13.302137 0.256618 19.461895      309.163641     1.081485 20.982435       55.264060     6.978775 18.054924      475.542056     8.087191 1.406971         NaN       NaN 0.003798 0.137107 0.018464 0.018851    G+U 17.215275 0.012008 16.492367 0.008787 15.764608           0.008106 15.184288           0.007640 14.798403 0.005816  0.722908 0.014880  0.727758           0.011955  0.580320           0.011139           0.385885           0.009602 13.204123 14.724663 11.797152 0.153792 0.206000 0.154850 0.168882  0.004219  0.127272   0.003111 0.130016  0.018526
129.802216 21.599112 5.154746 0.160460 -35.306479 0.175565 -14.184110 0.105235 17.999487     1188.917752     1.737310 19.812405      162.350964    11.689158 16.712864     1636.863651    12.254814 1.286623         NaN       NaN 0.001587 0.078172 0.008129 0.008282    G+U 15.898246 0.005597 15.428123 0.005041 14.814928           0.004671 14.242541           0.003703 13.903752 0.002870  0.470123 0.007532  0.613194           0.006872  0.572387           0.005960           0.338789           0.004685 11.560523 13.373441 10.273900 0.067613 0.103344 0.068082 0.262821  0.004034  0.204055   0.003316 0.191649  0.032782
129.617296 21.546056 6.000193 0.359963 -37.980118 0.365123 -13.555444 0.285770 12.921940   127694.110438   198.194980 13.669449    46519.740240    55.940937 12.035559   121600.342444    73.635840 0.886381   35.338757  1.148647 0.001685 0.001306 0.000657 0.001809    G+U 11.576242 0.000735 11.358777 0.000740 10.953350           0.000752 10.657758           0.000585 10.298799 0.000404  0.217465 0.001043  0.405427           0.001055  0.295592           0.000952           0.358959           0.000710  6.812766  7.560275  5.926385 0.130282 0.130277 0.130273 0.745534  0.007599  0.724048   0.008726 0.739290  0.011382
129.104608 21.148956 5.450387 0.040177 -35.964755 0.036158 -14.234292 0.026359 15.357933    13544.827219     6.472745 16.557630     3253.604881    13.238091 14.273510    15479.409037    16.403511 1.084423   32.996600  5.971264 0.000519 0.004418 0.001151 0.001262    G+U 13.604651 0.001904 13.298627 0.001796 12.803315           0.001814 12.207173           0.001241 11.981585 0.000903  0.306025 0.002617  0.495312           0.002553  0.596142           0.002198           0.225588           0.001535  9.040070 10.239767  7.955647 0.016015 0.016605 0.016048 0.529670  0.000911  0.469858   0.003182 0.498754  0.010167
129.160435 21.191616 5.489847 0.232372 -33.470881 0.220615 -13.430590 0.152127 18.631070      664.536910     1.225177 20.449455       90.289008     7.156816 17.342010      916.968193     9.383576 1.289059         NaN       NaN 0.002002 0.086062 0.011111 0.011290    G+U 16.483238 0.007906 15.951339 0.006718 15.342926           0.006500 14.772280           0.005363 14.430764 0.004004  0.531899 0.010375  0.608413           0.009348  0.570646           0.008426           0.341516           0.006693 12.328871 14.147256 11.039811 0.091935 0.125915 0.092582 0.207200  0.003648  0.155005   0.002842 0.153467  0.023971
129.004288 21.286434 5.114182 0.206980 -33.864696 0.176013 -14.045258 0.136258 18.377172      839.610749     1.228443 20.227705      110.747764     7.126507 17.071007     1176.944189     8.777772 1.306166         NaN       NaN 0.001589 0.069866 0.008098 0.008252    G+U 16.218962 0.006930 15.700364 0.005892 15.096952           0.005709 14.540639           0.004644 14.252075 0.003531  0.518598 0.009096  0.603412           0.008204  0.556314           0.007359           0.288564           0.005834 11.921053 13.771586 10.614888 0.087898 0.112271 0.088256 0.234970  0.004059  0.177107   0.003483 0.169709  0.026340
129.240794 21.565436 5.313631 0.019302 -34.762636 0.020525 -14.430263 0.013885 13.888274    52436.926604    14.779643 14.697155    18053.226228    25.364382 13.006337    49730.547064    51.030120 0.881937   37.339977  1.624855 0.000306 0.001525 0.001114 0.001155    G+U 12.535497 0.001145 12.231048 0.001091 11.838195           0.001124 11.333289           0.000800 11.045436 0.000571  0.304449 0.001582  0.392853           0.001566  0.504906           0.001379           0.287853           0.000983  7.515231  8.324112  6.633294 0.007894 0.008034 0.007966 0.675543  0.000410  0.646720   0.000482 0.677495  0.003505
129.405193 21.806803 5.255873 0.192482 -33.484240 0.191278 -13.900727 0.145894 18.370848      844.514851     1.318906 20.331038      100.693580     6.821925 17.085035     1161.833790     9.288598 1.285812         NaN       NaN 0.001696 0.073558 0.008680 0.008844    G+U 16.218033 0.006667 15.721523 0.005920 15.109946           0.005642 14.563195           0.004787 14.262411 0.003764  0.496510 0.008916  0.611577           0.008178  0.546751           0.007399           0.300784           0.006089 11.974072 13.934262 10.688259 0.079542 0.108328 0.079997 0.228368  0.003578  0.171969   0.003196 0.163290  0.026030
130.720922 20.819176 5.455566 0.020576 -37.420503 0.021765 -14.063905 0.015240  8.770690  5843468.214684  1056.412600  8.923352  3681935.420199  1748.075000  8.487356  3193123.492811  1143.818200 0.283334   33.048720  0.441242 0.000196 0.000515 0.000389 0.000436    G+H       NaN      NaN       NaN      NaN       NaN                NaN       NaN                NaN       NaN      NaN       NaN      NaN       NaN                NaN       NaN                NaN                NaN                NaN  2.454889  2.607551  2.171555 0.008192 0.008206 0.008199 1.614174  0.001617  1.592026   0.001938      NaN       NaN
130.843383 20.906960 5.587747 0.210451 -37.496149 0.242952 -14.313830 0.148894 18.561201      708.706671     1.092169 20.477896       87.954530     4.999428 17.239351     1007.899817     6.832169 1.321850         NaN       NaN 0.001673 0.061714 0.007360 0.007548    G+U 16.366127 0.007922 15.881825 0.006255 15.226157           0.005653 14.698205           0.005350 14.329845 0.004449  0.484303 0.010094  0.655667           0.008431  0.527952           0.007784           0.368360           0.006959 12.297385 14.214080 10.975535 0.081801 0.102456 0.082114 0.208360  0.003113  0.155307   0.002465 0.149903  0.020217
130.894115 21.078352 5.003444 0.411934 -36.861765 0.416766 -12.569234 0.324862 19.538418      288.123963     0.710578 21.298500       41.306386     4.161306 18.153639      434.212603     5.107569 1.384779         NaN       NaN 0.002678 0.109380 0.012771 0.013049    G+U 17.274933 0.014817 16.570038 0.011257 15.876998           0.011251 15.372779           0.008478 14.997750 0.006515  0.704895 0.018609  0.693040           0.015916  0.504219           0.014088           0.375029           0.010692 13.034763 14.794845 11.649984 0.178798 0.209584 0.179233 0.174176  0.004955  0.130453   0.003477 0.129352  0.017713
130.645058 20.994614 5.569998 0.031098 -37.875354 0.031177 -14.382412 0.021986 15.006763    18717.235714     6.974777 16.128100     4832.562182    14.074843 13.954826    20760.014619    24.243360 1.051936   33.208050  3.791965 0.000405 0.003162 0.001268 0.001331    G+U 13.340490 0.001681 13.008731 0.001439 12.567151           0.001499 11.953099           0.001086 11.753222 0.000876  0.331759 0.002213  0.441580           0.002078  0.614052           0.001851           0.199877           0.001395  8.736038  9.857375  7.684101 0.012130 0.012529 0.012190 0.562462  0.000831  0.505707   0.003879 0.538632  0.007791
130.936214 21.209469 5.605948 0.023837 -37.548915 0.024088 -14.104997 0.017965 14.513310    29486.466855    21.982584 15.520156     8459.694424    26.710983 13.516546    31084.187539    57.941240 0.996764   49.779472  6.230202 0.000809 0.003428 0.002024 0.002180    G+U 12.995994 0.001402 12.709767 0.001264 12.202913           0.001300 11.614973           0.000874 11.332087 0.000657  0.286226 0.001887  0.506854           0.001813  0.587940           0.001566           0.282886           0.001093  8.256555  9.263401  7.259791 0.009269 0.009849 0.009452 0.604121  0.000549  0.565282   0.000689 0.595973  0.006688
130.691337 21.271118 5.402768 0.018872 -36.542339 0.020622 -13.318359 0.013815 13.813163    56192.946889    42.181564 14.628270    19235.740183    60.825428 12.919028    53894.810472   112.127240 0.894135   31.740273  5.092322 0.000815 0.003433 0.002259 0.002401    G+U 12.324110 0.001143 12.092449 0.000929 11.639176           0.001005 11.369057           0.000773 10.922682 0.000537  0.231661 0.001473  0.453273           0.001369  0.270120           0.001268           0.446375           0.000941  7.476245  8.291352  6.582110 0.007629 0.008326 0.007914 0.679075  0.000409  0.650785   0.000519 0.679854  0.005257
131.265833 21.471642 4.854896 0.224342 -35.616692 0.217339 -13.106941 0.141996 18.329796      877.058596     1.197793 20.163677      117.475048     7.565577 17.032394     1219.552991     7.651924 1.297401         NaN       NaN 0.001483 0.069923 0.006812 0.006972    G+U 16.257490 0.007167 15.713393 0.006092 15.107586           0.006257 14.564079           0.004692 14.205746 0.003641  0.544097 0.009407  0.605807           0.008733  0.543507           0.007821           0.358334           0.005939 11.760696 13.594577 10.463294 0.100353 0.122302 0.100573 0.246728  0.004382  0.187452   0.004240 0.179007  0.028521
130.902259 21.319322 5.463366 0.078634 -36.426409 0.083120 -14.365099 0.055939 16.852322     3419.937466     2.094728 18.484543      551.569143     8.191027 15.629796     4438.534894     8.133966 1.222526         NaN       NaN 0.000665 0.016124 0.001990 0.002098    G+U 14.881801 0.003474 14.417135 0.002920 13.867562           0.003004 13.293727           0.002123 13.015160 0.001616  0.464665 0.004538  0.549573           0.004189  0.573835           0.003678           0.278567           0.002668 10.539623 12.171844  9.317097 0.031261 0.035168 0.031317 0.367134  0.001932  0.295205   0.001932 0.288718  0.023015
130.883016 21.349226 5.418114 0.359999 -38.102338 0.377861 -14.100991 0.274553 19.390886      330.059295     0.718899 21.236948       43.715700     3.865998 18.012420      494.526554     5.592641 1.378466         NaN       NaN 0.002365 0.096017 0.012279 0.012504    G+U 17.208971 0.014123 16.485916 0.010691 15.780494           0.010387 15.228333           0.007516 14.785472 0.005729  0.723055 0.017714  0.705422           0.014906  0.552160           0.012821           0.442862           0.009450 13.060127 14.906189 11.681661 0.144300 0.173309 0.144802 0.171367  0.003924  0.128601   0.002824 0.126961  0.015685
130.869231 21.355592 5.973096 0.661619 -36.484953 0.722305 -14.275779 0.471545 20.207396      155.592553     0.563168 21.217989       44.485753     8.129901 18.747564      251.265446     6.693580 1.459831         NaN       NaN 0.003930 0.198421 0.028923 0.029189    G+U 17.918396 0.022873 17.124720 0.017212 16.358078           0.016034 15.818290           0.011907 15.433416 0.009653  0.793676 0.028626  0.766642           0.023523  0.539788           0.019972           0.384873           0.015329 14.088394 15.098987 12.628562 0.240558 0.311808 0.242259 0.143931  0.004654       NaN        NaN 0.119345  0.013443
131.135642 21.683014 5.304433 0.063478 -37.103284 0.059880 -14.322649 0.043068 16.189380     6297.880691     8.023848 17.703165     1132.793587     9.721273 14.985874     8031.720827    27.721354 1.203507         NaN       NaN 0.001383 0.009317 0.003747 0.003995    G+U 14.184864 0.002438 13.788459 0.002109 13.258414           0.002205 12.653209           0.001490 12.376164 0.001171  0.396405 0.003224  0.530045           0.003051  0.605206           0.002662           0.277045           0.001895  9.812575 11.326360  8.609069 0.026023 0.027606 0.026255 0.445762  0.001585  0.371249   0.000931 0.378086  0.018154
130.513508 21.172575 5.429403 0.162973 -36.309128 0.169149 -13.235003 0.123778 18.122120     1061.936251     1.490313 20.083520      126.476131     7.245902 16.830679     1468.543584     9.316207 1.291441         NaN       NaN 0.001524 0.062203 0.006888 0.007054    G+U 15.976522 0.006795 15.460070 0.005310 14.872773           0.005480 14.294725           0.003842 13.933245 0.002914  0.516452 0.008623  0.587296           0.007631  0.578048           0.006693           0.361481           0.004822 11.795880 13.757280 10.504439 0.065198 0.090098 0.065544 0.241744  0.003121  0.183786   0.002907 0.171472  0.025958
130.399225 21.293561 5.720177 0.104291 -37.510741 0.104167 -14.725060 0.074232 17.319110     2224.858804     2.047310 18.987011      347.226100     8.714803 16.056095     2997.232023    12.216369 1.263016         NaN       NaN 0.000999 0.027250 0.004425 0.004537    G+U 15.278034 0.004657 14.770538 0.003502 14.209791           0.003677 13.668004           0.002553 13.358596 0.001981  0.507496 0.005827  0.560747           0.005078  0.541787           0.004476           0.309408           0.003231 11.106157 12.774058  9.843142 0.039603 0.048062 0.039837 0.307887  0.002214  0.241494   0.002221 0.232182  0.024062
130.388574 21.321908 5.197803 0.353023 -34.494751 0.362156 -13.804255 0.257882 19.365585      337.840945     0.875492 21.035765       52.615142     6.390327 18.015951      492.921775     7.087796 1.349634         NaN       NaN 0.002814 0.131867 0.015612 0.015863    G+U 17.128675 0.013034 16.499592 0.010197 15.849378           0.010324 15.303349           0.007505 14.932257 0.005789  0.629084 0.016549  0.650214           0.014511  0.546028           0.012764           0.371093           0.009479 12.944684 14.614864 11.595050 0.147508 0.197838 0.148306 0.177824  0.004479  0.133615   0.003087 0.134827  0.021152
130.430416 21.361645 5.187395 0.145455 -36.074259 0.153922 -14.579667 0.111932 18.005330     1182.537572     1.449712 19.846880      157.276837     6.993957 16.719883     1626.316407    11.478458 1.285446         NaN       NaN 0.001331 0.048282 0.007663 0.007778    G+U 15.953600 0.006901 15.397332 0.005249 14.814646           0.005329 14.281716           0.003800 13.937118 0.002880  0.556268 0.008670  0.582686           0.007480  0.532929           0.006546           0.344599           0.004768 11.580076 13.421626 10.294629 0.060903 0.077708 0.061369 0.259851  0.003271  0.200073   0.002834 0.189089  0.025404
130.608096 21.230775 5.323846 0.231805 -36.657013 0.273081 -13.841053 0.177973 16.096045     6863.231185    14.959099 17.436243     1448.504975    29.309872 14.740453    10068.784980   218.572830 1.355592         NaN       NaN 0.002366 0.021969 0.023569 0.023688      G       NaN      NaN       NaN      NaN       NaN                NaN       NaN                NaN       NaN      NaN       NaN      NaN       NaN                NaN       NaN                NaN                NaN                NaN  9.727173 11.067371  8.371581 0.094578 0.097067 0.097441 0.464969  0.005592  0.387798   0.005995 0.389295  0.029373
130.650989 21.317174 4.809752 0.546781 -37.892274 0.543908 -13.293121 0.361737 19.896147      207.247023     0.691978 21.404953       37.448590     5.870783 18.445648      331.817414     7.789635 1.450499         NaN       NaN 0.003625 0.170210 0.025488 0.025745    G+U 17.510283 0.017506 16.629576 0.011894 15.872642           0.010931 15.338524           0.008088 14.977210 0.006249  0.880707 0.021165  0.756934           0.016154  0.534118           0.013598           0.361314           0.010221 13.306760 14.815566 11.856261 0.246883 0.299849 0.248169 0.166875  0.006373  0.125217   0.004711 0.126837  0.019714
130.358263 21.573630 5.523339 0.134121 -37.367742 0.151079 -14.410276 0.105928 18.079517     1104.433561     1.871748 19.952670      142.675351     7.705207 16.774061     1547.155758    10.214822 1.305456         NaN       NaN 0.001840 0.058635 0.007168 0.007401    G+U 15.927582 0.006443 15.423991 0.005198 14.819737           0.005369 14.305072           0.003905 13.951354 0.003011  0.503591 0.008278  0.604254           0.007473  0.514666           0.006639           0.353718           0.004931 11.790525 13.663678 10.485069 0.052761 0.078857 0.053214 0.244374  0.002500  0.186757   0.002500 0.175208  0.025355
130.822835 21.451778 5.372215 0.311790 -37.610607 0.308339 -14.727471 0.199299 18.893488      521.857358     1.560363 20.432898       91.676423    13.354263 17.522932      776.220613    13.653524 1.370556         NaN       NaN 0.003246 0.158156 0.019098 0.019372    G+U 16.644743 0.010315 16.045982 0.008108 15.405665           0.007974 14.843381           0.005631 14.456729 0.004438  0.598761 0.013120  0.640317           0.011372  0.562284           0.009761           0.386652           0.007169 12.544255 14.083665 11.173699 0.126069 0.202228 0.127466 0.199221  0.004804  0.149570   0.003734 0.151912  0.029741
130.843866 21.671631 5.608305 0.020284 -37.739829 0.021553 -14.116668 0.018135 10.406225  1295557.135416   270.731140 10.749426   684930.830615   372.847800  9.894321   873835.218738   337.978500 0.511904         NaN       NaN 0.000227 0.000591 0.000420 0.000477    G+U 11.223474 0.000613 11.139100 0.000611 10.546139           0.000595 11.056238           0.000674  9.950124 0.000338  0.084373 0.000865  0.592961           0.000853 -0.510099           0.000899           1.106114           0.000754  4.150383  4.493584  3.638479 0.007857 0.007876 0.007865 1.168901  0.000936  1.144289   0.001230 1.102014  0.003150
131.666508 21.574786 5.771348 0.249867 -38.158244 0.261774 -13.991527 0.176928 19.077389      440.545975     0.974246 20.706738       71.239699     5.269927 17.751123      629.084468     8.117602 1.326265         NaN       NaN 0.002401 0.080317 0.014010 0.014214    G+U 16.859858 0.010554 16.270834 0.008457 15.581586           0.008948 15.032173           0.006706 14.669110 0.005093  0.589024 0.013525  0.689248           0.012312  0.549413           0.011182           0.363063           0.008421 12.883775 14.513124 11.557509 0.094043 0.123649 0.095051 0.181129  0.002898  0.135785   0.001985 0.138386  0.017175
131.365150 21.651560 4.991919 1.200177 -39.147947 1.460374 -13.099860 0.847234 20.588638      109.519495     0.755985 21.369250       38.700564     4.231643 18.997862      199.532282    12.972443 1.590776         NaN       NaN 0.007495 0.118718 0.070588 0.070985      G       NaN      NaN       NaN      NaN       NaN                NaN       NaN                NaN       NaN      NaN       NaN      NaN       NaN                NaN       NaN                NaN                NaN                NaN 14.079976 14.860588 12.489200 0.522128 0.535402 0.526825 0.154405  0.010518       NaN        NaN 0.120881  0.014351
131.366260 21.653528 5.257747 0.034804 -35.227960 0.033877 -13.693450 0.022937 10.410198  1290824.964336   483.704040 10.680899   729553.680502   555.666140  9.973430   812430.670074   573.390700 0.436769   33.629208  0.283380 0.000407 0.000827 0.000766 0.000868      G       NaN      NaN       NaN      NaN       NaN                NaN       NaN                NaN       NaN      NaN       NaN      NaN       NaN                NaN       NaN                NaN                NaN                NaN  4.014196  4.284897  3.577428 0.014380 0.014398 0.014395 1.197480  0.001756  1.173448   0.002517 1.141263  0.004286
131.767535 22.273712 5.480264 0.025809 -37.920811 0.025837 -14.262037 0.021463 14.312318    35482.930524    11.281556 15.241778    10932.150744    21.425838 13.359096    35935.184730    40.317020 0.953222   34.867977  2.310246 0.000345 0.002128 0.001218 0.001266    G+U 12.819315 0.001293 12.541276 0.001106 12.106722           0.001192 11.556405           0.000904 11.368213 0.000871  0.278039 0.001701  0.434554           0.001626  0.550317           0.001496           0.188192           0.001255  8.006325  8.935785  7.053103 0.010232 0.010445 0.010299 0.628930  0.000523  0.592978   0.001128 0.625347  0.004788
131.140618 21.741812 5.693437 0.610613 -37.057874 0.620921 -13.509919 0.435967 20.056564      178.780732     0.654502 21.435175       36.420607     4.608065 18.605213      286.465987     7.524904 1.451351         NaN       NaN 0.003975 0.137371 0.028520 0.028796    G+U 17.767353 0.019247 17.007250 0.015269 16.304327           0.014972 15.741416           0.011422 15.308619 0.008961  0.760103 0.024568  0.702923           0.021384  0.562911           0.018831           0.432797           0.014518 13.833436 15.212047 12.382085 0.232921 0.270384 0.234627 0.149873  0.004629       NaN        NaN 0.118620  0.012502
131.620248 22.352102 5.492335 0.032902 -37.353255 0.039311 -14.463887 0.031903  8.159646 10258608.073856  3001.474000  8.263792  6759271.810361  2540.949500  7.946351  5255547.172279  2222.543700 0.213295   34.464424  0.384263 0.000318 0.000408 0.000459 0.000558    G+H       NaN      NaN       NaN      NaN       NaN                NaN       NaN                NaN       NaN      NaN       NaN      NaN       NaN                NaN       NaN                NaN                NaN                NaN  1.858431  1.962577  1.645136 0.013012 0.013015 0.013016 1.821869  0.002688  1.799367   0.002748      NaN       NaN
130.150804 21.561655 5.363862 0.021625 -36.156187 0.020768 -13.580041 0.014624 11.535293   457962.293220   154.343340 11.911762   234807.615132   256.197420 10.996941   316505.948910   244.572850 0.538352   34.764084  0.517085 0.000366 0.001185 0.000839 0.000915    G+U 10.791615 0.000561 11.209495 0.000612 10.715200           0.000633 10.853929           0.000595 10.186343 0.000376 -0.417880 0.000831  0.494294           0.000881 -0.138729           0.000869           0.667586           0.000704  5.182681  5.559150  4.644329 0.008762 0.008834 0.008794 0.974504  0.000845  0.949349   0.001027 0.928635  0.002629
130.046161 21.643205 4.919565 0.347326 -33.020184 0.369596 -12.539433 0.261430 19.134327      418.037912     1.139796 21.193392       45.505124     7.052405 17.789770      607.086094    11.327778 1.344557         NaN       NaN 0.002960 0.168268 0.020259 0.020474    G+U 16.912400 0.011607 16.343588 0.009496 15.672528           0.009411 15.110273           0.006883 14.785072 0.005667  0.568811 0.014996  0.671060           0.013369  0.562255           0.011659           0.325201           0.008916 12.593960 14.653025 11.249403 0.153336 0.227634 0.154641 0.189601  0.005237  0.142318   0.003724 0.134661  0.027242
130.225007 21.756629 5.521749 0.201075 -37.852139 0.216051 -14.815439 0.148735 18.492636      754.905047     1.468632 19.875578      153.174367    11.028941 17.058323     1190.773415    12.084713 1.434313         NaN       NaN 0.002112 0.078176 0.011019 0.011219    G+U 16.316957 0.007914 15.770650 0.006531 15.165492           0.006746 14.648513           0.004921 14.232754 0.003746  0.546308 0.010261  0.605158           0.009389  0.516979           0.008350           0.415759           0.006185 12.203019 13.585961 10.768706 0.079102 0.111194 0.079838 0.226499  0.003556  0.170456   0.003093 0.170722  0.024846
129.898650 21.739208 5.211717 0.369769 -35.302191 0.338912 -15.027853 0.238084 18.831516      552.510448     1.446428 20.754318       68.185077     7.778320 17.513697      782.852091    11.829844 1.317820         NaN       NaN 0.002842 0.123857 0.016407 0.016651    G+U 16.606884 0.008394 16.066452 0.007084 15.428819           0.006623 14.885984           0.005650 14.578696 0.004488  0.540432 0.010984  0.637633           0.009698  0.542834           0.008706           0.307288           0.007216 12.416420 14.339222 11.098601 0.154091 0.197678 0.154936 0.201237  0.005508  0.149926   0.004257 0.145380  0.027084
129.699277 21.759183 5.484146 0.132012 -35.322305 0.131898 -13.852180 0.090787 17.812126     1412.849922     1.912683 19.557938      205.230345    10.170449 16.408022     2167.450765    32.604060 1.404104         NaN       NaN 0.001470 0.053805 0.016332 0.016398      G       NaN      NaN       NaN      NaN       NaN                NaN       NaN                NaN       NaN      NaN       NaN      NaN       NaN                NaN       NaN                NaN                NaN                NaN 11.507671 13.253483 10.103567 0.052291 0.075015 0.054763 0.273127  0.003418  0.211404   0.002719 0.192039  0.027632
129.733848 21.940800 5.268000 0.225297 -35.416404 0.224633 -13.441365 0.166892 18.399840      822.263606     1.199664 20.300076      103.606426     8.288154 17.103281     1142.472757    11.810952 1.296558         NaN       NaN 0.001584 0.086855 0.011224 0.011336    G+U 16.257936 0.006891 15.732778 0.005878 15.104765           0.005508 14.565683           0.004596 14.253741 0.003551  0.525159 0.009058  0.628013           0.008055  0.539082           0.007173           0.311942           0.005808 12.008069 13.908305 10.711510 0.092881 0.127154 0.093544 0.227394  0.004177  0.171160   0.003626 0.163832  0.028036
129.838629 22.088965 5.446941 0.085846 -36.694956 0.081620 -14.506336 0.059344 16.844210     3445.587010     3.334967 18.446003      571.499142     8.735227 15.624431     4460.525402    17.306665 1.219779         NaN       NaN 0.001051 0.016595 0.004213 0.004342    G+U 14.852609 0.003291 14.444032 0.002744 13.896682           0.002723 13.344623           0.002434 13.030819 0.001669  0.408577 0.004285  0.547350           0.003866  0.552059           0.003652           0.313804           0.002951 10.524973 12.126766  9.305194 0.034239 0.038035 0.034482 0.369522  0.002100  0.297342   0.002100 0.293056  0.023356
130.244642 22.480482 5.655161 0.299139 -36.022499 0.276562 -14.908803 0.203636 19.177279      401.823570     1.155186 20.780857       66.538671     9.226069 17.849886      574.385914     9.789603 1.327393         NaN       NaN 0.003121 0.150545 0.018505 0.018766    G+U 16.945090 0.010207 16.371046 0.007794 15.693513           0.007199 15.169885           0.008654 14.840997 0.005535  0.574043 0.012842  0.677533           0.010610  0.523628           0.011257           0.328888           0.010272 12.939504 14.543082 11.612111 0.114906 0.189361 0.116345 0.176388  0.003703  0.133510   0.002556 0.137334  0.022918
131.106325 22.599692 5.482008 0.075438 -36.929883 0.075150 -15.258112 0.053609 16.744991     3775.288846     3.478361 18.338436      631.018719    10.571412 15.526756     4880.401318    16.648690 1.218235         NaN       NaN 0.001000 0.018189 0.003704 0.003837    G+U 14.754979 0.003096 14.322585 0.002579 13.749703           0.002529 13.171666           0.002162 12.891629 0.002081  0.432394 0.004030  0.572882           0.003612  0.578037           0.003327           0.280037           0.003001 10.439689 12.033134  9.221454 0.029898 0.034982 0.030110 0.378748  0.001862  0.306752   0.001730 0.302600  0.024784
130.254148 22.641797 5.839172 0.217293 -36.724010 0.229346 -15.233983 0.164917 18.641651      658.091883     1.261560 20.506943       85.632675     8.043139 17.320183      935.588200    13.168934 1.321468         NaN       NaN 0.002081 0.101979 0.015282 0.015423    G+U 16.455482 0.007669 15.921069 0.006053 15.296930           0.005684 14.754917           0.005858 14.417122 0.006401  0.534413 0.009770  0.624139           0.008303  0.542013           0.008162           0.337795           0.008677 12.473407 14.338699 11.151939 0.080834 0.130113 0.082240 0.197978  0.003053  0.148612   0.002394 0.145131  0.023655
127.804459 20.900070 5.220191 0.066373 -33.057662 0.080038 -13.919678 0.059275 16.611855     4267.808107     3.623041 18.199825      716.947011    11.584984 15.383439     5569.066998    15.289965 1.228416         NaN       NaN 0.000922 0.017544 0.002981 0.003120    G+U 14.601192 0.002997 14.182808 0.002505 13.615180           0.002420 13.042983           0.001941 12.785112 0.001507  0.418384 0.003906  0.567628           0.003483  0.572197           0.003102           0.257871           0.002457 10.200287 11.788257  8.971871 0.027625 0.032712 0.027770 0.404163  0.001774  0.331181   0.002072 0.327293  0.025234
128.097636 20.995744 5.468223 0.017832 -35.213087 0.016382 -14.321696 0.011632 12.555542   178949.348269    52.577630 13.083514    79801.560162    80.388790 11.878293   140553.313577    96.544100 0.677249   36.340633  1.744683 0.000319 0.001094 0.000746 0.000811    G+U 11.598966 0.000730 11.529854 0.000715 11.347991           0.000810 10.953009           0.000677 10.562266 0.000473  0.069112 0.001022  0.181863           0.001081  0.394982           0.001056           0.390742           0.000826  6.244773  6.772745  5.567524 0.007088 0.007165 0.007120 0.811617  0.000558  0.796852   0.001027 0.806999  0.002301
127.886589 21.024355 5.396944 0.030689 -34.075220 0.032462 -13.871965 0.023602 13.931628    50384.340731    41.479680 14.757668    17074.573859    56.471750 13.034387    48462.231512   113.844810 0.897242   35.387020  3.891984 0.000894 0.003591 0.002551 0.002703    G+U 12.480437 0.001100 12.277321 0.001005 11.828464           0.001018 11.332005           0.000810 11.043662 0.000591  0.203116 0.001490  0.448857           0.001430  0.496459           0.001301           0.288342           0.001003  7.592367  8.418407  6.695126 0.012380 0.012859 0.012608 0.668561  0.000677  0.638671   0.000858 0.669351  0.005504
127.808159 21.137405 5.139195 0.152654 -34.430158 0.158537 -14.786646 0.128761 18.037142     1148.392430     1.593209 19.827686      160.081842     7.298795 16.756327     1572.632579     8.228215 1.280815         NaN       NaN 0.001506 0.049503 0.005681 0.005877    G+U 15.998309 0.006183 15.469781 0.004981 14.855852           0.004839 14.324760           0.004037 14.036615 0.003448  0.528528 0.007940  0.613929           0.006945  0.531093           0.006302           0.288144           0.005309 11.591617 13.382161 10.310802 0.064519 0.081308 0.064751 0.260050  0.003455  0.200089   0.002983 0.191332  0.025699
127.918382 21.273398 5.547717 0.116059 -35.428626 0.103094 -15.227501 0.076625 17.557158     1786.831737     1.929466 19.271864      267.098509     8.819697 16.286747     2423.590321     7.716087 1.270411         NaN       NaN 0.001172 0.035851 0.003457 0.003650    G+U 15.510892 0.004681 15.028732 0.003965 14.429243           0.003777 13.877965           0.002960 13.525497 0.002373  0.482160 0.006134  0.599489           0.005476  0.551278           0.004799           0.352468           0.003794 11.277730 12.992436 10.007319 0.045443 0.057870 0.045559 0.292100  0.002605  0.226374   0.002423 0.216067  0.025314
128.319155 21.338936 5.356888 0.056269 -34.254425 0.054362 -14.115153 0.039134 16.096382     6861.099460     7.811723 17.688208     1148.506818    16.119064 14.870096     8935.519702    30.004004 1.226286         NaN       NaN 0.001236 0.015238 0.003646 0.003850    G+U 14.082738 0.002399 13.643272 0.002173 13.105441           0.002100 12.544475           0.001463 12.273281 0.001076  0.439466 0.003236  0.537831           0.003021  0.560967           0.002559           0.271193           0.001816  9.740945 11.332771  8.514659 0.022843 0.027431 0.023099 0.452539  0.001434  0.377721   0.001584 0.376549  0.023964
128.642711 21.368636 4.890646 0.175437 -34.185625 0.184351 -13.191526 0.151026 16.666780     4057.274611     9.246037 18.309174      648.257286    11.526712 15.314024     5936.749686    13.072976 1.352756         NaN       NaN 0.002474 0.019306 0.002391 0.003441    G+U 14.539371 0.002955 14.057041 0.002563 13.458099           0.002414 12.893180           0.001778 12.616521 0.001303  0.482329 0.003911  0.598942           0.003521  0.564920           0.002998           0.276659           0.002204 10.113611 11.756005  8.760855 0.077934 0.080252 0.077931 0.413859  0.004762  0.338370   0.004817 0.319842  0.029009
128.557699 21.397788 5.274189 0.108502 -35.177548 0.107739 -14.833035 0.077531 17.224690     2427.005096     2.410232 18.894783      378.010132    10.969682 15.982614     3207.103386    11.433962 1.242076         NaN       NaN 0.001078 0.031508 0.003871 0.004018    G+U 15.246644 0.004126 14.748463 0.003563 14.178148           0.003407 13.612825           0.002623 13.257539 0.001900  0.498181 0.005452  0.570314           0.004929  0.565323           0.004300           0.355287           0.003239 10.835468 12.505561  9.593392 0.044685 0.054665 0.044839 0.335122  0.003016  0.266038   0.002806 0.256056  0.029221
128.445531 21.440943 5.444200 0.020418 -34.587258 0.021935 -14.189440 0.017028 14.033426    45875.036015    11.095450 14.906759    14883.783809    23.212603 13.111095    45156.461821    25.514837 0.922331   35.013900  2.146039 0.000263 0.001693 0.000613 0.000667    G+U 12.570151 0.001167 12.349537 0.001174 11.907888           0.001184 11.364947           0.000811 11.092902 0.000588  0.220614 0.001655  0.441648           0.001667  0.542941           0.001435           0.272045           0.001002  7.713096  8.586429  6.790765 0.008148 0.008318 0.008167 0.656405  0.000419  0.625016   0.000546 0.655353  0.003960
128.120427 21.290856 5.451624 0.694617 -34.490732 0.664380 -13.612756 0.499745 20.258823      148.394390     0.706451 21.622860       30.638893     4.258502 18.772250      245.617106     9.651165 1.486574         NaN       NaN 0.005169 0.150907 0.042662 0.042974    G+U 17.908716 0.018965 17.185270 0.014269 16.481049           0.012433 15.905138           0.012429 15.650305 0.010718  0.723446 0.023734  0.704222           0.018926  0.575911           0.017580           0.254833           0.016412 13.941453 15.305490 12.454880 0.276726 0.315156 0.279947 0.147357  0.005308       NaN        NaN 0.116619  0.012397
127.777466 21.229487 5.430570 0.091955 -34.752418 0.090653 -13.941700 0.070666 16.971949     3063.145708     3.025950 18.659214      469.603380    10.586497 15.730449     4045.558919    15.047157 1.241500         NaN       NaN 0.001073 0.024476 0.004038 0.004178    G+U 14.953072 0.003646 14.474133 0.002985 13.920890           0.002984 13.344840           0.002233 12.998191 0.001732  0.478939 0.004712  0.553243           0.004221  0.576050           0.003727           0.346649           0.002826 10.646176 12.333441  9.404676 0.036785 0.044171 0.036990 0.355223  0.002396  0.284411   0.002306 0.272074  0.027622
127.874290 21.444048 5.209711 0.460908 -35.971807 0.424642 -13.880768 0.296591 19.373817      335.289082     1.024388 20.993920       54.682582     7.788562 18.033955      484.815254     9.796974 1.339863         NaN       NaN 0.003317 0.154644 0.021940 0.022190    G+U 17.181618 0.011675 16.512320 0.008633 15.850561           0.008571 15.259798           0.007867 14.859098 0.006260  0.669298 0.014520  0.661758           0.012165  0.590763           0.011634           0.400700           0.010053 12.957885 14.577988 11.618023 0.192141 0.246621 0.193361 0.178346  0.005752  0.133734   0.003954 0.136005  0.023330
127.701965 21.612506 5.387611 0.172908 -35.517860 0.165966 -15.279527 0.110342 18.197190      990.994316     1.650623 20.125479      121.681650     8.304941 16.895567     1383.346787    18.564295 1.301622         NaN       NaN 0.001808 0.074103 0.014570 0.014682    G+U 16.074299 0.006260 15.554572 0.005118 14.945680           0.004985 14.385458           0.004049 14.096993 0.003370  0.519727 0.008086  0.608892           0.007145  0.560222           0.006423           0.288465           0.005269 11.854171 13.782460 10.552548 0.069714 0.101725 0.071197 0.238380  0.003455  0.181139   0.003044 0.169663  0.027662
128.728762 21.648433 5.227559 0.099385 -34.057043 0.095236 -13.567420 0.072076 17.253084     2364.356832     3.163506 19.024328      335.494392     9.094563 16.003645     3145.577107    13.674260 1.249439         NaN       NaN 0.001453 0.029432 0.004720 0.004938    G+U 15.191463 0.004015 14.747008 0.003523 14.169046           0.003548 13.589838           0.002534 13.328338 0.001959  0.444455 0.005342  0.577962           0.005001  0.579208           0.004360           0.261500           0.003203 10.844579 12.615823  9.595140 0.041309 0.050701 0.041553 0.331121  0.002766  0.262394   0.002528 0.246916  0.028076
128.861583 21.650447 5.372539 0.164733 -34.902705 0.139089 -14.675675 0.108956 17.842802     1373.492456     1.817894 19.766315      169.391136     7.902457 16.559872     1884.559380    10.696330 1.282930         NaN       NaN 0.001437 0.050652 0.006162 0.006328    G+U 15.736556 0.005115 15.253734 0.004545 14.653874           0.004422 14.102677           0.003417 13.758516 0.002576  0.482822 0.006842  0.599859           0.006341  0.551197           0.005588           0.344161           0.004279 11.493700 13.417213 10.210770 0.066597 0.083658 0.066866 0.265239  0.003846  0.204438   0.003105 0.189836  0.026944
129.343308 22.033383 5.772146 0.124828 -36.364083 0.127327 -14.704813 0.107881 16.203245     6217.966743    14.174607 17.817677     1019.403129     7.992093 14.883154     8828.697178    16.589388 1.320091         NaN       NaN 0.002475 0.008512 0.002040 0.003208    G+U 14.105284 0.002356 13.605999 0.001841 13.046523           0.001852 12.523397           0.001529 12.122005 0.000976  0.499285 0.002990  0.559476           0.002611  0.523126           0.002402           0.401392           0.001814 10.009932 11.624364  8.689841 0.047025 0.047725 0.047004 0.424582  0.002858  0.349899   0.004200 0.336633  0.019078
127.329238 21.715514 5.344779 0.246616 -33.910490 0.297977 -15.450900 0.208645 18.627008      667.027362     1.382204 20.539242       83.122827     6.172168 17.289362      962.528464    12.220657 1.337646         NaN       NaN 0.002250 0.080620 0.013785 0.013967    G+U 16.431997 0.007650 15.882613 0.006194 15.266057           0.006115 14.713856           0.005258 14.398924 0.004516  0.549384 0.009843  0.616556           0.008704  0.552201           0.008065           0.314932           0.006932 12.266657 14.178891 10.929011 0.100220 0.128602 0.101139 0.210714  0.003949  0.157272   0.003101 0.150689  0.023509
126.992052 22.102002 5.672289 0.131060 -33.964047 0.132514 -14.300514 0.088752  9.568588  2802280.253608   500.877560  9.785049  1664933.648124   422.798580  9.200775  1655191.332354   315.072170 0.367813   33.287384  1.126343 0.000194 0.000276 0.000207 0.000284    G+H       NaN      NaN       NaN      NaN       NaN                NaN       NaN                NaN       NaN      NaN       NaN      NaN       NaN                NaN       NaN                NaN                NaN                NaN  3.337380  3.553841  2.969567 0.050173 0.050173 0.050173 1.357057  0.007448  1.333177   0.007574 1.315914  0.013286
129.251397 22.546331 5.413084 0.016926 -35.703604 0.017361 -14.531584 0.013125 12.438365   199342.806888    48.972458 12.945800    90593.470440    67.189120 11.780321   153826.001174    88.766884 0.658044   33.594986  0.606718 0.000267 0.000805 0.000627 0.000681    G+U 11.546561 0.000699 11.471842 0.000674 11.050078           0.000712 10.849758           0.000649 10.508249 0.000417  0.074719 0.000971  0.421763           0.000981  0.200320           0.000963           0.341509           0.000771  6.105589  6.613024  5.447545 0.006795 0.006838 0.006819 0.830152  0.000514  0.815117   0.000571 0.821347  0.001995
131.847348 17.440788 5.260788 1.357913 -40.966974 1.330854 -11.982415 0.850680 20.587100      109.674948     0.731839 21.975360       22.144841     5.247263 19.091066      183.118170     9.653651 1.496033         NaN       NaN 0.007245 0.257267 0.057238 0.057695    G+U 18.056091 0.022127 17.106756 0.012409 16.160944           0.009678 15.548803           0.009755 15.119319 0.008388  0.949335 0.025369  0.945812           0.015737  0.612141           0.013741           0.429484           0.012865 14.192354 15.580614 12.696320 0.560547 0.616723 0.563415 0.141329  0.009744       NaN        NaN 0.112786  0.016132
131.780280 17.750490 5.397810 0.345845 -35.708145 0.345092 -11.523038 0.245955 19.225874      384.235162     0.988184 21.137981       47.887757     5.597774 17.899681      548.637531    10.490429 1.326193         NaN       NaN 0.002792 0.126916 0.020760 0.020947    G+U 17.016762 0.010583 16.371960 0.008526 15.710995           0.009141 15.157570           0.007456 14.829102 0.005661  0.644802 0.013590  0.660965           0.012500  0.553425           0.011796           0.328468           0.009361 12.886962 14.799069 11.560769 0.139157 0.188320 0.140670 0.176805  0.004209  0.132942   0.002909 0.130916  0.020310
132.891141 17.706697 5.525876 0.168631 -38.226351 0.186064 -11.315948 0.160061 18.239683      952.957344     1.443731 20.081030      126.766568     7.307054 16.936909     1331.663321    10.840170 1.302774         NaN       NaN 0.001645 0.062584 0.008838 0.008990    G+U 16.083914 0.006175 15.570053 0.004941 14.965980           0.005110 14.414164           0.004315 14.074517 0.003113  0.513861 0.007908  0.604074           0.007108  0.551816           0.006688           0.339646           0.005321 11.951689 13.793036 10.648915 0.066286 0.091148 0.066853 0.232717  0.003100  0.175740   0.002720 0.168785  0.024480
132.751507 18.050984 5.436518 0.049370 -38.600955 0.056253 -11.992300 0.047969 16.117592     6728.373251     6.121747 17.540934     1315.356681     9.703175 14.945022     8339.683015    18.327087 1.172570         NaN       NaN 0.000988 0.008009 0.002386 0.002582    G+U 14.269839 0.002498 13.867753 0.002118 13.303743           0.002193 12.767843           0.001711 12.526043 0.001225  0.402086 0.003275  0.564010           0.003049  0.535900           0.002781           0.241800           0.002104  9.794196 11.217538  8.621626 0.019744 0.021284 0.019863 0.450102  0.001200  0.373843   0.001120 0.390987  0.016022
132.749100 18.093809 5.705071 1.089009 -40.492477 1.381090 -13.921234 1.274391 20.589270      109.455892     0.712038 21.642334       30.094242     4.629774 19.055160      189.275218     7.341766 1.534109         NaN       NaN 0.007063 0.167032 0.042114 0.042703    G+U 18.238562 0.025991 17.500502 0.018658 16.780180           0.018492 16.185766           0.017502 15.789302 0.013634  0.738060 0.031994  0.720322           0.026269  0.594414           0.025461           0.396464           0.022186 14.370575 15.423639 12.836465 0.414560 0.446889 0.416634 0.140237  0.006798       NaN        NaN 0.113713  0.011329
131.499918 17.827403 5.363379 0.084812 -36.572981 0.090452 -10.869463 0.065323 17.102743     2715.498094     3.433413 18.875528      384.774147     8.581167 15.837025     3667.317050    13.380634 1.265718         NaN       NaN 0.001373 0.024214 0.003961 0.004193    G+U 15.089967 0.003647 14.575891 0.003042 13.963274           0.003156 13.413309           0.002362 13.123998 0.002411  0.514076 0.004749  0.612617           0.004384  0.549965           0.003942           0.289311           0.003375 10.749935 12.522720  9.484217 0.034365 0.042017 0.034566 0.342113  0.002370  0.272457   0.002190 0.253686  0.026474
131.533865 18.040871 5.725127 0.123750 -36.684482 0.130344 -11.709508 0.092233 17.926682     1271.376600     1.639478 19.833918      159.165819     6.730522 16.632536     1762.560188     7.678958 1.294146         NaN       NaN 0.001400 0.045912 0.004730 0.004933    G+U 15.754437 0.005011 15.254430 0.004370 14.646860           0.004350 14.130178           0.003353 13.805864 0.004142  0.500008 0.006648  0.607570           0.006166  0.516683           0.005492           0.324313           0.005329 11.715608 13.622844 10.421462 0.046958 0.065658 0.047175 0.248654  0.002010  0.190563   0.002287 0.177983  0.023131
131.565307 18.097162 5.353864 0.177813 -36.113838 0.187510 -11.206651 0.144158 18.461275      777.028483     1.282600 20.409088       93.709010     6.517211 17.158943     1085.377628     6.385919 1.302332         NaN       NaN 0.001792 0.075510 0.006388 0.006635    G+U 16.275257 0.006759 15.766463 0.005889 15.153968           0.005972 14.635018           0.004688 14.321248 0.006259  0.508794 0.008964  0.612495           0.008387  0.518949           0.007592           0.313770           0.007820 12.104612 14.052425 10.802280 0.072141 0.104417 0.072401 0.219857  0.003228  0.165315   0.002553 0.157331  0.024637
131.731644 18.033541 5.798544 0.346347 -36.784004 0.405689 -11.894801 0.341127 19.141966      415.107094     0.988454 21.013813       53.689770     5.298000 17.761497      623.102056     9.777174 1.380468         NaN       NaN 0.002585 0.107138 0.017036 0.017231    G+U 16.882330 0.009797 16.277250 0.008449 15.611842           0.008972 15.076847           0.007405 14.670417 0.005451  0.605080 0.012937  0.665408           0.012324  0.534995           0.011633           0.406430           0.009195 12.958561 14.830408 11.578092 0.129728 0.168230 0.130816 0.175072  0.003802  0.131566   0.002651 0.128771  0.017595
131.787808 18.193655 5.476873 0.053140 -37.341660 0.053683 -11.250434 0.039996 16.005327     7461.325328     5.128674 17.381838     1522.937102     8.367941 14.846748     9129.746627    16.165009 1.158579         NaN       NaN 0.000746 0.005966 0.001922 0.002062    G+U 14.115707 0.002203 13.746086 0.002037 13.244319           0.002139 12.661428           0.001627 12.629792 0.001322  0.369621 0.003000  0.501767           0.002953  0.582891           0.002687           0.031635           0.002096  9.697990 11.074501  8.539411 0.021082 0.021897 0.021156 0.460909  0.001230  0.382894   0.001936 0.406799  0.013591
131.639632 18.235947 5.596202 0.018655 -37.956273 0.019781 -11.586732 0.015436 12.839360   137785.168367    43.677383 13.434562    57755.351737    58.752953 12.110549   113485.082413   102.341600 0.728811   33.799416  0.709435 0.000344 0.001104 0.000979 0.001038    G+U 11.741928 0.000728 11.581419 0.000715 11.230528           0.000797 10.782777           0.000620 10.594499 0.000568  0.160509 0.001021  0.350891           0.001071  0.447751           0.001010           0.188278           0.000841  6.578827  7.174029  5.850016 0.007247 0.007322 0.007304 0.771317  0.000458  0.753497   0.001002 0.772939  0.002396
131.937809 18.356604 5.448218 0.039207 -38.330096 0.040817 -11.159974 0.029458 15.383202    13233.232556     5.634334 16.807686     2584.296778    14.185249 14.211038    16396.203004    21.010197 1.172164   33.711918  4.570937 0.000462 0.005960 0.001391 0.001466    G+U 13.477595 0.001605 13.083411 0.001458 12.561854           0.001486 11.979244           0.001161 11.838312 0.000859  0.394184 0.002169  0.521557           0.002082  0.582610           0.001886           0.140932           0.001444  9.064475 10.488959  7.892311 0.015633 0.016724 0.015688 0.522138  0.000878  0.463009   0.001475 0.470054  0.013666
131.084478 18.049810 5.338257 0.016130 -36.067862 0.017765 -10.941592 0.012038 12.626378   167646.924698    35.352707 13.166862    73904.738916    58.527080 11.941752   132573.678809    77.174400 0.684626   34.781013  0.430513 0.000229 0.000860 0.000632 0.000672    G+U 11.545946 0.000664 11.455079 0.000693 11.101208           0.000738 10.886257           0.000636 10.548367 0.000586  0.090867 0.000960  0.353871           0.001012  0.214951           0.000975           0.337890           0.000865  6.263375  6.803859  5.578749 0.006565 0.006617 0.006591 0.808786  0.000507  0.794255   0.000554 0.804525  0.002068
131.342480 18.230930 5.131094 0.418917 -37.659358 0.434852 -12.734902 0.323689 19.785727      229.433217     0.706785 21.359630       39.044945     5.026186 18.385262      350.794888     6.694638 1.400465         NaN       NaN 0.003345 0.139765 0.020720 0.020989    G+U 17.433006 0.013883 16.770174 0.011774 16.086660           0.011414 15.518404           0.008990 15.174842 0.012755  0.662832 0.018204  0.683514           0.016398  0.568256           0.014529           0.343562           0.015605 13.336777 14.910680 11.936312 0.177317 0.225753 0.178492 0.163301  0.004471  0.122856   0.003399 0.125846  0.016954
130.949759 18.317726 5.247362 0.090477 -35.207778 0.096804 -11.309999 0.073452 16.851435     3422.728950     5.132724 18.562830      513.198046    10.726775 15.462260     5179.098610    46.544834 1.389174         NaN       NaN 0.001628 0.022694 0.009758 0.009892    G+U 14.670247 0.002900 14.167013 0.002667 13.554943           0.002511 13.022720           0.001897 12.702942 0.001991  0.503234 0.003940  0.612070           0.003663  0.532223           0.003147           0.319778           0.002750 10.451140 12.162535  9.061965 0.037477 0.043782 0.038692 0.379012  0.002349  0.306684   0.002204 0.275975  0.028683
131.234991 18.371324 5.562343 0.026941 -37.582411 0.028494 -12.186270 0.023563 14.973653    19296.809569    15.870293 16.132427     4813.336833    21.815823 13.902158    21791.900578    41.661410 1.071495   46.052430  5.525480 0.000893 0.004921 0.002076 0.002260    G+U 13.246161 0.001472 12.930809 0.001461 12.413745           0.001418 11.814364           0.001023 11.601814 0.001000  0.315352 0.002074  0.517064           0.002036  0.599381           0.001749           0.212549           0.001431  8.699942  9.858716  7.628447 0.010555 0.011612 0.010720 0.565890  0.000752  0.505707   0.003879 0.538089  0.009928
131.093975 18.385853 5.511617 0.061031 -37.802502 0.068328 -12.011923 0.050326 16.812650     3547.205162     4.087395 18.506523      540.514598     7.586322 15.571426     4683.684692    16.424952 1.241224         NaN       NaN 0.001251 0.015239 0.003808 0.004008    G+U 14.761594 0.003077 14.334915 0.002699 13.749655           0.002828 13.206202           0.002124 12.923376 0.002202  0.426679 0.004094  0.585260           0.003910  0.543453           0.003537           0.282825           0.003060 10.519045 12.212918  9.277821 0.024077 0.028467 0.024345 0.368138  0.001518  0.296804   0.001533 0.283797  0.022663
130.986241 18.355936 5.502347 0.191187 -36.361338 0.207714 -11.759642 0.147103 18.553524      713.734622     1.088623 20.517551       84.800072     5.158681 17.230576     1016.080902     8.170817 1.322949         NaN       NaN 0.001656 0.066049 0.008731 0.008887    G+U 16.366340 0.007213 15.844435 0.006916 15.198946           0.006784 14.657832           0.005222 14.766066 0.009761  0.521906 0.009993  0.645489           0.009688  0.541114           0.008561          -0.108233           0.011070 12.256264 14.220291 10.933316 0.075469 0.100276 0.075954 0.210008  0.002954  0.156989   0.002352 0.149738  0.021149
131.382160 18.568779 5.865366 1.020609 -37.173181 0.985382 -14.127313 0.783810 20.542501      114.273734     0.679237 21.848410       24.891610     4.499028 19.079700      185.045198     7.252744 1.462801         NaN       NaN 0.006454 0.196241 0.042555 0.043041    G+U 18.195787 0.024141 17.352410 0.016374 16.593847           0.016967 15.988677           0.013855 15.514143 0.010314  0.843378 0.029170  0.758562           0.023579  0.605170           0.021905           0.474534           0.017273 14.383977 15.689886 12.921176 0.377904 0.425771 0.380238 0.135909  0.006075       NaN        NaN 0.111674  0.011538
131.420134 18.582552 5.526812 0.145010 -35.573077 0.164223 -11.578600 0.136311 18.145935     1038.898099     1.446361 20.145690      119.437501     7.085640 16.842089     1453.191037     7.022057 1.303846         NaN       NaN 0.001512 0.064411 0.005246 0.005460    G+U 16.063143 0.006196 15.501110 0.004864 14.891249           0.005182 14.345768           0.004081 14.072247 0.003323  0.562033 0.007877  0.609861           0.007108  0.545481           0.006596           0.273520           0.005263 11.858309 13.858064 10.554463 0.056994 0.085993 0.057215 0.236946  0.002847  0.180225   0.002465 0.166155  0.025466
131.583408 18.683448 5.262502 0.112952 -36.283192 0.116734 -10.763842 0.086711 16.136581     6611.720004     9.983925 17.664518     1173.842038    10.980134 14.849334     9108.032015    19.633469 1.287248         NaN       NaN 0.001639 0.010156 0.002340 0.002858    G+U 14.074866 0.002374 13.620149 0.001918 13.062932           0.001991 12.492671           0.001444 12.302964 0.001068  0.454718 0.003052  0.557217           0.002764  0.570261           0.002459           0.189707           0.001796  9.742542 11.270479  8.455295 0.046636 0.047701 0.046666 0.454579  0.002726  0.377778   0.002083 0.376648  0.020080
131.575925 18.719139 5.318869 0.087767 -37.523896 0.091573 -12.221942 0.063083 17.125807     2658.423108     2.548351 18.828700      401.732898     8.840735 15.878773     3528.979321     9.803657 1.247034         NaN       NaN 0.001041 0.023893 0.003016 0.003191    G+U 15.064629 0.003746 14.620263 0.003109 14.082738           0.003332 13.488787           0.002455 13.142606 0.001746  0.444366 0.004868  0.537525           0.004557  0.593951           0.004138           0.346181           0.003012 10.754904 12.457797  9.507870 0.035847 0.043067 0.035958 0.343054  0.002456  0.273124   0.002230 0.260285  0.026268
131.356918 18.713299 5.325125 0.083981 -36.734480 0.091834 -11.810582 0.067961 12.573647   175990.113318    47.607143 13.112930    77668.499497    61.297455 11.887734   139336.305539    93.417240 0.685912   34.569653  0.869940 0.000294 0.000857 0.000728 0.000785    G+U 11.571955 0.000745 11.546611 0.000713 11.045597           0.000762 10.997485           0.000665 10.661538 0.000455  0.025344 0.001032  0.501014           0.001044  0.048112           0.001012           0.335947           0.000806  6.205296  6.744579  5.519383 0.034247 0.034256 0.034253 0.816636  0.002627  0.801489   0.002576 0.809764  0.003697
131.403479 18.723575 5.422983 0.131534 -37.223817 0.142691 -11.699216 0.099353 17.648489     1642.672544     1.531129 19.400913      237.165368     8.487584 16.369768     2245.178325    10.860720 1.278721         NaN       NaN 0.001012 0.038856 0.005252 0.005349    G+U 15.632699 0.005166 15.115112 0.004052 14.483962           0.004331 13.936207           0.003189 13.548742 0.002263  0.517587 0.006565  0.631150           0.005931  0.547755           0.005378           0.387465           0.003911 11.319680 13.072104 10.040959 0.052679 0.065451 0.052930 0.287234  0.003159  0.221776   0.002774 0.210419  0.025803
132.361344 18.522040 5.238998 0.081096 -38.365145 0.084671 -12.006238 0.064456 14.601021    27198.096296    22.828161 15.626138     7672.936849    28.112429 13.583998    29211.842950    56.116430 1.017023   34.166336  5.246639 0.000911 0.003978 0.002086 0.002276    G+U 12.975050 0.001401 12.692593 0.001198 12.212442           0.001272 11.633424           0.000928 11.413326 0.000846  0.282457 0.001843  0.480150           0.001747  0.579019           0.001575           0.220098           0.001256  8.197262  9.222379  7.180239 0.033625 0.033847 0.033677 0.610029  0.001980  0.571210   0.002037 0.598963  0.007866
131.953430 18.605373 5.399260 0.088105 -37.749812 0.087438 -12.410794 0.067647 16.701475     3929.677462     3.014368 18.428112      580.994736    10.010323 15.439723     5287.725054    14.098420 1.261752         NaN       NaN 0.000833 0.018707 0.002895 0.003012    G+U 14.668036 0.003088 14.176621 0.002424 13.586446           0.002510 13.046087           0.001894 12.708160 0.001362  0.491416 0.003926  0.590175           0.003489  0.540359           0.003144           0.337927           0.002333 10.363146 12.089783  9.101394 0.035444 0.040069 0.035552 0.383250  0.002176  0.311187   0.001872 0.294617  0.026405
132.007066 18.677070 5.476848 0.018240 -38.072959 0.019496 -11.919999 0.014613 10.250106  1495906.550563   616.009300 10.589467   793651.593133   780.050660  9.740855  1006505.689920   723.879000 0.509251         NaN       NaN 0.000447 0.001067 0.000781 0.000900      G       NaN      NaN       NaN      NaN       NaN                NaN       NaN                NaN       NaN      NaN       NaN      NaN       NaN                NaN       NaN                NaN                NaN                NaN  3.942759  4.282120  3.433508 0.007246 0.007310 0.007274 1.212911  0.000949  1.189398   0.001258 1.148002  0.004201
132.093732 18.612386 5.361354 0.039821 -36.886088 0.046928 -11.357426 0.032672 15.836479     8716.757534     4.809357 17.160288     1867.678416     9.051538 14.699503    10455.792328    16.301485 1.136976         NaN       NaN 0.000599 0.005262 0.001693 0.001796    G+U 13.994600 0.002230 13.616876 0.001878 13.134454           0.001970 12.544848           0.001412 12.250372 0.001066  0.377725 0.002915  0.482422           0.002722  0.589605           0.002424           0.294476           0.001770  9.482851 10.806660  8.345875 0.016140 0.016965 0.016217 0.484509  0.001035  0.409430   0.002896 0.436641  0.012290
131.637475 18.906654 5.381662 0.017172 -37.498836 0.018539 -12.609959 0.013766 12.872182   133682.287991    45.247463 13.460778    56377.494981    65.247910 12.150211   109414.195313    88.058020 0.721971   35.990986  1.902483 0.000367 0.001257 0.000874 0.000948    G+U 11.791089 0.000788 11.660264 0.000732 11.294982           0.000821 10.920826           0.000637 10.758271 0.000481  0.130825 0.001075  0.365282           0.001100  0.374156           0.001039           0.162555           0.000798  6.526764  7.115360  5.804793 0.006939 0.007042 0.006984 0.776989  0.000447  0.760481   0.000557 0.777953  0.002528
131.770518 18.928450 5.428776 0.118416 -37.424643 0.127114 -12.157466 0.085881 17.490103     1900.666217     1.824706 19.258078      270.511583     7.048529 16.203062     2617.781807    11.432529 1.287041         NaN       NaN 0.001042 0.028290 0.004742 0.004855    G+U 15.420227 0.004524 14.926659 0.003594 14.346868           0.003718 13.753600           0.002783 13.494447 0.002157  0.493568 0.005777  0.579791           0.005171  0.593267           0.004645           0.259153           0.003521 11.163613 12.931588  9.876572 0.047377 0.055171 0.047603 0.300729  0.002402  0.233864   0.002475 0.219674  0.023679
131.923997 18.941253 5.468462 0.056933 -38.797033 0.061644 -12.814209 0.046667 16.336510     5499.746285     4.559229 17.866945      974.179663    11.384226 15.119685     7100.420597    14.971392 1.216824         NaN       NaN 0.000900 0.012688 0.002289 0.002460    G+U 14.343720 0.002591 13.940339 0.002158 13.370281           0.002203 12.821927           0.001696 12.624928 0.001270  0.403381 0.003372  0.570058           0.003084  0.548354           0.002780           0.196999           0.002118 10.025836 11.556271  8.809011 0.022625 0.025925 0.022723 0.423940  0.001447  0.353756   0.002859 0.352341  0.021193
131.771680 19.036024 5.225514 0.198134 -36.964143 0.228037 -11.697437 0.147006 18.479053      764.408295     1.200602 20.399586       94.532869     6.812383 17.151787     1092.554633     9.215775 1.327267         NaN       NaN 0.001705 0.078242 0.009158 0.009316    G+U 16.340124 0.007511 15.817896 0.005854 15.198519           0.006147 14.645011           0.004955 14.378469 0.004005  0.522228 0.009523  0.619377           0.008488  0.553508           0.007895           0.266541           0.006371 12.069698 13.990231 10.742432 0.082353 0.113582 0.082843 0.223392  0.003655  0.167849   0.003118 0.158937  0.025594
131.723595 19.049071 5.514566 0.107670 -37.811714 0.122505 -11.897630 0.081003 17.645044     1647.891866     1.799655 19.491272      218.226746     8.365313 16.372795     2238.929328     9.975577 1.272249         NaN       NaN 0.001186 0.041620 0.004838 0.004981    G+U 15.559602 0.004877 15.071521 0.003860 14.475212           0.004028 13.904119           0.003078 13.681954 0.002446  0.488081 0.006219  0.596309           0.005579  0.571094           0.005070           0.222164           0.003932 11.352601 13.198829 10.080352 0.042414 0.059412 0.042673 0.281703  0.002742  0.218319   0.002297 0.203160  0.026032
132.141953 19.021249 5.697609 0.480877 -38.494103 0.532375 -12.383878 0.402164 19.288239      362.786843     1.523815 21.110981       49.093547     5.923290 17.722784      645.720866     7.797533 1.565454         NaN       NaN 0.004560 0.130997 0.013111 0.013882    G+U 16.792248 0.009602 16.122578 0.008003 15.408504           0.007459 14.849840           0.005846 14.591757 0.005341  0.669670 0.012500  0.714073           0.010940  0.558664           0.009477           0.258083           0.007918 13.066702 14.889444 11.501247 0.183328 0.225275 0.183740 0.174039  0.005168  0.130556   0.003628 0.123424  0.017541
132.497232 19.166887 5.310222 0.069169 -37.040466 0.073390 -12.072299 0.054191 16.845580     3441.238657     2.775054 18.554712      517.049301     9.917905 15.599005     4566.214946     9.793261 1.246574         NaN       NaN 0.000876 0.020826 0.002329 0.002488    G+U 14.759923 0.003221 14.333188 0.002746 13.740265           0.002529 13.190854           0.001985 12.864296 0.002198  0.426735 0.004233  0.592923           0.003734  0.549411           0.003215           0.326558           0.002962 10.471144 12.180276  9.224569 0.028298 0.035125 0.028381 0.373306  0.001802  0.302421   0.001741 0.286722  0.026878
132.105873 19.160891 5.407200 0.129130 -37.643718 0.142604 -12.239910 0.092617 17.624890     1678.770135     1.901295 19.353298      247.797885     7.779219 16.368528     2247.744165     8.158597 1.256361         NaN       NaN 0.001230 0.034085 0.003941 0.004128    G+U 15.548220 0.004853 15.096828 0.003985 14.533447           0.004352 13.991884           0.003365 13.710323 0.004111  0.451391 0.006280  0.563381           0.005901  0.541563           0.005501           0.281561           0.005312 11.289752 13.018160 10.033390 0.051872 0.062056 0.052007 0.289994  0.002982  0.223817   0.002707 0.215257  0.024604
132.042396 19.149904 5.579538 0.348813 -38.472165 0.397834 -12.875863 0.251526 19.304918      357.255637     0.994822 21.077085       50.650400     5.252667 17.932535      532.284477     9.493247 1.372383         NaN       NaN 0.003023 0.112596 0.019364 0.019599    G+U 17.049793 0.011537 16.428629 0.008951 15.739247           0.009673 15.215748           0.008004 14.858880 0.010695  0.621164 0.014602  0.689382           0.013179  0.523500           0.012555           0.356868           0.013359 13.037909 14.810076 11.665526 0.135786 0.176371 0.137127 0.172702  0.003883  0.129907   0.002757 0.129280  0.017673
131.974172 19.131439 5.362336 0.098661 -37.593254 0.108860 -11.979280 0.077235 17.434742     2000.091515     2.116903 19.162067      295.522103     9.232589 16.174522     2687.502674    14.663113 1.260220         NaN       NaN 0.001149 0.033920 0.005924 0.006034    G+U 15.364070 0.004345 14.897526 0.003601 14.329182           0.003717 13.761119           0.002833 13.448379 0.002040  0.466544 0.005643  0.568344           0.005175  0.568063           0.004674           0.312740           0.003491 11.081512 12.808837  9.821292 0.039969 0.052410 0.040389 0.308747  0.002385  0.243122   0.002276 0.230210  0.027038
131.960351 19.153021 5.360862 0.093144 -37.632231 0.102745 -11.517658 0.072190 17.375795     2111.681397     2.046817 19.119411      307.363601     8.651785 16.122276     2819.988504    14.135191 1.253519         NaN       NaN 0.001052 0.030562 0.005442 0.005543    G+U 15.302018 0.004204 14.846791 0.003499 14.289449           0.003648 13.729534           0.002788 13.434947 0.002023  0.455227 0.005470  0.557342           0.005055  0.559915           0.004592           0.294587           0.003445 11.021968 12.765584  9.768449 0.037744 0.048554 0.038119 0.314032  0.002448  0.247606   0.002170 0.234163  0.026380
133.520687 18.447445 5.632544 0.153220 -38.042752 0.171168 -11.288336 0.132864 17.982159     1208.044900     1.642453 19.847406      157.200716     8.779682 16.685783     1678.204678    10.313437 1.296375         NaN       NaN 0.001476 0.060639 0.006672 0.006834    G+U 15.909342 0.006464 15.365281 0.004868 14.770479           0.004371 14.223324           0.003584 13.867383 0.004486  0.544061 0.008092  0.594802           0.006543  0.547155           0.005653           0.355941           0.005742 11.735682 13.600929 10.439306 0.059088 0.084654 0.059446 0.248094  0.002610  0.190195   0.002712 0.178856  0.026493
133.188902 18.614381 4.922127 0.401840 -37.198984 0.449334 -11.821319 0.274356 19.328255      349.658821     0.843082 21.017815       53.492238     6.273169 17.973469      512.590977     8.210754 1.354786         NaN       NaN 0.002618 0.127327 0.017391 0.017587    G+U 17.093590 0.012510 16.458965 0.009071 15.836403           0.008080 15.251594           0.006934 14.932796 0.010092  0.634625 0.015453  0.622562           0.012148  0.584809           0.010647           0.318798           0.012244 12.789019 14.478579 11.434233 0.177297 0.218265 0.178129 0.186123  0.005513  0.138910   0.003795 0.138872  0.023078
133.560527 19.274593 5.768711 2.566334 -40.069684 2.257275  -9.564468 1.496147 20.885363       83.330039     0.912734 21.337978       39.831363     7.566862 19.604927      114.074123     8.407449 1.280436         NaN       NaN 0.011892 0.206260 0.080021 0.080899    G+U 18.846281 0.041452 18.551537 0.041854 18.004810           0.041649 17.540600           0.058200 17.375368 0.049103  0.294745 0.058907  0.546726           0.059046  0.464211           0.071567           0.165232           0.076147 14.690757 15.143372 13.410321 0.966099 0.987800 0.969335 0.138190  0.018697       NaN        NaN 0.117917  0.020059
132.749353 19.009852 5.269800 0.120206 -37.884697 0.118360 -12.052656 0.085226 17.670979     1608.997341     1.941840 19.469730      222.599789     6.872171 16.404980     2173.533460     9.828819 1.265999         NaN       NaN 0.001310 0.033519 0.004910 0.005082    G+U 15.643779 0.005182 15.155245 0.004270 14.608838           0.004196 14.000214           0.003188 13.652887 0.002443  0.488534 0.006715  0.546407           0.005986  0.608624           0.005269           0.347326           0.004016 11.279950 13.078701 10.013951 0.049549 0.059808 0.049775 0.289160  0.002894  0.223176   0.002583 0.211046  0.024339
132.556789 19.689975 5.713309 0.253772 -37.535694 0.284933 -13.175964 0.196439 19.014072      467.001284     1.002995 21.003498       54.202273     4.788151 17.681463      670.768848     9.189552 1.332609         NaN       NaN 0.002332 0.095912 0.014875 0.015056    G+U 16.776186 0.010051 16.222193 0.008093 15.563030           0.007781 15.048982           0.006902 14.681899 0.007690  0.553993 0.012904  0.659162           0.011227  0.514049           0.010401           0.367083           0.010333 12.798511 14.787937 11.465902 0.096480 0.136023 0.097592 0.179881  0.003030  0.135256   0.002100 0.131172  0.018041
132.736799 19.616040 5.221678 0.052371 -36.487966 0.059948 -12.188652 0.040288 16.407822     5150.128356     4.507893 17.906534      939.298312    11.072229 15.214151     6508.751166    17.325700 1.193670         NaN       NaN 0.000950 0.012798 0.002890 0.003042    G+U 14.436007 0.002972 14.029214 0.002386 13.531533           0.002274 12.917518           0.001816 12.654111 0.001788  0.406793 0.003811  0.497681           0.003296  0.614016           0.002910           0.263407           0.002548  9.996872 11.495584  8.803201 0.021799 0.025261 0.021970 0.427359  0.001400  0.354956   0.000709 0.360440  0.020866
132.707506 19.810096 5.405381 0.058738 -36.131807 0.061083 -12.692783 0.046949 16.508348     4694.694048     3.640318 18.162685      741.895861     6.540759 15.271506     6173.845895    14.063071 1.236842         NaN       NaN 0.000842 0.009572 0.002473 0.002613    G+U 14.491613 0.002748 14.032255 0.002372 13.465188           0.002294 12.901265           0.001734 12.616444 0.001696  0.459358 0.003630  0.567067           0.003300  0.563923           0.002876           0.284822           0.002426 10.172479 11.826816  8.935637 0.023612 0.025464 0.023726 0.404100  0.001466  0.330545   0.001001 0.323346  0.019168
133.387455 20.248207 5.397916 0.067186 -37.752977 0.073713 -12.303715 0.052411 16.912983     3234.102860     3.337381 18.558702      515.152713     6.665497 15.676607     4251.238114    13.576326 1.236376         NaN       NaN 0.001120 0.014048 0.003467 0.003644    G+U 14.912017 0.003490 14.444192 0.002822 13.893849           0.002820 13.332765           0.002151 13.004823 0.001608  0.467825 0.004488  0.550343           0.003989  0.561085           0.003547           0.327942           0.002686 10.574114 12.219833  9.337738 0.027051 0.030461 0.027249 0.363546  0.001687  0.291620   0.001680 0.282960  0.021341
133.759170 20.398296 5.439059 0.015591 -35.721268 0.017701 -13.474438 0.015530 13.510819    74236.770157    14.480361 14.231225    27728.522598    25.313576 12.688747    66628.361945    44.021893 0.822072   36.334007  1.243196 0.000212 0.000991 0.000717 0.000748    G+U 12.233040 0.001029 12.049377 0.000900 11.650771           0.000980 11.199840           0.000736 10.958553 0.000534  0.183662 0.001367  0.398606           0.001331  0.450932           0.001226           0.241286           0.000909  7.188438  7.908844  6.366366 0.006228 0.006303 0.006266 0.707848  0.000370  0.681511   0.000515 0.712051  0.002568
130.689965 18.351606 4.586753 0.521401 -37.023666 0.556310 -11.817463 0.363141 19.530437      290.249439     0.781111 21.260750       42.767821     5.850100 18.171633      427.076131     6.528111 1.358805         NaN       NaN 0.002922 0.148515 0.016596 0.016851    G+U 17.226507 0.011953 16.629107 0.010039 15.932154           0.010138 15.398137           0.009217 15.012743 0.006675  0.597401 0.015610  0.696953           0.014267  0.534017           0.013702           0.385394           0.011381 12.837964 14.568277 11.479160 0.246860 0.288077 0.247400 0.183777  0.007383  0.137029   0.005110 0.136121  0.024465
130.693776 18.438531 5.174130 0.298963 -36.166184 0.301318 -11.525026 0.207895 18.591953      688.914572     1.080792 20.667505       73.860880     5.447433 17.208652     1036.805322     9.352541 1.383301         NaN       NaN 0.001703 0.080076 0.009794 0.009941    G+U 16.337324 0.007445 15.677869 0.005768 15.046326           0.006184 14.465092           0.004480 14.102467 0.003279  0.659455 0.009418  0.631543           0.008457  0.581234           0.007637           0.362625           0.005552 12.161140 14.236692 10.777839 0.125480 0.148844 0.125850 0.215094  0.004978  0.160185   0.003864 0.147133  0.023940
130.913706 18.425520 5.365430 0.051234 -36.976935 0.057387 -11.253866 0.039994 16.259240     5905.427478     3.488241 17.718004     1117.417468     9.177370 15.076295     7389.930360    10.273637 1.182944         NaN       NaN 0.000641 0.008917 0.001509 0.001640    G+U 14.349592 0.002476 13.948480 0.002385 13.414243           0.002329 12.822629           0.001702 12.567089 0.001832  0.401113 0.003438  0.534237           0.003334  0.591614           0.002885           0.255540           0.002500  9.907263 11.366027  8.724318 0.020745 0.022571 0.020790 0.437512  0.001289  0.363813   0.001468 0.374663  0.017155
130.803649 18.530719 5.544297 0.046337 -38.006679 0.048497 -11.962855 0.033015 15.837771     8706.393284     4.457467 17.181826     1830.994363     8.373816 14.695301    10496.333741    14.254242 1.142470         NaN       NaN 0.000556 0.004965 0.001474 0.001576    G+U 14.013796 0.002226 13.639956 0.001895 13.141816           0.001990 12.549138           0.001422 12.329582 0.001092  0.373839 0.002923  0.498140           0.002748  0.592678           0.002445           0.219556           0.001793  9.557004 10.901059  8.414534 0.018157 0.018815 0.018208 0.475885  0.001119  0.401816   0.002282 0.426369  0.012134
130.879180 18.548467 5.285425 0.114365 -37.961470 0.132196 -12.358841 0.087553 13.442511    79057.376122    21.695889 14.200179    28532.858463    34.719890 12.591842    72848.628667    47.406260 0.850669   36.021816  1.443006 0.000298 0.001321 0.000707 0.000767    G+U 12.159329 0.000931 11.928071 0.000843 11.490873           0.000892 11.150013           0.000704 10.762137 0.000488  0.231258 0.001256  0.437198           0.001227  0.340860           0.001136           0.387876           0.000856  7.057911  7.815579  6.207242 0.046987 0.047004 0.046991 0.719902  0.002670  0.694978   0.003007 0.719917  0.004975
130.640119 18.458015 5.164592 0.341055 -37.819119 0.362392 -12.458115 0.232312 19.025593      462.071827     0.908945 20.835331       63.282675     5.917746 17.700954      658.834950     7.015411 1.324638         NaN       NaN 0.002136 0.101530 0.011561 0.011757    G+U 16.800192 0.009761 16.202396 0.008010 15.548505           0.008679 15.006856           0.006644 14.625033 0.004821  0.597796 0.012627  0.653892           0.011811  0.541649           0.010930           0.381823           0.008209 12.590773 14.400511 11.266134 0.143414 0.175703 0.143863 0.193748  0.004721  0.144256   0.003360 0.142709  0.022627
130.685706 18.466612 5.377588 0.132847 -37.044335 0.147894 -12.643370 0.094678 17.728884     1525.432538     1.635836 19.475964      221.325496     9.358500 16.448858     2087.445999     8.080674 1.280026         NaN       NaN 0.001164 0.045909 0.004203 0.004361    G+U 15.618153 0.005018 15.112906 0.004144 14.551000           0.004563 13.988434           0.003273 13.688773 0.002464  0.505246 0.006508  0.561907           0.006164  0.562566           0.005615           0.299661           0.004097 11.381822 13.128902 10.101796 0.053656 0.070607 0.053808 0.281455  0.003383  0.217482   0.002792 0.206583  0.027243
130.659452 18.541022 5.050797 0.308314 -36.941490 0.335510 -11.461267 0.217365 19.193222      395.965803     0.804217 21.104841       49.372003     5.276499 17.850864      573.868606     5.491861 1.342358         NaN       NaN 0.002205 0.116035 0.010390 0.010622    G+U 16.995417 0.010870 16.379349 0.008958 15.730651           0.009740 15.182467           0.007530 14.791114 0.005462  0.616068 0.014085  0.648698           0.013232  0.548184           0.012311           0.391353           0.009303 12.710022 14.621641 11.367664 0.132571 0.176166 0.132959 0.185841  0.004264  0.139061   0.002905 0.135406  0.021707
130.633397 18.591061 5.411438 0.030454 -35.895765 0.031063 -11.856119 0.023428 15.109810    17022.474684     5.964423 16.252836     4308.066580    11.972886 14.047558    19060.532440    19.910430 1.062252   31.617664  3.193303 0.000380 0.003017 0.001134 0.001196    G+U 13.386975 0.001679 13.116496 0.001489 12.625112           0.001642 12.040396           0.001102 11.739406 0.000794  0.270479 0.002244  0.491385           0.002216  0.584716           0.001977           0.300990           0.001358  8.776373  9.919399  7.714121 0.012226 0.012588 0.012273 0.557282  0.000796  0.493466   0.004445 0.532191  0.007803
130.849494 18.679127 5.401920 0.034919 -35.819250 0.036877 -11.734632 0.026309 15.577761    11062.227992     4.322674 16.838156     2512.780922     7.713106 14.467723    12944.012960    11.581068 1.110038   32.398895  4.083532 0.000424 0.003333 0.000971 0.001060    G+U 13.795136 0.002061 13.444192 0.001725 12.961786           0.001902 12.370674           0.001300 12.186147 0.001035  0.350944 0.002688  0.482406           0.002568  0.591112           0.002303           0.184527           0.001662  9.240502 10.500897  8.130464 0.014043 0.014427 0.014070 0.509646  0.000714  0.441024   0.003610 0.470406  0.009334
130.799995 18.695805 5.499812 0.120148 -35.536395 0.125480 -12.352438 0.092907 18.011091     1176.278971     1.129920 19.813710      162.155934     6.370883 16.731256     1609.369976     7.229859 1.279835         NaN       NaN 0.001043 0.042657 0.004878 0.004988    G+U 15.947618 0.006040 15.436034 0.004759 14.829097           0.005262 14.282756           0.003883 13.957317 0.003112  0.511583 0.007690  0.606937           0.007095  0.546341           0.006540           0.325439           0.004976 11.712830 13.515449 10.432995 0.047449 0.063796 0.047688 0.250391  0.002020  0.191889   0.002038 0.183957  0.022478
131.150396 18.599143 5.392759 0.017573 -37.086977 0.018490 -11.910307 0.013991 13.730540    60635.991612    33.730103 14.708179    17870.850173    41.363716 12.749116    63024.876739    86.346214 0.981424   37.549420  2.947603 0.000604 0.002513 0.001487 0.001605    G+U 12.171958 0.000950 11.971760 0.000847 11.486528           0.000914 11.049223           0.000686 10.585861 0.000451  0.200198 0.001273  0.485231           0.001246  0.437305           0.001143           0.463362           0.000821  7.389595  8.367234  6.408171 0.007102 0.007509 0.007231 0.683407  0.000379  0.656044   0.000765 0.673841  0.005184
131.070944 18.736556 5.429878 0.020611 -35.980746 0.022109 -11.630467 0.016955 12.072134   279314.338735   106.582480 12.520891   133986.344881   122.572320 11.461147   206395.077717   141.794140 0.610987   32.897713  0.509870 0.000414 0.000993 0.000746 0.000853    G+U 11.461823 0.000700 11.517039 0.000698 10.990603           0.000714 11.053623           0.000680 10.634800 0.000448 -0.055217 0.000988  0.526436           0.000998 -0.063020           0.000986           0.418823           0.000814  5.746084  6.194841  5.135097 0.008253 0.008302 0.008276 0.882460  0.000730  0.863649   0.000964 0.860488  0.002233
131.145225 18.812150 5.061695 0.440705 -36.393420 0.456945 -12.243270 0.302576 19.562172      281.888719     0.770313 21.124714       48.476535     5.235078 18.146029      437.267054     6.913919 1.416143         NaN       NaN 0.002967 0.117251 0.017167 0.017422    G+U 17.177666 0.012274 16.423864 0.008768 15.724400           0.009159 15.134164           0.007260 14.668002 0.005402  0.753801 0.015084  0.699464           0.012679  0.590237           0.011687           0.466162           0.009049 13.083652 14.646194 11.667509 0.189086 0.222469 0.189841 0.175505  0.005321  0.131388   0.003684 0.131981  0.018655
131.312043 18.761043 5.415928 0.095049 -36.154834 0.103178 -11.314227 0.073845 17.284693     2296.518598     2.362196 18.949242      359.517440     8.019164 16.043867     3031.179612    11.258485 1.240826         NaN       NaN 0.001117 0.024218 0.004033 0.004184    G+U 15.307113 0.004359 14.818633 0.003439 14.214647           0.003719 13.666826           0.002690 13.470557 0.002142  0.488480 0.005552  0.603986           0.005065  0.547821           0.004590           0.196269           0.003438 10.953058 12.617607  9.712232 0.038126 0.045153 0.038322 0.322718  0.002267  0.254453   0.002157 0.246399  0.024392
131.337551 18.825694 5.649637 0.233204 -37.624019 0.238732 -12.305359 0.157019 18.395987      825.186861     1.288523 20.253073      108.190224     5.727918 17.108719     1136.764373     8.953836 1.287268         NaN       NaN 0.001695 0.057482 0.008552 0.008718    G+U 16.294092 0.007305 15.752928 0.005739 15.138238           0.006473 14.590391           0.004888 14.302592 0.003845  0.541164 0.009290  0.614690           0.008651  0.547847           0.008111           0.287799           0.006218 12.156090 14.013176 10.868822 0.089650 0.106482 0.090041 0.218027  0.003688  0.162407   0.002868 0.159352  0.021439
131.338001 18.884227 5.246310 0.126428 -36.654950 0.132702 -11.876409 0.089101 17.491493     1898.232399     2.249929 19.266273      268.477384     8.825331 16.242546     2524.293138     9.870979 1.248947         NaN       NaN 0.001287 0.035690 0.004246 0.004436    G+U 15.452315 0.004736 14.979255 0.003878 14.428561           0.003794 13.838849           0.002903 13.530647 0.002185  0.473061 0.006121  0.550693           0.005426  0.589712           0.004777           0.308202           0.003633 11.090763 12.865543  9.841816 0.052345 0.063341 0.052501 0.306010  0.002954  0.239545   0.002857 0.227055  0.027648
131.335360 18.875341 5.492368 0.032518 -37.566768 0.033468 -12.501061 0.025692  8.398536  8232515.355692  1957.808800  8.516975  5353364.125293  2842.734600  8.166572  4290712.901948  1591.186400 0.231964   34.285915  0.671781 0.000258 0.000577 0.000403 0.000478  G+U+H 14.373302 0.002694 14.565279 0.003107 12.984995           0.001800       NaN -1000000000.000000 10.671674 0.000458 -0.191977 0.004112  1.580284           0.003591       NaN -1000000000.000000 -1000000000.000000 -1000000000.000000  2.097334  2.215773  1.865370 0.012859 0.012869 0.012863 1.736574  0.002644  1.714179   0.002561      NaN       NaN
131.324849 18.890315 5.535353 0.023327 -37.615551 0.024488 -12.540156 0.017127  9.516462  2940097.732629   458.354770  9.728562  1753847.960408   409.826540  9.154241  1727674.429998   422.791470 0.362222   33.876200  0.251067 0.000169 0.000254 0.000266 0.000315    G+U 12.056647 0.000889 11.917415 0.000854 10.664673           0.000599 11.004787           0.000655  9.703204 0.000289  0.139233 0.001232  1.252742           0.001043 -0.340115           0.000888           1.301583           0.000716  3.232189  3.444289  2.869968 0.009153 0.009155 0.009155 1.384459  0.001357  1.360710   0.001877 1.344326  0.002855
130.894050 18.753773 5.479595 0.081333 -36.548778 0.082832 -12.482394 0.062145 17.301842     2260.527941     3.021813 19.093067      314.912407     7.556832 16.030466     3068.822680    16.081879 1.271376         NaN       NaN 0.001451 0.026054 0.005690 0.005872    G+U 15.232519 0.004106 14.723207 0.003226 14.128624           0.003461 13.556868           0.002462 13.341119 0.002044  0.509312 0.005222  0.594584           0.004732  0.571756           0.004247           0.215749           0.003199 10.995584 12.786809  9.724208 0.032264 0.041444 0.032729 0.315935  0.002186  0.249284   0.001907 0.231631  0.024519
130.950455 18.800697 5.404359 0.018856 -36.141701 0.020695 -11.777042 0.014397  9.983771  1911780.521673   294.890660 10.225441  1109789.017006   301.532800  9.585445  1161395.147682   191.232250 0.398326   33.138470  1.114347 0.000167 0.000295 0.000179 0.000245      G       NaN      NaN       NaN      NaN       NaN                NaN       NaN                NaN       NaN      NaN       NaN      NaN       NaN                NaN       NaN                NaN                NaN                NaN  3.647492  3.889162  3.249166 0.007578 0.007582 0.007578 1.281286  0.001053  1.254448   0.001571 1.232818  0.002534
130.977631 18.893527 5.420221 0.015046 -36.344017 0.015626 -12.796824 0.011232 12.391027   208226.558603    70.614500 12.892677    95136.265457   110.444240 11.737743   159978.272843   115.088230 0.653283   34.839516  0.507396 0.000368 0.001260 0.000781 0.000864    G+U 11.489893 0.000678 11.741792 0.000778 10.979918           0.000693 11.005345           0.000650 10.529481 0.000428 -0.251899 0.001032  0.761874           0.001042 -0.025428           0.000950           0.475864           0.000778  6.061112  6.562762  5.407828 0.006039 0.006158 0.006078 0.836074  0.000475  0.821023   0.000532 0.825935  0.002437
130.974469 18.950500 5.659017 0.345643 -37.379869 0.352826 -12.506964 0.256040 19.352741      341.861671     0.745553 21.087210       50.180313     5.426886 17.991540      504.129142     7.140125 1.361200         NaN       NaN 0.002368 0.117420 0.015378 0.015559    G+U 17.145767 0.011426 16.473927 0.009045 15.801093           0.009751 15.263225           0.008369 14.854283 0.006168  0.671841 0.014573  0.672833           0.013300  0.537868           0.012850           0.408941           0.010396 13.116446 14.850915 11.755245 0.132651 0.177139 0.133518 0.169285  0.003662  0.127573   0.002690 0.128447  0.017301
131.113221 18.872374 5.432492 0.119163 -35.876281 0.111702 -11.435944 0.091265 17.674332     1604.037010     1.408511 19.444376      227.859255     6.685749 16.394993     2193.618413     8.781229 1.279339         NaN       NaN 0.000953 0.031857 0.004346 0.004450    G+U 15.639439 0.005031 15.109819 0.004046 14.532248           0.004409 13.951429           0.003314 13.579659 0.002396  0.529619 0.006456  0.577572           0.005984  0.580818           0.005516           0.371771           0.004090 11.349327 13.119371 10.069988 0.047641 0.057303 0.047830 0.283710  0.002891  0.218431   0.002458 0.207389  0.022962
131.115183 18.969260 5.357626 0.087784 -36.108589 0.090077 -11.433333 0.075085 16.683369     3995.761186     4.021266 18.237228      692.668165     9.894576 15.462088     5179.919080    14.601861 1.221281         NaN       NaN 0.001093 0.015509 0.003061 0.003250    G+U 14.714709 0.003177 14.298769 0.002833 13.726950           0.002849 13.164331           0.001999 12.860039 0.001464  0.415940 0.004257  0.571819           0.004018  0.562618           0.003480           0.304293           0.002478 10.328231 11.882090  9.106950 0.035596 0.038813 0.035711 0.391235  0.002168  0.317144   0.002412 0.317474  0.023262
131.136886 18.963990 5.468165 0.055374 -36.799996 0.063413 -11.882415 0.057938 16.147580     6545.082232     4.645413 17.638771     1202.011651    14.359556 14.952835     8279.883829    14.626516 1.194744         NaN       NaN 0.000771 0.012970 0.001918 0.002067    G+U 14.161911 0.002436 13.764964 0.002141 13.256581           0.002233 12.659575           0.001520 12.371303 0.001111  0.396947 0.003243  0.508383           0.003094  0.597006           0.002702           0.288273           0.001883  9.836788 11.327979  8.642043 0.022003 0.025530 0.022073 0.444525  0.001390  0.371248   0.000830 0.378311  0.021030
131.049440 18.955709 5.763213 0.575729 -34.477342 0.544462 -12.157637 0.434614 20.099499      171.849126     0.634104 21.372710       38.577411     5.202342 18.714867      258.947570     6.157126 1.384632         NaN       NaN 0.004006 0.146417 0.025816 0.026125    G+U 17.753190 0.018177 17.052456 0.017679 16.284718           0.014016 15.767913           0.011529 15.310821 0.008211  0.700733 0.025356  0.767738           0.022561  0.516805           0.018149           0.457092           0.014154 13.902822 15.176033 12.518190 0.216961 0.261713 0.218455 0.147495  0.004194       NaN        NaN 0.119938  0.012648
131.055153 18.983420 5.375008 0.032047 -37.427178 0.032365 -11.710801 0.024869 14.327643    34985.618006     8.757152 15.269735    10654.249807    17.640840 13.363456    35791.183593    21.673897 0.964188   34.727860  2.412332 0.000272 0.001798 0.000657 0.000711    G+U 12.780989 0.001262 12.555601 0.001161 12.080709           0.001262 11.532094           0.000860 11.276895 0.000629  0.225388 0.001714  0.474892           0.001715  0.548615           0.001527           0.255199           0.001065  7.979539  8.921631  7.015352 0.012950 0.013071 0.012963 0.631090  0.000659  0.595860   0.000704 0.626348  0.004518
130.530357 18.621289 5.815799 0.373636 -36.102755 0.384736 -12.387005 0.266284 19.048450      452.445657     0.950336 20.970629       55.868315     5.693559 17.712965      651.587126     7.654680 1.335486         NaN       NaN 0.002281 0.110648 0.012755 0.012957    G+U 16.832520 0.009902 16.237137 0.008198 15.577848           0.008853 15.041759           0.006797 14.696552 0.005087  0.595383 0.012855  0.659289           0.012066  0.536089           0.011162           0.345206           0.008490 12.871497 14.793676 11.536012 0.139525 0.178059 0.140088 0.177849  0.004155  0.133408   0.002866 0.130848  0.019028
130.552823 18.683555 5.543756 0.133750 -37.210601 0.139172 -12.316321 0.097197 17.411726     2042.942561     1.869978 19.049911      327.681504     8.514063 16.168322     2702.895167    11.238608 1.243404         NaN       NaN 0.000994 0.028210 0.004514 0.004623    G+U 15.384992 0.004444 14.912091 0.003558 14.381564           0.003854 13.820876           0.002929 13.500990 0.002218  0.472900 0.005693  0.530527           0.005246  0.560688           0.004841           0.319886           0.003674 11.130747 12.768932  9.887343 0.052399 0.059502 0.052584 0.305911  0.002903  0.238795   0.002782 0.233639  0.024405
130.496344 18.718563 5.974354 0.450509 -36.498527 0.466820 -12.539411 0.315926 19.486225      302.312926     0.831035 21.231483       43.936334     5.589392 18.128319      444.458017     8.525161 1.357906         NaN       NaN 0.002985 0.138123 0.020826 0.021038    G+U 17.270788 0.013397 16.545242 0.009649 15.890324           0.010587 15.360771           0.009309 14.994400 0.006825  0.725546 0.016510  0.654919           0.014325  0.529552           0.014098           0.366371           0.011543 13.367680 15.112938 12.009774 0.163772 0.214220 0.165063 0.159138  0.003975  0.119765   0.003127 0.122718  0.015817
130.384641 18.669593 5.436292 0.078034 -36.226625 0.083027 -12.279672 0.060593 16.601542     4308.537675     2.340366 18.085545      796.524616     7.015597 15.415539     5406.831405     9.826612 1.186003         NaN       NaN 0.000590 0.009563 0.001973 0.002060    G+U 14.690316 0.003261 14.266468 0.002671 13.768178           0.002835 13.175886           0.002097 12.857251 0.001490  0.423848 0.004215  0.498290           0.003895  0.592292           0.003526           0.318635           0.002573 10.278056 11.762059  9.092053 0.031176 0.032604 0.031232 0.397694  0.001884  0.323555   0.002748 0.332221  0.017895
130.398544 18.742996 5.390217 0.069078 -36.278669 0.072786 -11.944347 0.054273 15.955235     7813.629620     6.149129 17.365757     1545.659385    12.607851 14.786623     9649.593955    20.646866 1.168611         NaN       NaN 0.000854 0.008856 0.002323 0.002475    G+U 14.012311 0.002346 13.608380 0.001924 13.128903           0.002042 12.549338           0.001481 12.239107 0.001041  0.403931 0.003034  0.479477           0.002805  0.579565           0.002522           0.310231           0.001810  9.613266 11.023788  8.444654 0.027841 0.029204 0.027925 0.468488  0.001651  0.390193   0.003926 0.412144  0.016900
130.370635 18.759638 5.172719 0.256682 -36.567240 0.274536 -12.272542 0.175649 18.375006      841.288037     1.237758 20.313335      102.348837     6.102974 17.066534     1181.802659     8.160962 1.308472         NaN       NaN 0.001597 0.064742 0.007498 0.007666    G+U 16.252370 0.007241 15.692295 0.005655 15.065852           0.006055 14.543544           0.005005 14.092021 0.003380  0.560076 0.009187  0.626443           0.008285  0.522308           0.007856           0.451523           0.006039 11.943601 13.881930 10.635129 0.107765 0.125707 0.108014 0.231351  0.004691  0.173227   0.004070 0.164661  0.025040
130.591622 18.768221 5.558352 0.163377 -37.066711 0.174773 -12.371795 0.116687 18.139982     1044.608507     1.309969 20.069578      128.110826     7.199379 16.840914     1454.764620     9.174764 1.299068         NaN       NaN 0.001362 0.061015 0.006847 0.006981    G+U 16.062656 0.006283 15.521634 0.004908 14.920788           0.005262 14.391351           0.004217 14.152578 0.003463  0.541022 0.007973  0.600846           0.007196  0.529437           0.006743           0.238772           0.005457 11.864712 13.794308 10.565644 0.063841 0.088298 0.064192 0.237381  0.003104  0.179860   0.002730 0.169208  0.024959
130.542693 18.766697 5.747225 0.126305 -36.614000 0.132557 -12.459194 0.090131 17.764292     1476.489023     1.581271 19.573622      202.287176     5.763166 16.497028     1996.856054     8.430652 1.267263         NaN       NaN 0.001163 0.030933 0.004584 0.004729    G+U 15.684336 0.005131 15.177556 0.004077 14.600558           0.004360 14.023888           0.003324 13.744512 0.002604  0.506780 0.006554  0.576998           0.005969  0.576671           0.005482           0.279376           0.004223 11.561583 13.370913 10.294319 0.047736 0.056870 0.047941 0.261576  0.002578  0.200925   0.002216 0.192800  0.020475
130.706827 18.859685 5.442856 0.036197 -37.415045 0.038746 -12.476954 0.027047 15.108388    17044.792981    11.436833 16.279238     4204.572912    17.857931 14.025258    19456.071370    36.701770 1.083130   34.738600  5.754927 0.000729 0.004611 0.002048 0.002174    G+U 13.341952 0.001637 13.010838 0.001389 12.540621           0.001456 11.931366           0.001033 11.620870 0.000749  0.331115 0.002146  0.470217           0.002012  0.609255           0.001785           0.310496           0.001276  8.787522  9.958372  7.704392 0.014459 0.015160 0.014586 0.555617  0.000932  0.493466   0.004445 0.527396  0.009917
130.688347 18.860013 5.330735 0.039191 -36.301177 0.040374 -12.505927 0.029350 10.613258  1070640.076424   146.576400 10.965257   561454.066527   190.340180 10.093514   727365.269741   244.568830 0.519744   34.233044  1.292862 0.000149 0.000368 0.000365 0.000394      G       NaN      NaN       NaN      NaN       NaN                NaN       NaN                NaN       NaN      NaN       NaN      NaN       NaN                NaN       NaN                NaN                NaN                NaN  4.247193  4.599192  3.727449 0.015965 0.015969 0.015969 1.148756  0.001900  1.123894   0.002002 1.080947  0.003822
130.645424 18.929333 5.228900 0.088632 -36.897288 0.095168 -12.041776 0.062378 17.154099     2590.043008     2.237374 18.844680      395.862605     6.916278 15.916936     3407.090812     9.588228 1.237163         NaN       NaN 0.000938 0.018969 0.003055 0.003196    G+U 15.112536 0.003816 14.671111 0.003303 14.143181           0.003653 13.576206           0.002592 13.323739 0.002010  0.441425 0.005047  0.527930           0.004925  0.566975           0.004479           0.252467           0.003280 10.746151 12.436732  9.508988 0.036819 0.041408 0.036934 0.343618  0.002459  0.272771   0.002247 0.262860  0.023548
130.538667 18.930251 5.359575 0.349470 -36.737875 0.367038 -12.472843 0.252342 19.251184      375.381815     0.841223 20.768587       67.294853     7.265592 17.869140      564.289829     9.571920 1.382044         NaN       NaN 0.002433 0.117223 0.018417 0.018577    G+U 16.962708 0.010637 16.386380 0.009564 15.719041           0.010299 15.191484           0.008113 14.756325 0.005712  0.576328 0.014304  0.667338           0.014055  0.527557           0.013111           0.435159           0.009923 12.896836 14.414239 11.514792 0.141611 0.183818 0.142783 0.183261  0.004413  0.137169   0.003009 0.139544  0.021081
130.221747 18.748255 5.413138 0.151935 -36.377208 0.148201 -12.769928 0.100456 17.742325     1506.664199     2.441609 19.585491      200.087577     9.857786 16.455784     2074.171970    12.166533 1.286541         NaN       NaN 0.001759 0.053491 0.006369 0.006607    G+U 15.666073 0.005272 15.142753 0.004125 14.533569           0.004305 14.013127           0.003533 13.647686 0.002470  0.523320 0.006694  0.609183           0.005962  0.520442           0.005569           0.365441           0.004311 11.409571 13.252737 10.123030 0.060974 0.081093 0.061281 0.276202  0.003867  0.213458   0.003080 0.198987  0.028893
130.377773 18.871813 5.467866 0.021826 -36.281232 0.021683 -12.128798 0.015054 12.515732   185632.430197   377.709300 13.044775    82700.247105   621.192930 11.809652   149726.035870   862.376600 0.706079   28.285389  9.272708 0.002209 0.008155 0.006254 0.006632    G+U 11.451438 0.000685 11.320583 0.000649 10.946811           0.000694 10.794528           0.000589 10.361505 0.000396  0.130855 0.000944  0.373773           0.000950  0.152283           0.000910           0.433023           0.000710  6.204821  6.733864  5.498741 0.008945 0.011901 0.010688 0.818062  0.000797  0.803292   0.000834 0.809401  0.006279
130.164506 18.818224 5.395989 0.022876 -35.825497 0.022751 -11.801706 0.017372 13.641169    65838.433223    23.281929 14.393329    23882.799996    32.766796 12.797183    60295.497686    60.816647 0.843986   34.126404  2.071274 0.000384 0.001490 0.001095 0.001160    G+U 12.347305 0.001058 12.150560 0.000949 11.720898           0.001011 11.431519           0.000840 11.109683 0.000576  0.196745 0.001421  0.429663           0.001387  0.289379           0.001314           0.321836           0.001019  7.301524  8.053684  6.457538 0.009214 0.009326 0.009271 0.696143  0.000521  0.669516   0.000743 0.700056  0.003285
130.231992 18.826116 5.543827 0.143662 -35.571586 0.125195 -11.856811 0.090901 17.311640     2240.222549     2.157561 18.913520      371.542576    12.198716 16.074053     2948.067478    11.170815 1.237587         NaN       NaN 0.001046 0.035648 0.004114 0.004245    G+U 15.303995 0.004348 14.831905 0.003473 14.281021           0.003707 13.722374           0.002917 13.374359 0.002056  0.472090 0.005565  0.550884           0.005080  0.558647           0.004717           0.348015           0.003569 11.030688 12.632568  9.793101 0.056281 0.066612 0.056421 0.316588  0.003508  0.249078   0.003134 0.244702  0.028733
130.243355 18.846134 5.442630 0.099037 -35.669640 0.094033 -12.621581 0.068467 16.981367     3036.685421     3.245191 18.616442      488.472169    12.630948 15.737924     4017.803342    14.028599 1.243443         NaN       NaN 0.001160 0.028075 0.003791 0.003965    G+U 14.965787 0.003672 14.497015 0.002928 13.929662           0.003050 13.389133           0.002382 13.021711 0.001643  0.468772 0.004696  0.567353           0.004228  0.540529           0.003870           0.367421           0.002894 10.660411 12.295486  9.416968 0.039530 0.048472 0.039695 0.355597  0.002593  0.285039   0.002489 0.274911  0.029316
130.198219 18.903255 5.336092 0.045083 -36.688454 0.042497 -12.922573 0.033170 11.265072   587378.551364   268.598820 11.630422   304262.419577   256.231380 10.736105   402453.817551   223.310650 0.528967   35.722920  0.484378 0.000496 0.000914 0.000602 0.000781    G+U 10.950794 0.000542 11.052287 0.000580 10.511634           0.000563 10.790638           0.000591  9.927891 0.000325 -0.101493 0.000794  0.540653           0.000808 -0.279004           0.000816           0.862747           0.000675  4.901188  5.266538  4.372221 0.018353 0.018369 0.018356 1.023465  0.001818  0.998206   0.001926 0.967207  0.003571
130.262895 18.931889 5.019760 0.095828 -36.428059 0.093411 -11.766786 0.073947 16.885952     3315.628641     3.676897 18.488985      549.316583     8.061293 15.662725     4305.942344    20.796991 1.223226         NaN       NaN 0.001204 0.015933 0.005244 0.005380    G+U 14.898211 0.003505 14.472785 0.002941 13.938921           0.002952 13.345446           0.002172 13.176238 0.001774  0.425426 0.004576  0.533864           0.004167  0.593475           0.003665           0.169208           0.002805 10.389367 11.992400  9.166140 0.041471 0.044410 0.041784 0.383162  0.002493  0.310167   0.002243 0.306497  0.023721
130.402408 18.904237 5.305628 0.063311 -36.612990 0.063753 -11.924983 0.044507 16.165894     6435.608776     3.683871 17.674152     1163.471015     7.957800 14.962377     8207.438411    14.923263 1.203517         NaN       NaN 0.000621 0.007426 0.001974 0.002070    G+U 14.176799 0.002448 13.797874 0.002072 13.246654           0.002069 12.649814           0.001462 12.436332 0.001138  0.378924 0.003207  0.551221           0.002928  0.596840           0.002534           0.213482           0.001853  9.789578 11.297836  8.586061 0.025919 0.026955 0.025987 0.448188  0.001555  0.373293   0.001530 0.381078  0.016227
130.343904 18.933819 5.396196 0.018611 -36.583639 0.018748 -12.452092 0.014915 12.648937   164199.533191    69.321290 13.186989    72547.318550   100.687330 11.965330   129725.767417   131.866520 0.683607   33.044680  1.148312 0.000458 0.001507 0.001104 0.001195    G+U 11.609915 0.000733 11.506488 0.000702 11.155035           0.000764 10.912086           0.000619 10.570547 0.000438  0.103427 0.001015  0.351453           0.001038  0.242949           0.000984           0.341539           0.000759  6.309376  6.847428  5.625769 0.007503 0.007639 0.007570 0.802922  0.000555  0.788103   0.000560 0.800550  0.002681
130.334585 18.961846 5.595446 0.096813 -35.463171 0.106038 -13.150914 0.082306 17.066210     2808.424940     2.813306 18.721205      443.542106     5.910765 15.820438     3723.771462    13.827415 1.245771         NaN       NaN 0.001088 0.014469 0.004032 0.004176    G+U 15.042197 0.003724 14.593032 0.003026 13.990263           0.003061 13.444774           0.002255 13.186942 0.001767  0.449165 0.004799  0.602769           0.004304  0.545489           0.003802           0.257832           0.002865 10.805384 12.460379  9.559612 0.037587 0.040261 0.037787 0.338411  0.002444  0.267313   0.002272 0.259638  0.020186
130.307852 18.969085 5.557329 0.056052 -36.134922 0.055829 -13.281014 0.043191 15.279802    14555.460706     5.743389 16.604889     3115.025226    11.058708 14.141163    17486.108493    18.248940 1.138640   39.398600  4.370020 0.000428 0.003854 0.001133 0.001211    G+U 13.394540 0.001682 13.066408 0.001454 12.568246           0.001501 12.045271           0.001077 11.715376 0.000773  0.328132 0.002224  0.498162           0.002089  0.522975           0.001847           0.329895           0.001326  9.004133 10.329220  7.865494 0.021906 0.022239 0.021931 0.529999  0.001236  0.469858   0.003182 0.487932  0.010485
130.294644 19.031537 5.787568 0.109261 -37.930939 0.113936 -13.095977 0.090131 16.867666     3371.944345     2.394879 18.642534      476.873815     7.830801 15.573522     4674.653560     9.999272 1.294145         NaN       NaN 0.000771 0.017829 0.002322 0.002447    G+U 14.708521 0.003213 14.240708 0.002579 13.646630           0.002581 13.113760           0.001895 12.894156 0.001481  0.467813 0.004120  0.594078           0.003649  0.532870           0.003202           0.219604           0.002405 10.680147 12.455015  9.386003 0.041002 0.044704 0.041060 0.349375  0.002634  0.277684   0.002450 0.257418  0.023511
130.399802 19.107021 5.345722 0.017468 -35.039179 0.017730 -12.743624 0.013108 13.623213    66936.287719    23.109163 14.372687    24341.190584    33.556156 12.780002    61257.282964    75.456440 0.843211   35.128075  1.328605 0.000375 0.001497 0.001337 0.001389    G+U 12.283432 0.001013 12.087671 0.000949 11.714457           0.001005 11.171369           0.000736 11.024526 0.000532  0.195761 0.001388  0.373215           0.001382  0.543088           0.001245           0.146843           0.000907  7.263245  8.012719  6.420034 0.007106 0.007252 0.007221 0.699962  0.000418  0.673891   0.000534 0.703431  0.003248
130.773051 18.918269 5.216192 0.195964 -34.583917 0.202824 -11.403460 0.141005 18.483648      761.179476     1.044066 20.192375      114.410656    10.770050 17.174025     1070.405738     7.148260 1.309624         NaN       NaN 0.001489 0.102206 0.007251 0.007402    G+U 16.348760 0.007253 15.790504 0.005974 15.198045           0.006479 14.639505           0.005280 14.224523 0.003786  0.558256 0.009396  0.592460           0.008813  0.558539           0.008358           0.414983           0.006497 12.070416 13.779143 10.760793 0.081592 0.130771 0.081900 0.226153  0.003812  0.171237   0.003311 0.168567  0.029894
130.779207 19.068303 5.498568 0.051374 -36.694193 0.052592 -12.013372 0.036726  9.441937  3148993.270663   643.311400  9.695008  1808896.274316   892.218140  9.024899  1946250.259525   794.519000 0.417039         NaN       NaN 0.000222 0.000536 0.000443 0.000496    G+U 13.364029 0.001631 11.454867 0.000685 10.597453           0.000584       NaN -1000000000.000000 10.046219 0.000341  1.909162 0.001769  0.857414           0.000900       NaN -1000000000.000000 -1000000000.000000 -1000000000.000000  3.143185  3.396256  2.726147 0.020290 0.020296 0.020293 1.408297  0.003209  1.385252   0.003304 1.362012  0.005997
130.815939 19.109137 5.182474 0.088029 -36.166223 0.093765 -12.729491 0.063028 17.237532     2398.469347     2.012751 18.945919      360.619623     7.177556 15.992115     3179.159767    11.966120 1.245417         NaN       NaN 0.000911 0.021610 0.004087 0.004187    G+U 15.231090 0.004097 14.788440 0.003413 14.206691           0.003681 13.603038           0.002578 13.104316 0.001815  0.442650 0.005332  0.581749           0.005019  0.603653           0.004494           0.498722           0.003153 10.810218 12.518605  9.564801 0.036895 0.042748 0.037110 0.336377  0.002455  0.266452   0.002291 0.255040  0.024483
130.936208 19.066242 5.511221 0.036715 -37.435351 0.037166 -13.251310 0.024424 15.191929    15782.473333     6.509365 16.335667     3991.630434     9.177107 14.129193    17679.937057    14.147044 1.062736   25.100350  3.952866 0.000448 0.002496 0.000869 0.000977    G+U 13.482647 0.001712 13.174782 0.001526 12.701014           0.001586 12.151414           0.001154 11.911097 0.000866  0.307865 0.002293  0.473768           0.002201  0.549600           0.001962           0.240317           0.001443  8.898168 10.041906  7.835432 0.014473 0.014680 0.014492 0.544973  0.000816  0.480733   0.004213 0.519594  0.007278
130.931334 19.075815 5.066988 0.018508 -33.689680 0.019021 -12.724506 0.012536 13.044540   114059.236161    24.695019 13.644753    47589.980327    43.016960 12.311053    94348.899479    66.008200 0.733487   35.246174  1.027124 0.000235 0.000981 0.000760 0.000795    G+U 11.944449 0.000837 11.857996 0.000822 11.427065           0.000859 11.297294           0.000752 10.844315 0.000501  0.086453 0.001173  0.430931           0.001189  0.129771           0.001142           0.452979           0.000904  6.568289  7.168502  5.834802 0.007935 0.007992 0.007968 0.772367  0.000493  0.754679   0.000603 0.773439  0.002301
130.843175 19.200156 5.196001 0.060386 -36.141007 0.059675 -11.719246 0.042714 16.396505     5204.084419     3.283572 17.924910      923.534721     7.093848 15.192727     6638.460967    11.855688 1.203778         NaN       NaN 0.000685 0.008340 0.001939 0.002056    G+U 14.401485 0.002711 14.016471 0.002292 13.485997           0.002493 12.910177           0.001743 12.802128 0.001500  0.385014 0.003550  0.530474           0.003387  0.575820           0.003042           0.108049           0.002300  9.974851 11.503256  8.771073 0.025245 0.026578 0.025310 0.428305  0.001559  0.354875   0.000744 0.359207  0.017212
130.985920 19.271617 5.456754 0.304105 -34.858176 0.358925 -11.802037 0.345172 18.842724      546.836435     1.008518 20.637789       75.910427     7.791646 17.527200      773.175138     7.248968 1.315523         NaN       NaN 0.002002 0.111443 0.010179 0.010374    G+U 16.620840 0.008857 16.047934 0.006693 15.469954           0.007266 14.935134           0.005952 14.572559 0.004787  0.572906 0.011102  0.577980           0.009879  0.534820           0.009393           0.362575           0.007639 12.527396 14.322461 11.211872 0.121033 0.164513 0.121444 0.196639  0.004296  0.146803   0.003162 0.145709  0.024524
130.579973 19.037384 5.411435 0.051104 -36.235611 0.052762 -11.726068 0.035690 16.121225     6705.891325     3.637649 17.492434     1375.444739     8.782459 14.972607     8130.465379    11.949958 1.148619         NaN       NaN 0.000589 0.006933 0.001596 0.001701    G+U 14.241151 0.002508 13.904978 0.002224 13.379736           0.002417 12.810475           0.001668 12.577423 0.001273  0.336173 0.003352  0.525242           0.003285  0.569261           0.002937           0.233052           0.002098  9.787787 11.158996  8.639169 0.020515 0.021647 0.020569 0.451842  0.001229  0.377103   0.002239 0.398366  0.014504
130.594450 19.102528 6.010426 0.693464 -34.556423 0.757391 -12.096637 0.527823 20.240057      150.981522     0.688637 21.741390       27.470158     3.856429 18.796066      240.287819     7.296799 1.443991         NaN       NaN 0.004952 0.152422 0.032970 0.033340    G+U 17.834951 0.018712 17.105793 0.014130 16.393871           0.015258 15.800111           0.012423 15.203289 0.008639  0.729158 0.023448  0.711922           0.020796  0.593761           0.019676           0.596822           0.015132 14.134583 15.635916 12.690592 0.250587 0.293260 0.252698 0.139526  0.004220       NaN        NaN 0.112838  0.010672
130.627914 19.115980 5.223950 0.103362 -35.981508 0.105207 -11.410677 0.077126 17.651209     1638.562587     1.993039 19.506748      215.138132     8.564980 16.387880     2208.037166     9.752065 1.263329         NaN       NaN 0.001321 0.043225 0.004795 0.004974    G+U 15.517745 0.004668 15.054316 0.003880 14.496795           0.004123 13.943363           0.003155 13.499632 0.002336  0.463429 0.006070  0.557521           0.005662  0.553431           0.005192           0.443731           0.003926 11.241204 13.096743  9.977875 0.042986 0.060946 0.043232 0.292239  0.002559  0.227596   0.002382 0.210346  0.027980
130.676897 19.099648 5.569695 0.030763 -37.387704 0.032617 -13.659171 0.023467 11.436010   501813.877950   325.226620 11.810861   257675.276303   379.126650 10.890447   349123.831969   322.988160 0.545564   34.422005  0.335197 0.000704 0.001597 0.001004 0.001226      G       NaN      NaN       NaN      NaN       NaN                NaN       NaN                NaN       NaN      NaN       NaN      NaN       NaN                NaN       NaN                NaN                NaN                NaN  5.165167  5.540018  4.619604 0.012014 0.012100 0.012036 0.977856  0.001142  0.952898   0.001212 0.930574  0.003193
130.759895 19.167515 5.388392 0.022563 -36.680965 0.022488 -11.376825 0.016819 11.905254   325720.294493   169.392410 12.330622   159649.750361   184.375950 11.312958   236578.349768   182.520420 0.592297   33.746708  0.450642 0.000565 0.001254 0.000838 0.001010    G+U 11.274286 0.000632 11.257964 0.000622 10.685636           0.000638 10.866513           0.000622 10.387967 0.000413  0.016322 0.000887  0.572329           0.000891 -0.180878           0.000891           0.478546           0.000746  5.562550  5.987918  4.970254 0.009110 0.009179 0.009131 0.911555  0.000850  0.889380   0.001027 0.881139  0.002529
130.667370 19.133035 5.295415 0.021612 -35.651655 0.022085 -11.605420 0.016221 11.918682   321717.024433   160.970780 12.338475   158499.090675   222.161700 11.328734   233165.607327   272.330320 0.589948   35.577408  0.385652 0.000543 0.001522 0.001268 0.001380    G+U 11.398743 0.000655 11.336802 0.000635 10.892633           0.000666 10.980090           0.000643 10.420905 0.000417  0.061941 0.000913  0.444168           0.000920 -0.087457           0.000926           0.559185           0.000766  5.538182  5.957975  4.948234 0.008879 0.008992 0.008953 0.915655  0.000817  0.892989   0.000676 0.884046  0.002744
130.583521 19.151525 5.357065 0.014323 -36.066255 0.015196 -11.650957 0.011852 13.085061   109880.897917    22.578861 13.723373    44265.713294    38.959003 12.321145    93476.031304    49.092464 0.763916   34.455680  0.863072 0.000223 0.000956 0.000570 0.000612    G+U 11.904543 0.000836 11.786282 0.000789 11.356509           0.000834 11.122493           0.000694 10.742234 0.000489  0.118261 0.001150  0.429772           0.001148  0.234016           0.001085           0.380259           0.000849  6.729695  7.368007  5.965779 0.005810 0.005884 0.005834 0.754860  0.000361  0.734138   0.000593 0.756854  0.002307
130.551254 19.213462 5.366858 0.014741 -36.399860 0.015769 -11.778893 0.011751 13.246718    94680.272949    13.745424 13.914143    37132.972800    25.183533 12.462534    82062.446037    33.788387 0.784184   34.431010  1.046015 0.000158 0.000736 0.000447 0.000474    G+U 12.002502 0.000877 11.889830 0.000829 11.475122           0.000885 11.244986           0.000739 10.838629 0.000513  0.112673 0.001207  0.414708           0.001212  0.230136           0.001153           0.406357           0.000900  6.895319  7.562744  6.111135 0.005966 0.006010 0.005981 0.737637  0.000355  0.714470   0.000873 0.740764  0.002103
130.780851 19.238630 5.626538 0.062040 -38.149701 0.060991 -14.130851 0.046675 16.537294     4571.187259     2.406459 18.186144      726.037990     8.143517 15.278457     6134.450021    13.720586 1.258838         NaN       NaN 0.000572 0.012178 0.002428 0.002495    G+U 14.464780 0.002810 13.978961 0.002252 13.437002           0.002421 12.893905           0.001724 12.635487 0.001359  0.485819 0.003601  0.541959           0.003306  0.543098           0.002972           0.258418           0.002195 10.288500 11.937350  9.029663 0.023950 0.026863 0.024066 0.393389  0.001482  0.319452   0.001895 0.309613  0.021298
130.780740 19.237477 5.607056 0.041519 -38.429801 0.040701 -13.693723 0.030776 15.714093     9756.844627     4.045769 17.033468     2099.083019     8.088234 14.576521    11709.808815    14.146789 1.137572         NaN       NaN 0.000450 0.004184 0.001312 0.001387    G+U 13.828909 0.002073 13.485575 0.001769 13.004771           0.001936 12.420689           0.001338 12.247227 0.001083  0.343334 0.002726  0.480803           0.002623  0.584083           0.002354           0.173462           0.001721  9.457768 10.777143  8.320196 0.016086 0.016615 0.016133 0.487382  0.001020  0.409430   0.002896 0.439691  0.010959
130.769520 19.289020 4.993214 1.062999 -39.726329 1.308370 -11.305284 0.842835 20.635815      104.862717     0.633447 21.440449       36.244120     4.652982 19.159523      171.928978     7.600163 1.476292         NaN       NaN 0.006559 0.139386 0.047995 0.048441    G+U 18.174358 0.024547 17.339220 0.017099 16.569448           0.018936 16.009113           0.014909 15.597391 0.012361  0.835138 0.029915  0.769772           0.025513  0.560335           0.024100           0.411722           0.019367 14.127716 14.932350 12.651424 0.462329 0.482839 0.464767 0.150673  0.008936       NaN        NaN 0.121271  0.013957
130.761323 19.318667 5.173316 0.469557 -36.502274 0.466580 -12.426428 0.354598 19.860950      214.075294     0.622398 21.144600       47.596705     7.776949 18.448507      330.944613     7.855022 1.412443         NaN       NaN 0.003157 0.177401 0.025770 0.025963    G+U 17.539822 0.015740 16.799458 0.011895 16.162720           0.010774 15.607480           0.010349 15.233797 0.012097  0.740364 0.019729  0.636738           0.016049  0.555240           0.014939           0.373683           0.015920 13.429795 14.713445 12.017352 0.197119 0.265174 0.198772 0.162509  0.005038  0.122467   0.003858 0.129343  0.019231
130.775472 19.414447 5.319556 0.062938 -35.997970 0.065042 -12.676444 0.046853 16.614388     4257.865919     2.739661 18.215044      706.967582     6.898286 15.392320     5523.704910     9.782318 1.222068         NaN       NaN 0.000699 0.010594 0.001923 0.002046    G+U 14.590435 0.002846 14.161582 0.002568 13.633694           0.002560 13.050253           0.001996 12.784142 0.001859  0.428853 0.003833  0.527888           0.003626  0.583441           0.003246           0.266111           0.002727 10.243765 11.844421  9.021697 0.025701 0.027790 0.025763 0.398212  0.001579  0.325425   0.002827 0.322091  0.019643
130.774579 19.437522 5.292744 0.058567 -35.483531 0.063376 -13.026739 0.041308  9.779970  2306526.786988   677.636050 10.096230  1250043.667089   804.223700  9.298731  1512397.381291   597.020100 0.481239         NaN       NaN 0.000319 0.000699 0.000429 0.000534      G       NaN      NaN       NaN      NaN       NaN                NaN       NaN                NaN       NaN      NaN       NaN      NaN       NaN                NaN       NaN                NaN                NaN                NaN  3.398374  3.714634  2.917135 0.024031 0.024039 0.024032 1.341132  0.003384  1.316309   0.004084 1.285338  0.007068
131.633079 18.973733 5.764338 0.245724 -37.079267 0.291087 -12.246750 0.188209 18.915508      511.379802     0.989251 20.829521       63.622177     5.240818 17.575802      739.327958    11.338976 1.339706         NaN       NaN 0.002100 0.089437 0.016652 0.016784    G+U 16.721323 0.009166 16.188662 0.007122 15.505726           0.007538 14.990917           0.006248 14.644614 0.004872  0.532661 0.011608  0.682936           0.010370  0.514809           0.009791           0.346303           0.007923 12.719255 14.633268 11.379549 0.092590 0.128714 0.094052 0.185047  0.003024  0.138692   0.002068 0.135143  0.018747
131.383897 18.964437 5.329203 0.077825 -35.649263 0.078887 -11.296257 0.056136 16.667854     4053.267283     2.934340 18.188894      724.200718     9.018005 15.462099     5179.867965    11.034939 1.205755         NaN       NaN 0.000786 0.013520 0.002313 0.002443    G+U 14.732189 0.003252 14.327036 0.002764 13.767756           0.002677 13.200083           0.002010 12.946928 0.001522  0.405153 0.004268  0.559279           0.003848  0.567674           0.003347           0.253155           0.002521 10.301165 11.822205  9.095410 0.031721 0.034473 0.031795 0.394684  0.001940  0.320632   0.002467 0.324682  0.021490
131.368979 18.996663 5.090676 0.205853 -36.019612 0.211178 -11.016082 0.162354 18.462048      776.475347     1.131219 20.308016      102.851524     6.630202 17.165937     1078.408974     8.354748 1.296110         NaN       NaN 0.001582 0.069991 0.008412 0.008559    G+U 16.382680 0.007405 15.848386 0.006173 15.216121           0.006605 14.700135           0.005468 14.433996 0.004812  0.534295 0.009641  0.632265           0.009041  0.515985           0.008575           0.266139           0.007284 11.995925 13.841893 10.699814 0.087823 0.112290 0.088211 0.229379  0.003895  0.172297   0.003412 0.166758  0.025488
131.329731 19.002965 5.417726 0.017212 -36.380228 0.018114 -12.736543 0.015089 13.430594    79929.880021    21.368052 14.133310    30345.382556    27.461998 12.621050    70915.035956    48.421020 0.809544   34.666534  1.468121 0.000290 0.000983 0.000741 0.000796    G+U 12.144876 0.000934 12.149900 0.000921 11.592116           0.000952 11.405285           0.000809 11.018385 0.000547 -0.005024 0.001312  0.557783           0.001324  0.186831           0.001250           0.386900           0.000977  7.099679  7.802395  6.290135 0.006905 0.006968 0.006938 0.716876  0.000399  0.691205   0.000863 0.720882  0.002523
131.614046 19.209013 5.324607 0.137530 -37.849698 0.143996 -12.422576 0.108169 18.088068     1095.771059     1.479064 19.943123      143.935448     7.366307 16.789042     1525.954187     6.487510 1.299027         NaN       NaN 0.001466 0.055566 0.004616 0.004843    G+U 15.890669 0.005749 15.374157 0.004620 14.748858           0.004755 14.244471           0.003854 13.991174 0.003109  0.516512 0.007376  0.625298           0.006630  0.504388           0.006120           0.253297           0.004951 11.719506 13.574561 10.420480 0.056106 0.078951 0.056277 0.249483  0.002452  0.191366   0.002566 0.180075  0.025537
131.645101 19.257177 5.478186 0.066352 -37.041654 0.066865 -12.898011 0.047373 16.667530     4054.477296     3.618304 18.223341      701.585347     7.302129 15.450921     5233.471934    18.236530 1.216609         NaN       NaN 0.000969 0.011300 0.003783 0.003905    G+U 14.695132 0.003144 14.267743 0.002612 13.723619           0.002710 13.167364           0.002038 12.827659 0.001467  0.427389 0.004088  0.544124           0.003764  0.556255           0.003391           0.339705           0.002511 10.360714 11.916525  9.144105 0.026319 0.028626 0.026572 0.387661  0.001600  0.313683   0.001691 0.314301  0.019709
131.285440 19.152227 5.317242 0.127575 -35.138008 0.148109 -11.157411 0.109044 17.632055     1667.726274     1.920868 19.344318      249.855953     7.931889 16.377100     2230.069353    11.931821 1.254955         NaN       NaN 0.001251 0.034468 0.005809 0.005942    G+U 15.554545 0.004839 15.094665 0.003898 14.503506           0.004178 13.950163           0.003039 13.721278 0.002504  0.459881 0.006214  0.591159           0.005714  0.553343           0.005166           0.228885           0.003938 11.260487 12.972750 10.005532 0.052115 0.062469 0.052422 0.293110  0.002876  0.226678   0.002739 0.218386  0.025135
131.360820 19.236815 5.372051 0.091143 -36.506670 0.097100 -12.592516 0.067921 17.085348     2759.352451     2.403562 18.918190      369.947887     7.209589 15.790499     3827.884941    10.955705 1.294849         NaN       NaN 0.000946 0.021159 0.003107 0.003248    G+U 14.965229 0.003636 14.486378 0.002899 13.879453           0.002991 13.338304           0.002166 12.979192 0.001566  0.478851 0.004650  0.606925           0.004165  0.541148           0.003693           0.359113           0.002673 10.736049 12.568891  9.441200 0.036854 0.042485 0.036972 0.341927  0.002482  0.271529   0.002287 0.247889  0.024863
131.469823 19.316787 5.490628 0.040023 -37.734283 0.042534 -12.444972 0.028102 15.569469    11147.026503     4.818600 16.831625     2527.941934    15.386042 14.453742    13111.775371    17.547560 1.115727   39.370106  3.766933 0.000469 0.006608 0.001453 0.001527    G+U 13.799814 0.001919 13.436172 0.001856 12.912855           0.001673 12.368294           0.001297 12.107993 0.001237  0.363643 0.002670  0.523316           0.002499  0.544561           0.002117           0.260301           0.001792  9.267579 10.529735  8.151852 0.015836 0.017153 0.015895 0.507471  0.000820  0.441024   0.003610 0.466879  0.013139
131.464054 19.424190 5.561489 0.044788 -37.945977 0.046185 -13.229881 0.030819 15.746805     9467.267452     6.988243 17.104090     1966.892514     8.926437 14.597674    11483.875934    27.277420 1.149131         NaN       NaN 0.000801 0.004927 0.002579 0.002701    G+U 13.878306 0.001982 13.519680 0.001912 12.997935           0.001734 12.417415           0.001327 12.161938 0.001265  0.358626 0.002754  0.521745           0.002581  0.580521           0.002184           0.255477           0.001833  9.472760 10.830045  8.323629 0.017506 0.018168 0.017677 0.484621  0.001116  0.409430   0.002896 0.433808  0.012163
131.830637 19.214404 5.554426 0.075397 -37.723250 0.081747 -11.766880 0.061205 17.080803     2770.930804     3.736237 18.765980      425.622581    11.367964 15.819705     3726.287254    19.330585 1.261098         NaN       NaN 0.001464 0.028999 0.005632 0.005820    G+U 15.009875 0.003620 14.572287 0.003012 13.965563           0.003098 13.430784           0.002349 13.202936 0.001746  0.437589 0.004709  0.606724           0.004321  0.534779           0.003888           0.227848           0.002927 10.803999 12.489176  9.542901 0.029513 0.041350 0.030009 0.339592  0.002122  0.271715   0.001981 0.256180  0.028276
132.020480 19.470470 5.586841 0.066818 -38.261908 0.067995 -12.770971 0.052370 16.133396     6631.146380     4.774654 17.554733     1298.744260    10.681406 14.971642     8137.687581    38.285076 1.161754         NaN       NaN 0.000782 0.008930 0.005108 0.005168    G+U 14.259687 0.002379 13.862423 0.002234 13.329888           0.002027 12.737360           0.001565 12.476043 0.001552  0.397264 0.003264  0.532535           0.003017  0.592528           0.002561           0.261317           0.002204  9.869227 11.290564  8.707474 0.025982 0.027463 0.026468 0.442006  0.001594  0.368299   0.001605 0.383984  0.016899
132.073789 19.563506 5.419510 0.790488 -38.771884 0.821721 -11.831008 0.609988 20.277914      145.807980     0.669920 21.158707       46.982277     8.942485 18.801930      238.993848     7.094835 1.475985         NaN       NaN 0.004988 0.206656 0.032231 0.032615      G       NaN      NaN       NaN      NaN       NaN                NaN       NaN                NaN       NaN      NaN       NaN      NaN       NaN                NaN       NaN                NaN                NaN                NaN 13.947714 14.828507 12.471730 0.316770 0.378186 0.318366 0.151897  0.006595       NaN        NaN 0.123712  0.016104
131.678212 19.426158 5.425050 0.070331 -36.400384 0.077147 -12.028078 0.054727 16.978453     3044.850133     2.250095 18.639606      478.160946     7.035946 15.749291     3975.956559    10.302516 1.229161         NaN       NaN 0.000802 0.015976 0.002813 0.002926    G+U 14.989303 0.003514 14.497680 0.003045 13.961191           0.002792 13.395127           0.002199 13.093186 0.002377  0.491623 0.004650  0.536489           0.004131  0.566064           0.003554           0.301941           0.003238 10.650472 12.311625  9.421310 0.028163 0.032369 0.028292 0.354922  0.001807  0.283553   0.001778 0.274876  0.022238
131.662111 19.619043 5.350758 0.071879 -38.262300 0.071006 -12.514764 0.049211 16.699612     3936.425968     3.116282 18.287182      661.521726     9.331173 15.479191     5098.961600    10.516221 1.220421         NaN       NaN 0.000860 0.015315 0.002239 0.002399    G+U 14.721646 0.003038 14.263836 0.002819 13.717664           0.002479 13.150068           0.002013 12.884511 0.002028  0.457810 0.004144  0.546172           0.003754  0.567596           0.003193           0.265557           0.002857 10.341689 11.929259  9.121268 0.029183 0.032946 0.029256 0.388852  0.001797  0.315502   0.001645 0.313104  0.023162
131.697000 19.644672 5.407580 0.018117 -36.788766 0.018430 -12.676949 0.013596 10.591160  1092653.976732   496.788120 10.884378   604875.007232   795.639900 10.134828   700207.967219   657.978640 0.456332   33.639645  0.245760 0.000494 0.001428 0.001020 0.001133    G+U 11.282605 0.000598 11.018650 0.000592 10.931345           0.000648 10.696212           0.000597  9.771613 0.000366  0.263955 0.000841  0.087305           0.000878  0.235133           0.000882           0.924599           0.000701  4.256175  4.549393  3.799843 0.007292 0.007414 0.007346 1.147323  0.000877  1.122355   0.000787 1.086736  0.003839
131.151479 19.288220 5.593743 0.309631 -37.534690 0.312849 -12.938876 0.221372 18.811570      562.755063     1.120232 20.559700       81.571161     9.539367 17.487478      801.986248     8.878145 1.324091         NaN       NaN 0.002161 0.126972 0.012019 0.012212    G+U 16.620533 0.008669 16.102327 0.007406 15.468335           0.008023 14.906970           0.006500 14.812534 0.006317  0.518206 0.011402  0.633992           0.010918  0.561365           0.010326           0.094436           0.009064 12.550082 14.298212 11.225990 0.120217 0.174841 0.120797 0.195799  0.004319  0.146577   0.003187 0.146154  0.025979
131.274406 19.299260 5.265668 0.124677 -37.086404 0.124743 -12.434374 0.082327 17.475943     1925.614720     1.776667 19.168306      293.828883     8.729915 16.229340     2555.186076     7.910587 1.246603         NaN       NaN 0.001002 0.032258 0.003361 0.003507    G+U 15.391093 0.004523 14.962596 0.003677 14.388903           0.003949 13.835364           0.002876 13.540011 0.002228  0.428497 0.005829  0.573693           0.005396  0.553538           0.004886           0.295353           0.003638 11.083211 12.775574  9.836608 0.051425 0.060697 0.051525 0.308806  0.002944  0.242044   0.002834 0.233415  0.026551
131.278099 19.294251 4.693101 0.545935 -36.902388 0.563574 -12.355367 0.382641 19.649385      260.131121     0.800834 21.219893       44.407835     5.502222 18.276894      387.615488     5.589327 1.372492         NaN       NaN 0.003343 0.134525 0.015656 0.016009    G+U 17.328210 0.013948 16.708517 0.010113 16.012646           0.011041 15.492550           0.008930 15.132429 0.007205  0.619694 0.017229  0.695871           0.014973  0.520096           0.014201           0.360121           0.011474 13.006684 14.577192 11.634193 0.252623 0.286189 0.253086 0.178980  0.007184  0.133549   0.004938 0.135014  0.021776
131.301319 19.306815 5.542199 0.196334 -36.462106 0.183090 -13.970163 0.117125 18.002937     1185.145059     1.457714 19.860733      155.282968     8.186081 16.691683     1669.111729    14.506145 1.311254         NaN       NaN 0.001335 0.057237 0.009436 0.009530    G+U 15.786742 0.005578 15.285211 0.004365 14.651165           0.004583 14.104238           0.003398 13.846808 0.002740  0.501532 0.007083  0.634046           0.006329  0.546926           0.005706           0.257431           0.004365 11.721348 13.579144 10.410094 0.076936 0.095883 0.077501 0.249403  0.003321  0.190200   0.003368 0.179249  0.026031
130.996789 19.316074 5.284606 0.042587 -35.773674 0.045181 -12.229563 0.036686 15.741193     9516.335802     4.514340 17.076275     2017.934590     9.097824 14.603984    11417.327690    15.563555 1.137209         NaN       NaN 0.000515 0.004895 0.001480 0.001567    G+U 13.914628 0.002081 13.544785 0.001751 13.013041           0.001916 12.479226           0.001541 12.199534 0.001354  0.369843 0.002719  0.531745           0.002595  0.533814           0.002459           0.279692           0.002051  9.356256 10.691338  8.219047 0.017507 0.018171 0.017562 0.497377  0.001024  0.419021   0.003626 0.449374  0.011898
131.186519 19.406087 5.115898 0.109195 -36.633753 0.103682 -11.914390 0.077802 16.142477     6575.911377    10.740674 17.652672     1186.719359    10.313411 14.891366     8762.174047    14.494810 1.251111         NaN       NaN 0.001773 0.009436 0.001796 0.002524    G+U 14.081285 0.002265 13.682266 0.002071 13.131358           0.001863 12.624520           0.001474 12.371858 0.001444  0.399018 0.003069  0.550908           0.002786  0.506838           0.002376           0.252663           0.002064  9.687086 11.197281  8.435975 0.046382 0.047299 0.046383 0.459679  0.002687  0.382731   0.002289 0.387647  0.019067
131.310051 19.555665 5.256608 0.149568 -37.397749 0.157214 -11.719071 0.111587 18.155565     1029.723882     1.413714 20.181183      115.596277     6.426927 16.833138     1465.221603     7.074543 1.322428         NaN       NaN 0.001491 0.060365 0.005242 0.005450    G+U 15.997740 0.005876 15.393540 0.005098 14.774510           0.004347 14.250210           0.003714 13.890944 0.004073  0.604199 0.007779  0.619030           0.006699  0.524301           0.005717           0.359266           0.005512 11.759093 13.784711 10.436666 0.061803 0.086379 0.062007 0.244090  0.002865  0.186126   0.002832 0.168882  0.025730
130.890432 19.406808 5.414714 0.295919 -38.049598 0.301588 -13.873801 0.255229 17.444630     1981.960955     7.240327 19.178170      291.171946     6.857536 16.015198     3112.283647     8.163929 1.429432         NaN       NaN 0.003966 0.025571 0.002848 0.004883    G+U 15.197185 0.003889 14.676200 0.003052 14.083538           0.003242 13.526879           0.002705 13.200380 0.002561  0.520985 0.004944  0.592662           0.004453  0.556659           0.004222           0.326499           0.003725 11.112508 12.846048  9.683076 0.118739 0.121397 0.118707 0.309870  0.006548  0.240930   0.006025 0.216339  0.024089
130.897730 19.456491 5.344359 0.123888 -37.906229 0.146124 -12.659796 0.134126 17.637907     1658.762095     1.550541 19.442200      228.316181     6.642272 16.367481     2249.913626     7.540438 1.270426         NaN       NaN 0.001015 0.031587 0.003639 0.003778    G+U 15.582636 0.004723 15.082630 0.003755 14.482850           0.003966 13.926510           0.003420 13.615933 0.003447  0.500006 0.006034  0.599780           0.005461  0.556340           0.005237           0.310576           0.004856 11.277385 13.081678 10.006959 0.050347 0.059427 0.050468 0.289257  0.002911  0.223045   0.002624 0.210614  0.023645
130.906818 19.491784 4.980942 0.488667 -37.195889 0.538107 -12.397375 0.436218 19.770874      232.593186     0.666205 21.211650       44.746204     4.707023 18.398859      346.429038     5.448834 1.372015         NaN       NaN 0.003110 0.114213 0.017077 0.017358    G+U 17.490732 0.014861 16.786898 0.010446 16.061842           0.010126 15.533270           0.010453 15.132846 0.011736  0.703835 0.018165  0.725056           0.014549  0.528572           0.014554           0.400424           0.015716 13.257432 14.698208 11.885417 0.213060 0.241722 0.213721 0.169743  0.005504  0.127097   0.003999 0.131223  0.017243
130.784803 19.468311 5.307498 0.057726 -36.855623 0.062112 -12.317602 0.041523 16.320818     5579.807224     4.397862 18.025057      842.158587     8.435500 15.061173     7493.571329    15.210127 1.259645         NaN       NaN 0.000856 0.010875 0.002204 0.002364    G+U 14.262458 0.002411 13.798788 0.002124 13.217533           0.002075 12.657365           0.001616 12.367943 0.001425  0.463670 0.003214  0.581255           0.002970  0.560168           0.002630           0.289422           0.002154  9.945267 11.649506  8.685622 0.023633 0.026001 0.023720 0.427280  0.001489  0.354828   0.000532 0.340784  0.021213
130.991264 19.516386 5.675437 0.247844 -37.006357 0.302526 -11.921162 0.243013 18.673832      638.872453     1.050102 20.654880       74.724734     7.584367 17.351463      909.019175    10.340660 1.322369         NaN       NaN 0.001785 0.110199 0.012351 0.012479    G+U 16.495474 0.007934 15.946083 0.006168 15.346248           0.006467 14.804662           0.006163 14.449738 0.006729  0.549391 0.010050  0.599835           0.008937  0.541586           0.008933           0.354924           0.009125 12.443829 14.424877 11.121460 0.094844 0.145383 0.095628 0.198361  0.003562  0.148685   0.002772 0.142356  0.024465
131.132582 19.554756 5.371253 0.094624 -37.585672 0.092023 -12.883726 0.068558 16.842224     3451.892363     3.422163 18.437551      575.965536    10.478100 15.605957     4537.070581    15.021857 1.236267         NaN       NaN 0.001076 0.019752 0.003595 0.003752    G+U 14.898500 0.003329 14.369546 0.002869 13.805394           0.002806 13.237161           0.002031 12.949811 0.002159  0.528954 0.004394  0.564152           0.004013  0.568233           0.003464           0.287350           0.002964 10.492602 12.087929  9.256335 0.038269 0.043053 0.038423 0.373664  0.002349  0.301528   0.002313 0.295451  0.025715
131.154135 19.710813 5.755265 0.148581 -36.419457 0.154237 -13.204001 0.100639 10.339978  1377068.647146   380.517600 10.624385   768533.898919   608.363300  9.887567   879288.734016   483.015500 0.452412   49.108753  4.809265 0.000300 0.000859 0.000596 0.000668      G       NaN      NaN       NaN      NaN       NaN                NaN       NaN                NaN       NaN      NaN       NaN      NaN       NaN                NaN       NaN                NaN                NaN                NaN  4.140304  4.424711  3.687893 0.056061 0.056067 0.056063 1.171614  0.006627  1.147078   0.006887 1.111744  0.012353
131.541904 19.528792 5.353173 0.024985 -37.132470 0.025097 -12.291167 0.017360 14.405945    32551.335591    12.857776 15.354319     9855.742600    16.899479 13.442624    33274.283734    33.532173 0.963321   33.128094  2.617380 0.000429 0.001862 0.001094 0.001175    G+U 12.898889 0.001244 12.650800 0.001244 12.180160           0.001169 11.559042           0.000873 11.364113 0.000814  0.248089 0.001759  0.470640           0.001707  0.621118           0.001459           0.194929           0.001193  8.049001  8.997375  7.085680 0.010144 0.010305 0.010194 0.624808  0.000522  0.588309   0.001173 0.619961  0.004585
131.513100 19.529712 5.388947 0.059743 -35.821874 0.059859 -12.048757 0.042434 16.219330     6126.533496     3.239967 17.683020     1154.008458     9.595963 15.033779     7685.045694    12.271829 1.185551         NaN       NaN 0.000574 0.009028 0.001734 0.001826    G+U 14.296174 0.002418 13.902692 0.002268 13.367249           0.002073 12.777679           0.001587 12.504179 0.001549  0.393482 0.003315  0.535443           0.003072  0.589570           0.002611           0.273500           0.002218  9.876849 11.340539  8.691298 0.024080 0.025711 0.024136 0.440482  0.001479  0.367213   0.001542 0.377278  0.017371
131.626604 19.648651 5.529285 0.091731 -38.527509 0.091808 -13.536711 0.069447 17.417849     2031.455292     1.977750 19.296156      261.188649     5.952814 16.118107     2830.839311     8.769088 1.299742         NaN       NaN 0.001057 0.024745 0.003363 0.003525      G       NaN      NaN       NaN      NaN       NaN                NaN       NaN                NaN       NaN      NaN       NaN      NaN       NaN                NaN       NaN                NaN                NaN                NaN 11.131194 13.009501  9.831452 0.036040 0.043705 0.036182 0.301260  0.001861  0.234793   0.001901 0.214093  0.022128
131.449673 19.605161 5.316039 0.078728 -37.178233 0.082458 -11.797705 0.057638 17.047306     2857.752980     2.399876 18.858181      390.971007     8.994531 15.759525     3938.654961    13.797741 1.287781         NaN       NaN 0.000912 0.024978 0.003804 0.003911      G       NaN      NaN       NaN      NaN       NaN                NaN       NaN                NaN       NaN      NaN       NaN      NaN       NaN                NaN       NaN                NaN                NaN                NaN 10.675247 12.486122  9.387466 0.032171 0.040719 0.032383 0.350400  0.002172  0.280529   0.002060 0.255462  0.027653
131.564260 19.709100 5.467929 0.023893 -37.472707 0.024469 -13.071573 0.017210  8.333861  8737803.020755  2122.947300  8.443014  5730744.401139  4173.183600  8.115634  4496809.186994  1875.809100 0.218227   35.187970  0.692380 0.000264 0.000791 0.000453 0.000524    G+H       NaN      NaN       NaN      NaN       NaN                NaN       NaN                NaN       NaN      NaN       NaN      NaN       NaN                NaN       NaN                NaN                NaN                NaN  2.022975  2.132128  1.804748 0.009492 0.009522 0.009499 1.762862  0.001956  1.740360   0.002259      NaN       NaN
131.435119 19.675633 5.535207 0.082470 -37.250805 0.085229 -13.592947 0.064356 16.113918     6751.180525     5.779815 17.592585     1254.247444    12.243760 14.907073     8636.327009    17.116114 1.206845         NaN       NaN 0.000930 0.010599 0.002152 0.002344      G       NaN      NaN       NaN      NaN       NaN                NaN       NaN                NaN       NaN      NaN       NaN      NaN       NaN                NaN       NaN                NaN                NaN                NaN  9.829587 11.308254  8.622742 0.032367 0.034045 0.032425 0.445392  0.001961  0.371023   0.001251 0.379129  0.019211
131.607883 19.893130 5.254327 0.369678 -36.094902 0.394871 -12.540878 0.312100 19.501627      298.054800     0.850669 21.213871       44.654851     6.105389 18.091352      459.850766     8.428959 1.410275         NaN       NaN 0.003099 0.148446 0.019901 0.020141    G+U 17.242638 0.012355 16.547192 0.009530 15.871260           0.008870 15.333642           0.007509 14.958567 0.010339  0.695446 0.015603  0.675932           0.013019  0.537618           0.011622           0.375075           0.012779 13.104212 14.816456 11.693937 0.152809 0.213020 0.154069 0.170510  0.004352  0.128625   0.003155 0.128149  0.019644
131.659076 19.879070 5.323968 0.091912 -36.399051 0.096933 -11.316546 0.083866 15.177194    15998.128319    16.753832 16.447641     3600.478398    17.426985 13.947277    20904.860889    43.383640 1.229917         NaN       NaN 0.001137 0.005255 0.002253 0.002524    G+U 13.174929 0.001447 12.845078 0.001342 12.343697           0.001330 11.781357           0.000967 11.504102 0.000889  0.329851 0.001973  0.501381           0.001889  0.562340           0.001644           0.277255           0.001314  8.808371 10.078818  7.578454 0.037505 0.037855 0.037556 0.553802  0.002308  0.493466   0.004445 0.505567  0.012588
131.358347 19.698399 5.553333 0.038085 -37.571786 0.038793 -13.122919 0.028594 15.639099    10454.590952     5.242960 16.919746     2330.873236    12.257750 14.519704    12338.909647    15.251665 1.119395         NaN       NaN 0.000544 0.005710 0.001342 0.001448    G+U 13.848023 0.001946 13.499202 0.001867 12.996667           0.001709 12.393365           0.001338 12.162897 0.001266  0.348822 0.002697  0.502535           0.002531  0.603302           0.002170           0.230468           0.001842  9.361868 10.642515  8.242473 0.014902 0.015949 0.014952 0.498333  0.000870  0.419078   0.003664 0.454874  0.012380
131.359424 19.784351 5.600231 0.052946 -35.688014 0.057363 -13.261990 0.040457 15.361505    13500.331515     5.369082 16.763441     2691.784956    10.228427 14.186207    16775.502328    19.895416 1.175299   24.180700  3.900985 0.000432 0.004126 0.001288 0.001358    G+U 13.396675 0.001597 13.031822 0.001448 12.541842           0.001374 11.979817           0.001052 11.717311 0.001006  0.364853 0.002156  0.489981           0.001996  0.562024           0.001730           0.262506           0.001456  9.102535 10.504471  7.927237 0.020534 0.020940 0.020570 0.518911  0.001119  0.457713   0.002281 0.467663  0.011422
131.238346 19.815436 5.416546 0.077870 -36.163150 0.090108 -13.035528 0.058174 16.879345     3335.865518     2.465981 18.523592      532.083875     9.067159 15.641089     4392.606172    10.375706 1.238255         NaN       NaN 0.000803 0.018502 0.002565 0.002687    G+U 14.800635 0.003203 14.344185 0.002773 13.843231           0.002673 13.241281           0.002036 12.955615 0.002218  0.456450 0.004237  0.500954           0.003851  0.601950           0.003360           0.285666           0.003011 10.547957 12.192204  9.309701 0.031228 0.036289 0.031323 0.366593  0.001957  0.295091   0.001962 0.285497  0.024651
131.599352 19.967787 5.325130 0.058390 -37.154724 0.068422 -13.295246 0.052842 16.390470     5233.094748     5.485211 17.910862      935.560237    13.304644 15.181045     6710.273659    13.892346 1.209426         NaN       NaN 0.001138 0.015440 0.002248 0.002519    G+U 14.364276 0.002465 13.978427 0.002274 13.408488           0.002119 12.860315           0.001640 12.602891 0.001712  0.385849 0.003354  0.569939           0.003108  0.548173           0.002679           0.257424           0.002370 10.022121 11.542513  8.812696 0.023837 0.028378 0.023916 0.424698  0.001547  0.354532   0.001711 0.354330  0.023218
130.117466 18.935756 5.406046 0.037174 -35.988843 0.034616 -13.461206 0.024936 14.959295    19553.677960     8.279882 16.048931     5198.095184    10.279144 13.920815    21420.631757    28.454836 1.038481   44.338470  5.949457 0.000460 0.002147 0.001442 0.001514    G+U 13.311183 0.001608 13.035414 0.001441 12.534769           0.001464 11.951632           0.001032 11.798472 0.000813  0.275769 0.002159  0.500645           0.002054  0.583137           0.001791           0.153159           0.001314  8.623694  9.713330  7.585213 0.014939 0.015085 0.015001 0.576456  0.000993  0.520346   0.000949 0.553063  0.006235
130.016135 18.932531 5.232326 0.227292 -34.780049 0.222395 -12.236205 0.164663 18.383526      834.711571     1.538402 20.274044      106.120453     8.031036 17.075361     1172.232708    12.994532 1.308165         NaN       NaN 0.002001 0.082167 0.012036 0.012201    G+U 16.191774 0.006686 15.652753 0.005389 15.083932           0.006006 14.536725           0.004625 14.242579 0.003940  0.539022 0.008588  0.568821           0.008069  0.547207           0.007580           0.294146           0.006076 11.977000 13.867518 10.668835 0.094350 0.125097 0.095093 0.230109  0.004276  0.173217   0.003732 0.165191  0.027706
130.082434 18.927228 5.338903 0.041677 -36.437075 0.039734 -11.141577 0.029893 15.105515    17089.938350    13.206569 16.440018     3625.849818    17.836193 13.963666    20591.681154    32.603058 1.141849   22.881840  7.628583 0.000839 0.005341 0.001719 0.001913    G+U 13.217132 0.001533 12.878777 0.001334 12.357953           0.001344 11.803455           0.000956 11.506624 0.000699  0.338355 0.002032  0.520823           0.001894  0.554498           0.001649           0.296831           0.001184  8.742776 10.077278  7.600926 0.016972 0.017773 0.017038 0.555750  0.001094  0.493466   0.004445 0.514418  0.011958
130.059275 18.958672 5.429819 0.017993 -36.060129 0.017610 -12.492261 0.013175 13.323774    88193.599730    36.227770 14.017173    33771.312634    54.993930 12.521720    77708.774055   113.928600 0.802054   36.752357  1.651963 0.000446 0.001768 0.001592 0.001653    G+U 12.099934 0.000912 11.914824 0.000855 11.520199           0.000913 11.135464           0.000697 10.942612 0.000528  0.185109 0.001251  0.394626           0.001251  0.384735           0.001148           0.192852           0.000875  6.997701  7.691100  6.195647 0.007210 0.007410 0.007370 0.727019  0.000423  0.702944   0.000922 0.730208  0.003316
130.009115 18.949104 5.227796 0.050130 -35.350148 0.047461 -11.767930 0.035712 14.631183    26452.922396    12.097973 15.900576     5959.181892    10.806194 13.514443    31144.465137    38.609680 1.116739   25.906933  7.472984 0.000497 0.001969 0.001346 0.001435    G+U 12.760323 0.001240 12.434317 0.001076 11.961144           0.001113 11.618175           0.000867 11.146470 0.000591  0.326006 0.001642  0.473173           0.001548  0.342969           0.001411           0.471704           0.001049  8.222776  9.492169  7.106036 0.020829 0.020916 0.020866 0.600991  0.000700  0.561420   0.001353 0.573348  0.006599
130.045041 18.982439 5.456546 0.061330 -35.808357 0.060870 -10.825854 0.044075 15.777843     9200.455700     8.808216 17.313707     1621.563189    14.405504 14.569965    11780.729528    27.847834 1.207878         NaN       NaN 0.001039 0.009645 0.002567 0.002769    G+U 13.768451 0.002005 13.334708 0.001654 12.835874           0.001717 12.315237           0.001237 11.977068 0.000914  0.433743 0.002600  0.498835           0.002384  0.520637           0.002116           0.338169           0.001538  9.462432 10.998296  8.254554 0.024429 0.026243 0.024541 0.481096  0.001573  0.402961   0.004018 0.413686  0.018722
130.006930 18.999784 5.436824 0.018215 -36.141000 0.019430 -12.354235 0.013983 10.030416  1831387.183562 10400.479500 10.360586   979901.407815 17393.262000  9.548475  1201622.589885 20452.572000 0.481941         NaN       NaN 0.006166 0.019272 0.018480 0.019482      G       NaN      NaN       NaN      NaN       NaN                NaN       NaN                NaN       NaN      NaN       NaN      NaN       NaN                NaN       NaN                NaN                NaN                NaN  3.707143  4.037312  3.225201 0.009537 0.020599 0.019861 1.266141  0.001932  1.241095   0.001615 1.206332  0.017075
130.023647 19.025129 5.362770 0.016276 -34.946811 0.016199 -12.574537 0.011022 12.306109   225166.094911   347.549400 12.871500    97010.093402   528.903100 11.587568   183709.178122   689.947700 0.718541   28.415570 11.860475 0.001676 0.005919 0.004078 0.004409    G+U 11.511163 0.000702 11.438004 0.000680 10.970705           0.000702 11.185292           0.000705 10.477775 0.000425  0.073158 0.000977  0.467299           0.000977 -0.214587           0.000995           0.707518           0.000823  5.953055  6.518446  5.234514 0.006800 0.008859 0.007750 0.851151  0.000637  0.835784   0.000855 0.830691  0.005817
129.940354 18.976062 5.318562 0.067310 -35.879880 0.065897 -11.617264 0.044041 16.260750     5897.215443     5.682698 17.742943     1092.042337    11.860499 15.068090     7445.983671    22.304934 1.192659         NaN       NaN 0.001046 0.011792 0.003252 0.003417    G+U 14.320904 0.002607 13.944119 0.002220 13.386210           0.002278 12.813382           0.001620 12.725986 0.001406  0.376785 0.003424  0.557908           0.003181  0.572828           0.002795           0.087396           0.002145  9.889721 11.371914  8.697061 0.027501 0.029905 0.027673 0.438788  0.001705  0.365692   0.001935 0.373586  0.020040
130.314107 19.086154 5.494732 0.049116 -36.610339 0.049239 -13.484068 0.036367 15.783973     9148.663703     4.446372 17.118952     1940.154456    10.254916 14.638469    11060.399394    28.520565 1.145504         NaN       NaN 0.000528 0.005739 0.002800 0.002849    G+U 13.976973 0.002227 13.612476 0.001925 13.364423           0.002247 12.557258           0.001460 12.046390 0.000898  0.364496 0.002944  0.248054           0.002959  0.807165           0.002679           0.510868           0.001714  9.483705 10.818684  8.338201 0.019417 0.020241 0.019611 0.484219  0.001242  0.409430   0.002896 0.434859  0.012991
130.225472 19.081940 5.096525 0.289029 -35.322465 0.284158 -12.144198 0.191362 18.773668      582.746443     1.330276 20.806282       64.998661     7.838378 17.423140      850.947360    10.351120 1.350529         NaN       NaN 0.002478 0.130932 0.013207 0.013438    G+U 16.591162 0.008796 16.011618 0.006632 15.371338           0.006840 14.830430           0.005638 14.497457 0.004418  0.579544 0.011016  0.640280           0.009527  0.540908           0.008864           0.332973           0.007162 12.310039 14.342653 10.959511 0.123172 0.179745 0.123853 0.206209  0.004952  0.154667   0.003887 0.144373  0.028477
130.331890 19.098359 4.997309 0.150798 -34.449510 0.156851 -11.594301 0.113002 18.116941     1067.014880     1.289666 19.943098      143.938688     6.456244 16.834800     1462.979595     9.134007 1.282141         NaN       NaN 0.001312 0.048700 0.006779 0.006905    G+U 15.944214 0.005973 15.431292 0.004792 14.870205           0.005072 14.322200           0.004086 14.016154 0.003056  0.512922 0.007657  0.561087           0.006978  0.548005           0.006513           0.306046           0.005102 11.610622 13.436779 10.328481 0.065539 0.081641 0.065876 0.257575  0.003323  0.197880   0.002969 0.188327  0.025233
130.356180 19.127312 5.236743 0.158371 -35.969481 0.163689 -13.788843 0.119525 18.144090     1040.663243     2.109991 19.709702      178.458253     8.577081 16.772776     1548.988231    15.179489 1.371315         NaN       NaN 0.002201 0.052183 0.010640 0.010865    G+U 15.979367 0.006094 15.509990 0.005009 14.961827           0.005333 14.399905           0.004300 14.207363 0.003516  0.469378 0.007889  0.548162           0.007317  0.561922           0.006851           0.192542           0.005555 11.739396 13.305008 10.368082 0.065707 0.083879 0.066526 0.255910  0.003243  0.196453   0.002964 0.189755  0.024853
130.217817 19.174486 5.712907 0.215340 -36.613220 0.217396 -12.556532 0.154393 16.007545     7446.092006    19.076899 17.585620     1262.317898    11.992470 14.750330     9977.601907    27.313366 1.257216         NaN       NaN 0.002782 0.010315 0.002972 0.004071    G+U 13.940832 0.002206 13.529494 0.001847 12.967335           0.001820 12.391061           0.001361 12.157102 0.000994  0.411338 0.002877  0.562160           0.002594  0.576274           0.002273           0.233959           0.001685  9.791831 11.369906  8.534616 0.081898 0.082498 0.081905 0.446541  0.004842  0.371311   0.003848 0.369447  0.021604
130.137159 19.194265 5.534865 0.033920 -36.350554 0.034528 -13.343150 0.023841  8.600788  6833316.283260  2115.283400  8.732945  4387718.814389  3181.476300  8.344442  3642344.905929  1384.372700 0.256346   37.371582  0.656228 0.000336 0.000787 0.000413 0.000532    G+U 13.859960 0.002106 13.800825 0.002079 12.226967           0.001279 13.310153           0.002236 10.399866 0.000410  0.059134 0.002959  1.573858           0.002440 -1.083186           0.002575           2.910287           0.002273  2.316323  2.448480  2.059977 0.013312 0.013331 0.013314 1.661116  0.002595  1.639031   0.002754      NaN       NaN
130.174418 19.223674 5.803891 0.482336 -33.188772 0.474528 -13.286471 0.292798 10.449558  1244868.208830   584.675540 10.759707   678475.122002   849.646300  9.971412   813941.808446   755.061100 0.478147   29.504772  2.084785 0.000510 0.001360 0.001007 0.001129    G+U 12.266573 0.001006 14.289407 0.002652 10.614304           0.000601 12.082317           0.001168 11.054246 0.000564 -2.022834 0.002836  3.675103           0.002719 -1.468014           0.001314           1.028071           0.001297  4.268154  4.578303  3.790008 0.180462 0.180467 0.180465 1.145366  0.021037  1.120660   0.021169 1.082007  0.036575
130.224263 19.187006 4.813307 0.421605 -36.455798 0.463233 -12.694446 0.304665 19.259886      372.385102     1.110472 21.812809       25.721336     4.348197 17.907053      544.925721    14.713422 1.352833         NaN       NaN 0.003238 0.183544 0.029316 0.029494    G+U 16.989940 0.011115 16.395777 0.008298 15.714849           0.008592 15.174990           0.007689 14.955378 0.006376  0.594164 0.013871  0.680928           0.011945  0.539859           0.011530           0.219612           0.009989 12.672104 15.225027 11.319271 0.190230 0.264321 0.192449 0.179057  0.005921  0.134547   0.004076 0.121118  0.023338
130.292202 19.203616 5.359750 0.165106 -35.198646 0.184329 -13.148902 0.119484 18.174297     1012.109481     1.416268 20.116535      122.688238     8.229914 16.839520     1456.633379    10.250585 1.334778         NaN       NaN 0.001519 0.072831 0.007641 0.007790    G+U 15.966370 0.006092 15.418676 0.004795 14.779991           0.004878 14.277389           0.004018 13.867298 0.002753  0.547693 0.007752  0.638685           0.006840  0.502603           0.006320           0.410090           0.004871 11.820020 13.762258 10.485243 0.066909 0.098888 0.067327 0.241683  0.003265  0.184275   0.003008 0.169181  0.027700
130.245281 19.237914 5.098058 0.212664 -34.658544 0.241312 -12.583130 0.169194 18.356447      855.790663     1.472817 20.470795       88.531675     8.496101 16.971634     1289.748265     7.531512 1.384813         NaN       NaN 0.001869 0.104195 0.006340 0.006610    G+U 16.051176 0.006447 15.469857 0.004897 14.783974           0.004762 14.248082           0.003995 13.982427 0.003067  0.581319 0.008096  0.685883           0.006831  0.535892           0.006216           0.265656           0.005037 11.893471 14.007819 10.508658 0.090602 0.138064 0.090804 0.234684  0.004420  0.178435   0.003885 0.156212  0.030971
130.262934 19.302499 5.281420 0.222125 -36.516750 0.233433 -12.686758 0.160255 18.333616      873.978182     1.499958 20.274273      106.098188     9.019279 17.000866     1255.485751     8.967281 1.332750         NaN       NaN 0.001863 0.092297 0.007755 0.007976    G+U 16.104733 0.006766 15.586779 0.005274 14.999111           0.005431 14.445310           0.004589 14.101226 0.003347  0.517954 0.008579  0.587667           0.007570  0.553802           0.007111           0.344084           0.005680 11.947369 13.888026 10.614619 0.091347 0.129844 0.091656 0.232013  0.004292  0.175481   0.003740 0.163337  0.029456
129.915015 19.115564 5.389100 0.212482 -36.873052 0.213229 -13.038168 0.136739 18.242222      950.732132     1.648678 20.158995      117.982874     9.619385 16.936940     1331.626174    15.596821 1.305283         NaN       NaN 0.001883 0.088522 0.012717 0.012855    G+U 16.085606 0.006447 15.535308 0.005290 14.953657           0.005638 14.389789           0.004543 13.895130 0.003303  0.550298 0.008339  0.581651           0.007731  0.563868           0.007241           0.494658           0.005617 11.899803 13.816576 10.594521 0.085638 0.123152 0.086556 0.235260  0.004130  0.178336   0.003656 0.167814  0.029682
129.991774 19.201574 5.460793 0.023796 -36.696686 0.021652 -12.751848 0.014751  9.382404  3326480.004286   611.167900  9.585729  2000439.820488   688.607400  9.030169  1936827.487488   565.033900 0.352236   35.260140  0.256260 0.000199 0.000374 0.000317 0.000374      G       NaN      NaN       NaN      NaN       NaN                NaN       NaN                NaN       NaN      NaN       NaN      NaN       NaN                NaN       NaN                NaN                NaN                NaN  3.068683  3.272008  2.716448 0.009465 0.009470 0.009468 1.428419  0.001511  1.405580   0.001493 1.389226  0.003104
129.800552 19.115558 5.418459 0.019239 -35.449168 0.021305 -12.256943 0.014695 10.447671  1247034.571843   625.025450 10.730250   697134.840814   971.521670 10.003979   789890.419856   773.952150 0.443692   35.597000  0.488202 0.000544 0.001513 0.001064 0.001195      G       NaN      NaN       NaN      NaN       NaN                NaN       NaN                NaN       NaN      NaN       NaN      NaN       NaN                NaN       NaN                NaN                NaN                NaN  4.117050  4.399629  3.673358 0.007729 0.007857 0.007783 1.176018  0.000924  1.151625   0.000980 1.117390  0.004104
129.943856 19.217731 5.374558 0.033961 -35.912677 0.033284 -11.738724 0.024443 14.628244    26524.599072    11.818357 15.631694     7633.777140    19.608423 13.633833    27901.337213    39.674866 0.994411   36.465820  5.685701 0.000484 0.002789 0.001544 0.001618    G+U 12.990154 0.001400 12.736815 0.001279 12.303655           0.001344 11.768838           0.000989 11.592393 0.000790  0.253339 0.001896  0.433161           0.001855  0.534817           0.001669           0.176445           0.001266  8.279958  9.283408  7.285547 0.013730 0.014002 0.013808 0.602094  0.000637  0.562455   0.000907 0.594197  0.006114
129.901624 19.260440 5.509480 0.023206 -36.861054 0.023902 -13.397620 0.016954 13.782584    57798.011109    11.593465 14.590558    19915.605527    28.046688 12.904020    54644.955230    30.057318 0.878564   34.885155  2.563985 0.000218 0.001529 0.000597 0.000636    G+U 12.363569 0.001050 12.169749 0.000982 11.761024           0.001036 11.381495           0.000816 11.026217 0.000591  0.193820 0.001438  0.408726           0.001427  0.379529           0.001318           0.355277           0.001007  7.488137  8.296111  6.609573 0.009149 0.009273 0.009166 0.677859  0.000469  0.649348   0.000498 0.679990  0.003519
129.935933 19.275160 5.528625 0.041843 -35.880421 0.040647 -12.140086 0.027983  7.631537 16685227.732581  7211.889600  7.716714 11187456.913862 13359.859000  7.450721  8296022.306817  7883.381300 0.180816   31.744678  0.513012 0.000469 0.001297 0.001032 0.001133      G       NaN      NaN       NaN      NaN       NaN                NaN       NaN                NaN       NaN      NaN       NaN      NaN       NaN                NaN       NaN                NaN                NaN                NaN  1.344622  1.429799  1.163806 0.016441 0.016486 0.016467 2.010307  0.003355  1.985638   0.003424      NaN       NaN
130.088581 19.181091 5.441209 0.044660 -37.311341 0.046561 -13.965581 0.031837 14.500714    29830.528609    12.131296 15.412128     9344.714009   424.460750 13.476928    32239.401383   588.136100 1.023786   31.029627  4.268373 0.000442 0.049317 0.019807 0.019812    G+U 12.927592 0.001352 12.705340 0.001231 12.245687           0.001288 11.676938           0.000943 11.510771 0.000707  0.222252 0.001828  0.459654           0.001782  0.568748           0.001596           0.166167           0.001179  8.179191  9.090604  7.155405 0.017828 0.052439 0.026645 0.614664  0.001343  0.579948   0.001781 0.607066  0.024001
130.088733 19.181759 5.410819 0.025165 -36.110594 0.026119 -12.673985 0.018062 13.962626    48966.161326    16.601944 14.771700    16855.320957   135.810230 13.003901    49842.231079   358.766360 0.958725   37.389046  4.008086 0.000368 0.008748 0.007815 0.007824    G+U 12.542014 0.001130 12.361725 0.001049 11.888308           0.001087 11.372604           0.000813 11.050080 0.000562  0.180289 0.001541  0.473417           0.001511  0.515703           0.001358           0.322524           0.000988  7.628941  8.438015  6.670217 0.010106 0.013361 0.012770 0.666982  0.000658  0.637409   0.000838 0.663965  0.008735
130.109193 19.219368 5.448930 0.024902 -36.580127 0.025040 -11.352310 0.018554 12.561142   178028.727184    93.176340 13.099684    78621.863112   158.032060 11.869166   141739.763929   231.589420 0.691976   34.709194  1.203208 0.000568 0.002182 0.001774 0.001863    G+U 11.577121 0.000726 11.461239 0.000694 11.037004           0.000731 10.807903           0.000625 10.452673 0.000421  0.115882 0.001005  0.424234           0.001008  0.229101           0.000962           0.355230           0.000753  6.242698  6.781240  5.550722 0.009940 0.010161 0.010081 0.811932  0.000783  0.797142   0.000907 0.806165  0.003307
130.114154 19.277982 5.215410 0.032054 -35.297485 0.030034 -11.525582 0.021253 11.010231   742769.763060   322.834960 11.337093   398638.769537   526.461730 10.519734   491206.977971   393.494720 0.490497   34.103370  0.599710 0.000472 0.001434 0.000870 0.000990      G       NaN      NaN       NaN      NaN       NaN                NaN       NaN                NaN       NaN      NaN       NaN      NaN       NaN                NaN       NaN                NaN                NaN                NaN  4.596673  4.923535  4.106176 0.013354 0.013423 0.013374 1.079299  0.001487  1.055177   0.001502 1.019160  0.003971
130.191854 19.309542 5.411880 0.022183 -35.686870 0.024096 -13.005960 0.018097  9.456571  3106836.685274   686.348940  9.662156  1864466.334602   522.025270  9.103741  1809931.024850   483.485380 0.352830   34.093620  0.444678 0.000240 0.000304 0.000290 0.000376      G       NaN      NaN       NaN      NaN       NaN                NaN       NaN                NaN       NaN      NaN       NaN      NaN       NaN                NaN       NaN                NaN                NaN                NaN  3.123312  3.328897  2.770482 0.008904 0.008906 0.008905 1.413149  0.001419  1.390462   0.001680 1.374365  0.002878
130.010217 19.277655 5.324297 0.102081 -35.049276 0.110386 -12.624776 0.072969 16.961874     3091.696268     3.122063 18.561354      513.896658     8.508397 15.740832     4007.053200    15.650522 1.221042         NaN       NaN 0.001096 0.017976 0.004241 0.004380    G+U 14.923382 0.003521 14.490333 0.002998 13.988203           0.003183 13.451690           0.002467 13.066668 0.001866  0.433049 0.004624  0.502130           0.004372  0.536513           0.004027           0.385022           0.003093 10.593185 12.192665  9.372143 0.041647 0.045348 0.041848 0.362540  0.002565  0.290199   0.002501 0.286340  0.023970
130.026316 19.307310 5.444534 0.035083 -36.054610 0.037478 -11.890634 0.026969 10.805195   897158.056570   279.426820 11.188087   457280.071604   405.567600 10.258721   624697.287391   288.529720 0.546473   35.974030  0.573961 0.000338 0.000963 0.000501 0.000605    G+U 11.110129 0.000587 11.360002 0.000673 10.486403           0.000567 10.802093           0.000613 10.511454 0.000457 -0.249872 0.000893  0.873598           0.000880 -0.315690           0.000835           0.290640           0.000765  4.484998  4.867890  3.938524 0.013996 0.014025 0.014001 1.100850  0.001600  1.076003   0.001643 1.032199  0.004005
130.002784 19.309589 5.704120 0.068259 -37.531971 0.068042 -14.642871 0.046364 13.789548    57428.489823    17.445230 14.644502    18950.307858    28.450449 12.878871    55925.480172    41.661304 0.910677   38.530556  2.125429 0.000330 0.001630 0.000809 0.000873    G+U 12.278745 0.001007 12.061173 0.000932 11.648963           0.000976 11.290422           0.000775 10.851211 0.000541  0.217571 0.001372  0.412210           0.001349  0.358542           0.001246           0.439211           0.000945  7.570491  8.425445  6.659814 0.025987 0.026036 0.025998 0.669801  0.001353  0.639951   0.001553 0.669024  0.004330
129.967898 19.312578 5.429123 0.020538 -35.913928 0.020614 -13.597654 0.013832 10.114902  1694284.240549   440.928860 10.370845   970686.730072   603.583560  9.700335  1044778.866582   578.772460 0.414567   34.387356  0.346459 0.000283 0.000675 0.000601 0.000665      G       NaN      NaN       NaN      NaN       NaN                NaN       NaN                NaN       NaN      NaN       NaN      NaN       NaN                NaN       NaN                NaN                NaN                NaN  3.788550  4.044493  3.373983 0.008219 0.008242 0.008236 1.247570  0.001078  1.222297   0.001397 1.196256  0.003251
129.963791 19.305542 5.358658 0.114397 -35.915748 0.118406 -11.518629 0.076102 17.243624     2385.049222     2.543081 18.852127      393.157076    10.394030 16.002338     3149.364593    13.986025 1.241285         NaN       NaN 0.001158 0.028704 0.004822 0.004959    G+U 15.181607 0.004009 14.745284 0.003431 14.207466           0.003602 13.660463           0.002811 13.402048 0.002337  0.436323 0.005276  0.537818           0.004974  0.547003           0.004569           0.258415           0.003655 10.888904 12.497407  9.647618 0.046371 0.054524 0.046607 0.331177  0.003040  0.261979   0.002740 0.256146  0.027335
129.927143 19.307941 5.112760 0.088146 -34.680785 0.088454 -12.977145 0.053653 16.655863     4098.280504     3.579021 18.348616      625.130329    14.708450 15.396097     5504.516978    13.889673 1.259766         NaN       NaN 0.000948 0.025546 0.002740 0.002899    G+U 14.537751 0.002918 14.097942 0.002471 13.568030           0.002541 13.010501           0.001909 12.769057 0.001549  0.439809 0.003823  0.529912           0.003544  0.557529           0.003178           0.241444           0.002458 10.199140 11.891893  8.939374 0.037449 0.045322 0.037537 0.402246  0.002418  0.330283   0.001550 0.314825  0.031523
129.918605 19.314906 5.563860 0.113201 -37.676903 0.105359 -12.864504 0.069175 17.090788     2745.563181     3.958453 18.721964      443.231906    13.266334 15.849113     3626.712490    19.229810 1.241675         NaN       NaN 0.001565 0.032497 0.005757 0.005966    G+U 15.069827 0.003794 14.600966 0.003189 14.068058           0.003345 13.521606           0.002583 13.229762 0.002083  0.468861 0.004956  0.532908           0.004621  0.546452           0.004226           0.291844           0.003318 10.817669 12.448845  9.575994 0.044208 0.054845 0.044554 0.338388  0.003037  0.269209   0.002806 0.260732  0.029843
130.017183 19.413900 5.494177 0.122725 -36.332178 0.118153 -14.124028 0.075996 16.804476     3574.013035     5.472279 18.413382      588.931277    22.613537 15.564151     4715.176866    17.724567 1.240325         NaN       NaN 0.001662 0.041690 0.004081 0.004407    G+U 14.820374 0.003138 14.352340 0.002674 13.803287           0.002641 13.169378           0.001886 12.926725 0.001626  0.468034 0.004123  0.549052           0.003758  0.633909           0.003246           0.242653           0.002490 10.503989 12.112895  9.263664 0.048533 0.063959 0.048676 0.373074  0.003154  0.302895   0.003040 0.292762  0.037099
130.064427 19.458546 5.521867 0.074832 -35.813437 0.074728 -14.388721 0.057080 13.385476    83321.367242    40.964146 14.131870    30385.678534    43.014940 12.532961    76908.382769    63.566250 0.852515   33.162052  1.815906 0.000534 0.001537 0.000897 0.001044    G+U 12.117007 0.000866 11.855582 0.000805 11.613667           0.000905 11.506851           0.000805 10.805345 0.000519  0.261425 0.001183  0.241916           0.001211  0.106815           0.001211           0.701507           0.000958  7.095906  7.842300  6.243391 0.029432 0.029468 0.029441 0.716683  0.001673  0.691379   0.001887 0.717177  0.004082
130.455450 19.196334 5.272298 0.039496 -37.633516 0.040288 -13.392361 0.029547 13.810671    56322.059406    18.041813 14.701258    17985.134467    24.681044 12.869399    56415.521237    43.853740 0.941272   34.178640  1.649892 0.000348 0.001490 0.000844 0.000913    G+U 12.303277 0.001031 12.059982 0.000945 11.630335           0.000971 11.085255           0.000711 10.898057 0.000500  0.243295 0.001398  0.429647           0.001355  0.545080           0.001204           0.187198           0.000870  7.420671  8.311258  6.479399 0.016271 0.016335 0.016289 0.682368  0.000844  0.654667   0.001055 0.678184  0.003939
130.476413 19.257331 5.436276 0.023711 -35.869584 0.025163 -12.630860 0.018198 11.226812   608445.415501   527.227970 11.590713   315595.859526   761.128360 10.694993   417985.163395   750.094200 0.531819   41.182636  5.817368 0.000941 0.002618 0.001948 0.002164      G       NaN      NaN       NaN      NaN       NaN                NaN       NaN                NaN       NaN      NaN       NaN      NaN       NaN                NaN       NaN                NaN                NaN                NaN  4.903319  5.267221  4.371500 0.009518 0.009826 0.009669 1.023400  0.000954  0.998161   0.001084 0.966831  0.004277
130.472129 19.265411 5.316296 0.122214 -36.595767 0.141635 -12.923233 0.091378 17.938192     1257.968872     1.495726 19.673640      184.485108     6.878805 16.656849     1723.529630    10.015991 1.281343         NaN       NaN 0.001291 0.040483 0.006310 0.006440    G+U 15.829554 0.005766 15.359961 0.004716 14.775834           0.004797 14.217675           0.003896 13.979796 0.002999  0.469593 0.007449  0.584126           0.006727  0.558159           0.006179           0.237879           0.004917 11.566238 13.301686 10.284895 0.049936 0.064272 0.050316 0.263709  0.002868  0.203265   0.002375 0.195711  0.023460
130.439380 19.267232 5.586042 0.021737 -36.921936 0.024193 -12.989508 0.015892 10.045420  1806254.808816   477.958530 10.299957  1036177.502826   353.071560  9.632183  1112461.646479   327.552860 0.413237   34.710644  0.194225 0.000287 0.000370 0.000320 0.000430    G+U 11.414419 0.000685 11.337544 0.000675 10.486685           0.000570 10.761215           0.000612 10.442798 0.000402  0.076875 0.000962  0.850860           0.000884 -0.274530           0.000836           0.318418           0.000732  3.780941  4.035478  3.367704 0.008455 0.008458 0.008456 1.249325  0.001110  1.225592   0.001305 1.198265  0.002794
130.412438 19.265724 5.489580 0.017024 -37.925422 0.018675 -11.770760 0.012830 12.757768   148538.763305    35.291668 13.316425    64394.173266    59.153750 12.049022   120101.823582    68.683680 0.708746   34.349125  0.797197 0.000258 0.000997 0.000621 0.000672    G+U 11.672682 0.000770 11.555744 0.000745 11.177849           0.000788 10.839528           0.000635 10.653366 0.000444  0.116938 0.001072  0.377895           0.001084  0.338321           0.001012           0.186162           0.000775  6.455464  7.014121  5.746718 0.006739 0.006808 0.006763 0.785735  0.000445  0.769538   0.000602 0.785869  0.002217
130.432692 19.302218 5.386990 0.025838 -36.430127 0.029054 -12.318131 0.018373 14.725230    24257.979566     7.673565 15.739889     6909.733521    11.727983 13.723632    25686.541391    22.873512 1.001598   35.163258  3.031003 0.000343 0.001843 0.000967 0.001026    G+U 13.093358 0.001502 12.841126 0.001364 12.405211           0.001404 11.800060           0.001013 11.594059 0.000712  0.252233 0.002029  0.435914           0.001957  0.605151           0.001731           0.206001           0.001238  8.381961  9.396620  7.380363 0.010421 0.010577 0.010460 0.598810  0.000235  0.550832   0.000724 0.583656  0.005099
130.547739 19.276955 5.438696 0.018365 -36.819598 0.019344 -12.384260 0.014107 11.925760   319626.448975   165.000260 12.359503   155458.936888   220.797580 11.325395   233883.825734   258.463170 0.600366   35.371740  0.424931 0.000560 0.001542 0.001200 0.001324    G+U 11.405820 0.000665 11.352836 0.000645 10.906841           0.000675 11.076427           0.000679 10.381806 0.000411  0.052984 0.000927  0.445994           0.000934 -0.169586           0.000957           0.694621           0.000794  5.603234  6.036977  5.002869 0.007354 0.007493 0.007430 0.904903  0.000688  0.883568   0.000900 0.876199  0.002716
130.554520 19.314598 5.622915 0.212101 -36.699864 0.255634 -12.412900 0.165024 18.674105      638.711266     1.248471 20.582832       79.851666     6.431242 17.368960      894.487172     9.998441 1.305145         NaN       NaN 0.002122 0.087445 0.012136 0.012320    G+U 16.478323 0.007910 15.941093 0.006472 15.345501           0.007118 14.754052           0.005543 14.393525 0.004522  0.537230 0.010221  0.595592           0.009620  0.591449           0.009021           0.360527           0.007153 12.423913 14.332640 11.118768 0.081937 0.119816 0.082804 0.200205  0.003063  0.149845   0.002447 0.146011  0.022434
130.364843 19.277545 5.574929 0.043747 -34.897646 0.049651 -11.894756 0.034424 15.092669    17293.342119     6.313773 16.272945     4229.011682    10.225240 14.010370    19724.680140    25.910173 1.082299   32.511364  3.411811 0.000396 0.002625 0.001426 0.001480    G+U 13.303234 0.001642 13.010772 0.001462 12.524171           0.001492 11.962745           0.001092 11.710624 0.000755  0.292462 0.002198  0.486601           0.002088  0.561426           0.001849           0.252121           0.001328  8.823866 10.004142  7.741567 0.017044 0.017241 0.017099 0.551306  0.000998  0.493466   0.004445 0.523005  0.007673
130.326485 19.260936 5.371127 0.030634 -36.208136 0.035957 -12.757333 0.021641  8.002527 11855940.083713  3383.329000  8.064988  8117489.826561 34675.320000  7.772140  6170240.858226 25670.969000 0.230387         NaN       NaN 0.000310 0.004638 0.004517 0.004528      G       NaN      NaN       NaN      NaN       NaN                NaN       NaN                NaN       NaN      NaN       NaN      NaN       NaN                NaN       NaN                NaN                NaN                NaN  1.652854  1.715315  1.422467 0.012389 0.013225 0.013183 1.905204  0.002667  1.881216   0.002686      NaN       NaN
130.623501 19.331194 5.019043 0.160909 -34.926446 0.171438 -12.007992 0.114868 18.166243     1019.645847     1.451851 20.039238      131.741166     5.946231 16.881227     1401.739894     8.031023 1.285015         NaN       NaN 0.001546 0.049005 0.006221 0.006410    G+U 16.050737 0.006223 15.508192 0.005394 14.933297           0.005106 14.425289           0.004529 14.110338 0.004850  0.542545 0.008235  0.574895           0.007427  0.508008           0.006825           0.314951           0.006636 11.669347 13.542342 10.384331 0.069634 0.085135 0.069894 0.252087  0.003016  0.192680   0.002972 0.182565  0.024622
130.664160 19.414358 5.348898 0.094478 -36.639383 0.106750 -13.132729 0.069261 17.377508     2108.353199     2.379996 19.113295      309.100041     6.371067 16.142378     2768.260526     8.426180 1.235130         NaN       NaN 0.001226 0.022379 0.003305 0.003525    G+U 15.344253 0.004208 14.882603 0.003757 14.319281           0.003641 13.765170           0.003005 13.459200 0.002943  0.461650 0.005642  0.563322           0.005232  0.554110           0.004721           0.305970           0.004206 11.018829 12.754616  9.783699 0.038374 0.044406 0.038497 0.313398  0.002369  0.245919   0.002076 0.236259  0.022700
130.599101 19.386734 5.389646 0.102968 -37.449611 0.114463 -12.245473 0.074281 17.502197     1879.610879     1.967276 19.295523      261.341015    10.086277 16.219795     2577.747228     8.873839 1.282402         NaN       NaN 0.001136 0.041903 0.003738 0.003907    G+U 15.384762 0.004246 14.895937 0.003384 14.275595           0.003547 13.753346           0.003035 13.406821 0.002939  0.488825 0.005430  0.620342           0.004903  0.522249           0.004668           0.346524           0.004225 11.159998 12.953324  9.877596 0.041501 0.058965 0.041654 0.301399  0.002247  0.236555   0.002334 0.218601  0.028737
130.771855 19.465117 5.376581 0.027980 -36.914006 0.029326 -12.282252 0.020111 14.577018    27806.062480     7.524795 15.564828     8118.688661    12.748219 13.592593    28981.505740    20.020113 0.984425   29.501778  3.170828 0.000294 0.001705 0.000750 0.000806    G+U 13.017812 0.001338 12.776378 0.001306 12.309391           0.001347 11.683532           0.000998 11.487847 0.000865  0.241434 0.001870  0.466987           0.001876  0.625859           0.001676           0.195684           0.001321  8.229549  9.217359  7.245124 0.011304 0.011428 0.011325 0.607310  0.000715  0.568346   0.000767 0.600334  0.004681
130.526896 19.411203 5.522905 0.033258 -37.184536 0.034846 -12.257561 0.023896  7.924245 12742321.372555  4666.071300  8.014535  8503598.151952  7786.727500  7.738603  6363807.503000  4172.727000 0.185642   37.286182  0.338872 0.000398 0.000994 0.000712 0.000815      G       NaN      NaN       NaN      NaN       NaN                NaN       NaN                NaN       NaN      NaN       NaN      NaN       NaN                NaN       NaN                NaN                NaN                NaN  1.635083  1.725373  1.449441 0.013082 0.013114 0.013096 1.903537  0.002713  1.879654   0.002917      NaN       NaN
130.506499 19.446070 5.245294 0.083413 -35.172416 0.092804 -12.151098 0.059988 17.100718     2720.570959     2.576213 18.730860      439.615632     8.507291 15.880397     3523.704643    11.662622 1.220321         NaN       NaN 0.001028 0.021011 0.003594 0.003738    G+U 15.099719 0.003651 14.671280 0.003002 14.132990           0.003267 13.569007           0.002725 13.273912 0.002649  0.428439 0.004727  0.538290           0.004437  0.563983           0.004255           0.295094           0.003801 10.699567 12.329709  9.479246 0.034547 0.040421 0.034718 0.350508  0.002276  0.279608   0.002166 0.273505  0.025020
130.460609 19.494246 5.525756 0.159434 -37.799230 0.181660 -12.709976 0.116304 18.204369      984.462883     1.212934 20.005285      135.926000     7.309236 16.911880     1362.717630     9.524373 1.292488         NaN       NaN 0.001338 0.058384 0.007588 0.007705    G+U 16.052511 0.006078 15.564128 0.004840 14.993114           0.005169 14.440701           0.004657 14.111934 0.004904  0.488383 0.007770  0.571013           0.007082  0.552413           0.006958           0.328768           0.006763 11.916328 13.717244 10.623839 0.062667 0.085639 0.063111 0.235889  0.003010  0.178441   0.002626 0.172802  0.024106
130.628052 19.491883 5.220358 0.078943 -36.208808 0.088059 -12.411091 0.058892 16.978823     3043.809758     2.564186 18.543951      522.199810     8.189010 15.771870     3894.128324     7.967064 1.206953         NaN       NaN 0.000915 0.017026 0.002221 0.002402    G+U 14.975045 0.003479 14.591891 0.003225 14.052239           0.003170 13.493946           0.002558 13.207181 0.002454  0.383154 0.004744  0.539652           0.004523  0.558293           0.004074           0.286765           0.003544 10.567324 12.132452  9.360371 0.032850 0.036989 0.032912 0.366097  0.002036  0.294149   0.002039 0.293063  0.023193
130.670576 19.532862 4.947209 0.161402 -34.184708 0.163626 -11.797290 0.106871 18.104572     1079.240195     1.187724 19.816628      161.720758     8.372306 16.828741     1471.165590     8.439776 1.275831         NaN       NaN 0.001195 0.056209 0.006229 0.006342    G+U 15.988548 0.005960 15.559402 0.005337 14.961199           0.005129 14.419193           0.004487 14.153920 0.004927  0.429146 0.008000  0.598204           0.007402  0.542006           0.006815           0.265273           0.006664 11.576373 13.288429 10.300542 0.070854 0.090434 0.071117 0.263370  0.004011  0.202862   0.003236 0.196652  0.027753
130.669495 19.543127 5.371010 0.017760 -36.978537 0.017986 -12.384207 0.013939  9.671502  2548859.098573   331.449740  9.891746  1509101.791542   330.735140  9.299872  1510807.383023   299.178600 0.371630   35.231995  0.491713 0.000141 0.000238 0.000215 0.000257    G+U 11.960992 0.000824 12.320803 0.001073 10.607745           0.000611 10.973389           0.000658  9.384920 0.000310 -0.359811 0.001353  1.713057           0.001234 -0.365644           0.000898           1.588469           0.000727  3.321782  3.542026  2.950152 0.007181 0.007184 0.007183 1.360928  0.001075  1.337399   0.001660 1.319570  0.002397
130.224080 19.378835 5.568032 0.032414 -37.200747 0.034475 -13.952050 0.024000 14.894252    20760.892556     8.831977 15.987203     5502.192832    12.711542 13.856455    22728.783929    28.280422 1.037797   30.395990  4.446199 0.000462 0.002508 0.001351 0.001428    G+U 13.233461 0.001469 12.942183 0.001348 12.471920           0.001355 12.029095           0.001029 11.655200 0.001117  0.291279 0.001994  0.470263           0.001912  0.442825           0.001702           0.373895           0.001519  8.622760  9.715711  7.584963 0.012650 0.012888 0.012713 0.576398  0.000840  0.520341   0.000902 0.552970  0.006675
130.280017 19.446862 5.510183 0.018203 -38.019670 0.018855 -12.074203 0.011267 12.170433   255137.140730    71.884270 12.638067   120279.097738   147.996000 11.545835   190908.168672   129.183430 0.624598   35.690280  0.672075 0.000306 0.001336 0.000735 0.000796    G+U 11.612202 0.000689 11.350976 0.000639 11.302672           0.000778 11.383676           0.000750 10.331331 0.000539  0.261226 0.000940  0.048304           0.001007 -0.081003           0.001081           1.052344           0.000924  5.876263  6.343897  5.251665 0.007180 0.007297 0.007211 0.862507  0.000615  0.845397   0.000680 0.846223  0.002508
130.278554 19.443540 5.563882 0.071444 -36.471279 0.074219 -13.108078 0.047579 16.626617     4210.168864     3.143148 18.152094      749.167711     9.480214 15.411095     5429.008159    16.476465 1.215523         NaN       NaN 0.000811 0.013739 0.003295 0.003393    G+U 14.670561 0.002916 14.218782 0.002497 13.693199           0.002469 13.116074           0.001802 12.848542 0.002460  0.451778 0.003839  0.525583           0.003512  0.577126           0.003057           0.267531           0.003049 10.353507 11.878984  9.137985 0.027895 0.031084 0.028077 0.389551  0.001713  0.315776   0.001383 0.317868  0.021549
130.242610 19.447886 5.092846 0.284854 -36.011330 0.298922 -11.498899 0.188822 18.739620      601.310655     1.204404 20.503685       85.890023     9.617672 17.430128      845.487404     8.213098 1.309492         NaN       NaN 0.002175 0.121577 0.010547 0.010769    G+U 16.611176 0.008242 16.016575 0.006661 15.427075           0.006587 14.841492           0.005206 14.511826 0.009205  0.594601 0.010598  0.589499           0.009368  0.585584           0.008396           0.329665           0.010575 12.274423 14.038488 10.964931 0.121475 0.171850 0.121912 0.211989  0.005015  0.158961   0.003923 0.157027  0.029541
130.218683 19.483158 5.383248 0.024521 -35.338174 0.022913 -12.309617 0.016020 10.175888  1601737.904831   448.465400 10.433624   916151.601792   334.319430  9.760421   988530.125230   325.459750 0.415467   34.440400  0.289023 0.000304 0.000396 0.000357 0.000469    G+U 11.618618 0.000686 11.459867 0.000667 10.973531           0.000663 11.397867           0.000749  9.839637 0.000417  0.158751 0.000957  0.486336           0.000941 -0.424336           0.001000           1.558230           0.000857  3.831110  4.088846  3.415643 0.009896 0.009899 0.009898 1.237856  0.001284  1.213618   0.001859 1.185871  0.003068
130.094483 19.464709 5.411797 0.021092 -35.370862 0.018859 -12.809026 0.015022 10.544890  1140225.135717   369.967400 10.834932   633058.679800   633.933650 10.094837   726479.232109   503.474330 0.450053   35.961964  0.343540 0.000352 0.001087 0.000752 0.000831    G+U 11.665221 0.000703 11.339223 0.000634 11.063875           0.000700 11.348346           0.000746 10.184944 0.000384  0.325998 0.000946  0.275348           0.000944 -0.284471           0.001023           1.163402           0.000839  4.211597  4.501639  3.761544 0.008471 0.008533 0.008497 1.156382  0.001015  1.131016   0.001428 1.096479  0.003576
130.106247 19.475707 5.425845 0.020156 -35.734450 0.019800 -12.086059 0.015777  9.747096  2377432.574088   470.194060  9.977015  1395118.557473   496.755650  9.364058  1424082.584323   338.723850 0.383039   35.692497  0.401783 0.000215 0.000387 0.000258 0.000336    G+U 13.447577 0.001614 11.622366 0.000723 10.844632           0.000632 11.742850           0.000902 10.003799 0.000353  1.825211 0.001768  0.777734           0.000960 -0.898218           0.001102           1.739051           0.000969  3.419433  3.649352  3.036395 0.008069 0.008076 0.008071 1.336252  0.001123  1.312295   0.001545 1.292734  0.002844
130.173411 19.500166 5.823222 0.281019 -35.038884 0.292828 -12.503001 0.229024 17.798594     1430.571284     7.667175 19.623768      193.156730     7.961827 16.360900     2263.589182    12.229079 1.437693         NaN       NaN 0.005819 0.044754 0.005866 0.008262    G+U 15.544066 0.004489 14.962469 0.003620 14.369486           0.003491 13.838085           0.002677 13.486869 0.003887  0.581597 0.005767  0.592983           0.005029  0.531401           0.004399           0.351216           0.004719 11.624411 13.449585 10.186717 0.104953 0.113948 0.104956 0.260317  0.005253  0.198856   0.004438 0.179760  0.024196
130.291591 19.508854 5.347189 0.016799 -35.481433 0.017761 -11.668659 0.012003  9.986646  1906727.033404   413.077480 10.236730  1098310.512525   707.856570  9.580269  1166945.498471   572.593700 0.406377   35.033653  0.375911 0.000235 0.000700 0.000533 0.000582      G       NaN      NaN       NaN      NaN       NaN                NaN       NaN                NaN       NaN      NaN       NaN      NaN       NaN                NaN       NaN                NaN                NaN                NaN  3.627274  3.877358  3.220897 0.006826 0.006858 0.006843 1.286014  0.000944  1.261466   0.001494 1.236863  0.003169
130.296940 19.529583 5.463028 0.035037 -35.614090 0.036047 -12.680824 0.024863 15.463237    12292.838509     4.868039 16.823227     2547.571604    10.522580 14.310502    14960.888390    20.291952 1.152735   40.170013  6.818059 0.000430 0.004485 0.001473 0.001534    G+U 13.566408 0.001720 13.186001 0.001515 12.680160           0.001499 12.210020           0.001121 11.872968 0.001282  0.380407 0.002292  0.505841           0.002131  0.470139           0.001872           0.337052           0.001703  9.150404 10.510394  7.997669 0.013933 0.014631 0.014004 0.515558  0.000761  0.450544   0.002864 0.468107  0.011471
130.234393 19.580280 5.452030 0.029891 -35.635818 0.028576 -13.807738 0.019182  6.743771 37795350.242668 10481.797000  6.817877 25601546.892836 19643.092000  6.577978 18533917.176173 15897.250000 0.165793   35.970585  0.391003 0.000301 0.000833 0.000931 0.000979    G+H       NaN      NaN       NaN      NaN       NaN                NaN       NaN                NaN       NaN      NaN       NaN      NaN       NaN                NaN       NaN                NaN                NaN                NaN  0.426562  0.500668  0.260769 0.011909 0.011934 0.011942 2.323675  0.000850  2.270196   0.000393      NaN       NaN
130.405693 19.520482 5.389289 0.015813 -36.760799 0.017878 -12.210811 0.011464 13.144526   104024.753131    15.276074 13.792922    41519.110539    23.478718 12.373594    89067.766857    38.475986 0.770931   34.223484  0.899943 0.000159 0.000614 0.000469 0.000495    G+U 11.944123 0.000818 11.782651 0.000760 11.405725           0.000885 10.932119           0.000716 10.726173 0.000596  0.161472 0.001117  0.376926           0.001167  0.473605           0.001139           0.205946           0.000931  6.802183  7.450579  6.031251 0.006374 0.006401 0.006389 0.747312  0.000374  0.725944   0.000556 0.750009  0.001902
130.389618 19.550000 5.454575 0.118560 -36.545423 0.131031 -13.510901 0.085123 17.659998     1625.351266     1.624765 19.405140      236.244082     7.193476 16.399202     2185.131151     9.857844 1.260796         NaN       NaN 0.001085 0.033060 0.004898 0.005017    G+U 15.610489 0.004891 15.103208 0.004275 14.554839           0.004079 14.047036           0.003331 13.740489 0.003602  0.507281 0.006496  0.548368           0.005909  0.507803           0.005267           0.306547           0.004906 11.343802 13.088944 10.083006 0.047211 0.057625 0.047452 0.284474  0.002868  0.219185   0.002482 0.210320  0.023526
130.362240 19.542407 5.512112 0.017730 -37.151628 0.019242 -12.837924 0.014367  9.722683  2431497.050585   387.494230  9.950512  1429592.461586   469.706270  9.340509  1455306.712756   277.684630 0.382174   34.594750  0.210818 0.000173 0.000357 0.000207 0.000270    G+U 10.863998 0.000499 11.112283 0.000571 10.661077           0.000579 10.326274           0.000497  9.299708 0.000298 -0.248284 0.000758  0.451206           0.000813  0.334803           0.000763           1.026566           0.000579  3.429273  3.657102  3.047099 0.006987 0.006994 0.006988 1.333999  0.000966  1.308026   0.001524 1.290355  0.002579
130.473128 19.608426 5.244392 0.113941 -36.720237 0.119819 -13.656378 0.077567 17.608885     1703.697482     2.542853 19.364973      245.147405     8.079064 16.361746     2261.831208    11.039257 1.247139         NaN       NaN 0.001621 0.035781 0.005299 0.005541    G+U 15.569616 0.004740 15.082497 0.004154 14.542150           0.004023 13.983792           0.003191 13.668409 0.003380  0.487120 0.006303  0.540347           0.005783  0.558357           0.005135           0.315383           0.004648 11.207361 12.963449  9.960222 0.047206 0.059212 0.047474 0.296524  0.002490  0.230458   0.002485 0.219875  0.026155
130.478034 19.616812 5.587130 0.235921 -36.775651 0.265644 -13.410214 0.160882 18.817710      559.580438     1.097442 20.710608       70.986181     6.949078 17.490805      799.533174    12.062291 1.326906         NaN       NaN 0.002129 0.106286 0.016380 0.016518    G+U 16.666998 0.008872 16.071640 0.007305 15.473241           0.006783 14.910089           0.005751 14.573044 0.006830  0.595358 0.011492  0.598399           0.009969  0.563151           0.008893           0.337046           0.008929 12.553654 14.446552 11.226749 0.091717 0.140372 0.093144 0.193401  0.003222  0.145001   0.002376 0.141296  0.022912
130.519391 19.633501 5.566141 0.448772 -35.622826 0.478795 -12.018037 0.317899 19.522202      292.459547     0.891279 21.398910       37.657617     4.851875 18.152346      434.730341     7.778436 1.369856         NaN       NaN 0.003309 0.139888 0.019427 0.019706    G+U 17.257837 0.012903 16.597076 0.010066 15.935708           0.009001 15.351446           0.007802 15.000782 0.009734  0.660761 0.016364  0.661368           0.013503  0.584262           0.011912           0.350664           0.012475 13.249973 15.126681 11.880117 0.175107 0.224099 0.176150 0.162531  0.004394  0.122287   0.003352 0.122424  0.016649
130.335022 19.622846 5.396708 0.026865 -36.464597 0.027521 -12.897371 0.019709 15.021150    18470.848264     6.426415 16.127575     4834.889907    14.676198 13.976275    20353.944034    21.361658 1.044875   36.502810  3.217765 0.000378 0.003296 0.001139 0.001200    G+U 13.380932 0.001591 13.086415 0.001422 12.601866           0.001427 11.965539           0.001099 11.755208 0.001056  0.294517 0.002134  0.484550           0.002015  0.636327           0.001802           0.210331           0.001524  8.681794  9.788219  7.636919 0.010816 0.011301 0.010869 0.569224  0.000753  0.515108   0.002514 0.545661  0.007763
130.332842 19.634587 5.404477 0.014918 -36.575067 0.015214 -12.105975 0.011119 13.146451   103840.427793    26.260200 13.786313    41772.616878    41.262638 12.382252    88360.368195    60.172855 0.764199   33.985985  1.118969 0.000275 0.001072 0.000739 0.000789    G+U 11.978071 0.000827 11.814877 0.000783 11.615935           0.000895 11.161979           0.000737 10.772296 0.000613  0.163195 0.001139  0.198941           0.001189  0.453957           0.001159           0.389683           0.000959  6.810219  7.450081  6.046020 0.006000 0.006089 0.006039 0.746659  0.000361  0.724469   0.000643 0.749987  0.002439
130.426060 19.660479 5.532515 0.024332 -36.546290 0.023734 -14.720168 0.017306  9.475089  3054296.786355   441.419770  9.688435  1819880.843610   631.412230  9.109364  1800580.900573   394.260000 0.365726   50.620457  4.687571 0.000157 0.000377 0.000238 0.000285      G       NaN      NaN       NaN      NaN       NaN                NaN       NaN                NaN       NaN      NaN       NaN      NaN       NaN                NaN       NaN                NaN                NaN                NaN  3.189702  3.403048  2.823977 0.009551 0.009557 0.009553 1.395516  0.001432  1.372383   0.001645 1.355374  0.003144
130.458394 19.659558 5.491447 0.033762 -36.121924 0.032984 -12.679726 0.023247 15.247327    14997.397693     9.367626 16.424690     3677.400636    13.932350 14.167236    17071.183913    43.988020 1.080091   32.750187  4.160705 0.000678 0.004113 0.002798 0.002879    G+U 13.499455 0.001696 13.208428 0.001606 12.725914           0.001627 12.108101           0.001175 11.880959 0.001066  0.291026 0.002336  0.482514           0.002286  0.617813           0.002007           0.227141           0.001587  8.945761 10.123124  7.865670 0.013368 0.013970 0.013640 0.539609  0.000777  0.480733   0.004213 0.510748  0.009559
130.413228 19.674438 5.535345 0.044310 -36.901388 0.044773 -12.860104 0.032099 15.973061     7686.390760     4.945110 17.403336     1493.079372     8.959005 14.795727     9569.020311    18.109718 1.177334         NaN       NaN 0.000699 0.006515 0.002055 0.002170    G+U 14.027100 0.002183 13.669422 0.002010 13.148917           0.001995 12.541513           0.001458 12.283768 0.001343  0.357677 0.002967  0.520505           0.002832  0.607404           0.002471           0.257746           0.001982  9.688785 11.119060  8.511451 0.017396 0.018563 0.017503 0.460561  0.001031  0.382892   0.001935 0.401399  0.014538
130.482624 19.689621 5.424980 0.019428 -36.442383 0.019219 -13.238211 0.014917 10.896363   824900.003616   361.342500 11.220029   444022.957056   698.728330 10.405973   545467.789526   590.428160 0.490391   33.637615  0.334081 0.000476 0.001709 0.001175 0.001268      G       NaN      NaN       NaN      NaN       NaN                NaN       NaN                NaN       NaN      NaN       NaN      NaN       NaN                NaN       NaN                NaN                NaN                NaN  4.568354  4.892020  4.077963 0.007791 0.007962 0.007865 1.085061  0.000903  1.060841   0.000924 1.024221  0.003828
130.386398 19.670398 5.369690 0.452496 -35.484346 0.460517 -12.401005 0.328177 19.871092      212.085091     0.707900 21.207335       44.924515     7.196096 18.492714      317.740315     6.659905 1.378378         NaN       NaN 0.003624 0.173915 0.022757 0.023044    G+U 17.534136 0.015814 16.837101 0.012120 16.185963           0.010681 15.610478           0.009543 15.219461 0.011714  0.697035 0.019924  0.651138           0.016155  0.575484           0.014323           0.391017           0.015109 13.520838 14.857081 12.142460 0.183023 0.252449 0.184397 0.157536  0.004339  0.118643   0.003562 0.126778  0.017693
130.369508 19.713522 5.200326 0.143991 -37.384506 0.144127 -13.465620 0.100944 18.004644     1183.284555     1.590929 19.822706      160.817842     8.231982 16.724375     1619.600694     9.016565 1.280270         NaN       NaN 0.001460 0.055577 0.006044 0.006218    G+U 15.911132 0.005725 15.403746 0.005002 14.834331           0.004724 14.298233           0.003855 13.997338 0.004316  0.507386 0.007602  0.569415           0.006880  0.536098           0.006097           0.300895           0.005787 11.584797 13.402859 10.304528 0.060143 0.081877 0.060429 0.260037  0.003314  0.200842   0.002769 0.190314  0.027239
129.730096 19.283769 5.414774 0.034354 -35.584000 0.031990 -13.008166 0.023416 15.061287    17800.484414     9.795349 16.209711     4482.627516    12.249270 13.997350    19962.658201    26.070360 1.063937   32.186573  8.696150 0.000597 0.002967 0.001418 0.001539    G+U 13.316340 0.001624 13.027346 0.001444 12.544378           0.001490 11.974124           0.001093 11.755657 0.000817  0.288995 0.002173  0.482967           0.002075  0.570254           0.001848           0.218467           0.001365  8.729188  9.877612  7.665251 0.013790 0.014093 0.013850 0.562447  0.000936  0.505707   0.003879 0.536458  0.007745
129.813435 19.286474 5.468483 0.047619 -34.832625 0.046003 -12.691787 0.032569 15.638341    10461.891005    12.187912 16.905645     2361.342785    17.729263 14.515759    12383.814390    37.762753 1.122581         NaN       NaN 0.001265 0.008152 0.003311 0.003544    G+U 13.779296 0.002016 13.467085 0.001781 12.967629           0.001845 12.377670           0.001351 12.047354 0.000957  0.312211 0.002690  0.499455           0.002564  0.589959           0.002287           0.330317           0.001655  9.327675 10.594979  8.205093 0.018951 0.020591 0.019197 0.502140  0.001044  0.430035   0.003863 0.459410  0.014728
129.759325 19.326186 5.533041 0.016758 -36.801617 0.017211 -12.705225 0.011836 12.113306   268920.642747   114.017600 12.586641   126113.135553   220.263060 11.485772   201766.569330   228.181720 0.627534   34.687120  0.875669 0.000460 0.001896 0.001228 0.001311    G+U 11.347731 0.000609 11.212260 0.000599 10.906771           0.000653 11.041293           0.000638 10.269417 0.000519  0.135470 0.000854  0.305490           0.000886 -0.134522           0.000913           0.771876           0.000823  5.828125  6.301460  5.200591 0.006593 0.006845 0.006690 0.869443  0.000583  0.852083   0.001002 0.850625  0.002989
129.813903 19.324525 5.428033 0.161807 -35.901940 0.153178 -12.571419 0.112968 18.060472     1123.978543     1.748535 19.948680      143.200490     8.415206 16.759829     1567.570205     9.542098 1.300644         NaN       NaN 0.001689 0.063804 0.006609 0.006821    G+U 15.934718 0.005591 15.412366 0.004617 14.828361           0.004543 14.293638           0.003533 13.995019 0.005660  0.522352 0.007251  0.584004           0.006477  0.534723           0.005755           0.298619           0.006672 11.733684 13.621892 10.433041 0.064753 0.090890 0.065067 0.247882  0.002864  0.189831   0.002997 0.177647  0.027184
129.815371 19.333993 5.535456 0.188027 -34.642665 0.178214 -12.521506 0.139705 18.261040      934.395111     1.588661 20.049427      130.510611    10.657640 16.952328     1312.885268    15.121625 1.308712         NaN       NaN 0.001846 0.088662 0.012505 0.012641    G+U 16.159662 0.006339 15.609479 0.005155 15.000778           0.005019 14.473903           0.003963 14.163076 0.006497  0.550183 0.008171  0.608701           0.007195  0.526876           0.006395           0.310826           0.007610 11.976807 13.765194 10.668095 0.073783 0.115332 0.074813 0.231803  0.003567  0.175914   0.003202 0.169652  0.028908
129.826912 19.378910 5.767466 0.200898 -36.744390 0.201723 -12.903426 0.145703 18.310200      893.031800     1.750407 20.257828      107.717372    10.304740 16.988758     1269.564697    12.186501 1.321442         NaN       NaN 0.002128 0.103867 0.010422 0.010637    G+U 16.140192 0.006240 15.591947 0.005080 14.987063           0.004954 14.454864           0.003899 14.156233 0.006466  0.548245 0.008046  0.604883           0.007096  0.532199           0.006305           0.298632           0.007551 12.115125 14.062753 10.793683 0.075669 0.128489 0.076353 0.219692  0.003538  0.166255   0.002955 0.156130  0.028615
129.655958 19.257930 5.525174 0.056099 -36.891691 0.052052 -12.658964 0.038622 16.159140     6475.758515     5.831329 17.689602     1147.033427    11.967631 14.950156     8300.333804    22.798780 1.208983         NaN       NaN 0.000978 0.011328 0.002982 0.003138    G+U 14.168430 0.002437 13.764640 0.002059 13.212012           0.002090 12.648652           0.001565 12.463705 0.001214  0.403790 0.003190  0.552628           0.002934  0.563360           0.002611           0.184947           0.001980  9.870870 11.401332  8.661886 0.022069 0.024788 0.022248 0.439817  0.001388  0.367263   0.001414 0.369764  0.020051
129.762686 19.404303 5.329575 0.114926 -35.661765 0.108956 -12.720077 0.082048 17.346346     2169.742646     2.162225 19.068306      322.176865    11.411571 16.082958     2923.985025    14.023694 1.263388         NaN       NaN 0.001082 0.038457 0.005207 0.005319    G+U 15.229177 0.003845 14.754670 0.003250 14.189907           0.003196 13.660739           0.002417 13.374881 0.003472  0.474507 0.005034  0.564763           0.004558  0.529168           0.004007           0.285858           0.004230 10.979809 12.701769  9.716421 0.046838 0.060593 0.047114 0.319329  0.003062  0.252477   0.002721 0.238355  0.030243
129.672583 19.421685 5.421369 0.022009 -35.263502 0.022563 -12.817599 0.015156 13.990094    47742.933764    16.839210 14.839445    15835.758431    24.772812 13.087234    46159.856434    44.293777 0.902860   38.724655  2.956550 0.000383 0.001698 0.001042 0.001110    G+U 12.578454 0.001079 12.355950 0.001021 11.936984           0.001059 11.484759           0.000789 11.175982 0.000833  0.222504 0.001486  0.418966           0.001472  0.452225           0.001321           0.308777           0.001147  7.660639  8.509990  6.757780 0.008824 0.008977 0.008877 0.661396  0.000480  0.630907   0.000471 0.662086  0.003866
129.711165 19.415005 5.337916 0.053267 -36.546378 0.052493 -12.895648 0.035663 15.937424     7942.864967     6.071571 17.316498     1617.402492    17.485970 14.772754     9773.646410    19.612526 1.164670         NaN       NaN 0.000830 0.011738 0.002179 0.002331    G+U 14.007043 0.002107 13.630904 0.001862 13.120024           0.001860 12.589565           0.001358 12.322162 0.001650  0.376139 0.002812  0.510880           0.002632  0.530458           0.002303           0.267404           0.002137  9.574282 10.953356  8.409612 0.021685 0.024644 0.021779 0.473878  0.001365  0.397659   0.004385 0.419508  0.019005
129.940452 19.366928 5.462931 0.021413 -35.835018 0.020643 -12.856465 0.012353 10.518590  1168182.430916   579.644700 10.809184   648251.150007   922.972300 10.066867   745437.654572   791.371500 0.451723   33.715504  0.429758 0.000539 0.001546 0.001153 0.001272      G       NaN      NaN       NaN      NaN       NaN                NaN       NaN                NaN       NaN      NaN       NaN      NaN       NaN                NaN       NaN                NaN                NaN                NaN  4.205718  4.496312  3.753995 0.008528 0.008651 0.008589 1.157661  0.001024  1.132727   0.000929 1.097574  0.004132
129.971337 19.400980 5.392036 0.081018 -35.040539 0.079506 -12.391071 0.057495 16.790697     3619.659454     4.657411 18.365458      615.508543     8.760297 15.580155     4646.179091    15.083130 1.210542         NaN       NaN 0.001397 0.015453 0.003525 0.003791    G+U 14.822597 0.003139 14.403140 0.002741 13.862171           0.002721 13.267419           0.001990 13.108510 0.001819  0.419456 0.004167  0.540969           0.003862  0.594752           0.003371           0.158909           0.002697 10.449461 12.024222  9.238919 0.032657 0.036102 0.032817 0.377862  0.001988  0.305251   0.001859 0.303922  0.022762
129.882135 19.404826 5.370187 0.082035 -34.951354 0.076963 -12.372133 0.056521 16.511500     4681.087345     5.453527 18.045000      826.831511    11.065103 15.306169     5979.851554    17.066137 1.205330         NaN       NaN 0.001265 0.014530 0.003099 0.003347    G+U 14.524528 0.002677 14.116732 0.002333 13.574945           0.002304 13.000549           0.001664 12.740135 0.002192  0.407796 0.003551  0.541787           0.003279  0.574395           0.002842           0.260414           0.002752 10.161447 11.694947  8.956117 0.033196 0.036214 0.033316 0.408780  0.002072  0.334158   0.001642 0.338529  0.022615
129.909689 19.440803 5.398444 0.016781 -34.762738 0.017398 -11.572169 0.012003 12.356053   215042.957789    61.270990 12.842239    99660.018043   104.174820 11.676241   169301.940246   206.704180 0.679812   31.415796  2.614198 0.000309 0.001135 0.001326 0.001361    G+U 11.629112 0.000690 11.430666 0.000660 11.245177           0.000761 11.232644           0.000705 10.502326 0.000447  0.198446 0.000955  0.185489           0.001007  0.012533           0.001037           0.730318           0.000835  6.017396  6.503582  5.337584 0.006757 0.006845 0.006879 0.843789  0.000545  0.828396   0.000567 0.829618  0.002378
129.976523 19.460272 5.983779 0.132019 -37.056596 0.148487 -12.535632 0.119522 17.283420     2299.207875     2.495042 18.988092      346.880808    10.582215 16.026972     3078.713342    13.043665 1.256449         NaN       NaN 0.001178 0.033122 0.004600 0.004748    G+U 15.249643 0.003870 14.780678 0.003309 14.222850           0.003273 13.636735           0.002434 13.365912 0.002144  0.468966 0.005092  0.557828           0.004654  0.586115           0.004079           0.270823           0.003244 11.168298 12.872970  9.911850 0.047923 0.058244 0.048129 0.301324  0.002464  0.234926   0.002572 0.225442  0.025744
129.990540 19.541421 5.403337 0.044859 -35.285313 0.043198 -13.047256 0.029602  7.501533 18807615.180316  4365.093300  7.605361 12395742.095492  6552.198000  7.293408  9589479.824457  4574.122600 0.208125         NaN       NaN 0.000252 0.000574 0.000518 0.000576      G       NaN      NaN       NaN      NaN       NaN                NaN       NaN                NaN       NaN      NaN       NaN      NaN       NaN                NaN       NaN                NaN                NaN                NaN  1.164843  1.268671  0.956718 0.018029 0.018037 0.018035 2.075282  0.003636  2.050917   0.003721      NaN       NaN
129.853908 19.459288 5.389036 0.028134 -35.012544 0.026499 -12.781415 0.018115 10.330844  1388702.747849   598.028400 10.630808   764000.593343   956.884400  9.866490   896523.994148   892.765700 0.464354   32.240353  6.187296 0.000468 0.001360 0.001081 0.001178      G       NaN      NaN       NaN      NaN       NaN                NaN       NaN                NaN       NaN      NaN       NaN      NaN       NaN                NaN       NaN                NaN                NaN                NaN  3.988400  4.288364  3.524046 0.011346 0.011418 0.011388 1.202639  0.001449  1.178430   0.001383 1.143494  0.004669
129.868928 19.473595 5.419323 0.028739 -35.755699 0.027283 -12.477315 0.018017 11.372760   531915.605222   265.688020 11.831926   252723.930493   283.521450 10.759586   393843.337503   270.840420 0.613174   35.583270  2.960384 0.000542 0.001218 0.000747 0.000923    G+U 11.320448 0.000589 11.058386 0.000547       NaN -1000000000.000000 11.245167           0.000691  9.682010 0.000384  0.262062 0.000804       NaN -1000000000.000000       NaN -1000000000.000000           1.563157           0.000790  5.042485  5.501651  4.429311 0.011528 0.011580 0.011540 0.995640  0.001089  0.971826   0.001236 0.938962  0.003319
129.802839 19.504625 5.182456 0.356669 -36.299034 0.320743 -13.309426 0.217487 18.992228      476.492232     1.155094 20.723790       70.129624    10.045250 17.611553      715.380715     9.292238 1.380674         NaN       NaN 0.002632 0.155519 0.014103 0.014346    G+U 16.704905 0.008641 16.053839 0.006610 15.361738           0.006164 14.824889           0.004929 14.468252 0.008316  0.651066 0.010879  0.692101           0.009038  0.536849           0.007892           0.356637           0.009667 12.564906 14.296468 11.184231 0.149469 0.215686 0.150110 0.196498  0.005436  0.147091   0.003987 0.144314  0.028465
129.901724 19.485461 5.409887 0.029827 -35.535188 0.029359 -13.661964 0.019745 14.428582    31879.682399     9.849360 15.373278     9685.134357    17.672520 13.465227    32588.729352    21.581171 0.963355   21.016804  5.527921 0.000335 0.001981 0.000719 0.000793    G+U 12.878903 0.001219 12.634670 0.001143 12.208770           0.001183 11.695242           0.000861 11.405733 0.000941  0.244233 0.001672  0.425900           0.001645  0.513528           0.001463           0.289509           0.001275  8.094523  9.039219  7.131168 0.011977 0.012135 0.011994 0.620920  0.000616  0.583692   0.000708 0.616163  0.004770
129.961151 19.540751 5.947744 0.105500 -34.616808 0.097754 -13.601153 0.063193  6.394641 52130285.259963 22562.344000  6.820746 25533974.693988 29661.516000  5.728477 40529143.362937 27268.012000 0.666164   35.443190  0.139961 0.000470 0.001261 0.000730 0.000869    G+H       NaN      NaN       NaN      NaN       NaN                NaN       NaN                NaN       NaN      NaN       NaN      NaN       NaN                NaN       NaN                NaN                NaN                NaN  0.266403  0.692507 -0.399762 0.038520 0.038538 0.038524 2.502680  0.005212  2.443582   0.005689      NaN       NaN
129.961649 19.550520 5.452470 0.027812 -35.827499 0.026096 -12.615690 0.017502 11.623737   422135.280815   269.881130 12.014614   213585.167984   448.974400 11.064226   297486.751371   522.482400 0.559511   34.212708  0.503103 0.000694 0.002282 0.001907 0.002029    G+U 11.228130 0.000579 11.094862 0.000561 11.193472           0.000739 10.874593           0.000680 10.067378 0.000446  0.133268 0.000806 -0.098610           0.000928  0.318879           0.001004           0.807215           0.000813  5.306704  5.697581  4.747193 0.011098 0.011309 0.011239 0.953346  0.001191  0.928889   0.001122 0.912221  0.003497
129.559276 19.365333 4.621992 0.296425 -35.032509 0.310974 -10.821500 0.228736 10.728316   962986.910091   901.776060 11.076342   506850.711339   711.247600 10.197331   661036.756630   603.454300 0.530985   34.579235  0.407145 0.001017 0.001524 0.000991 0.001420      G       NaN      NaN       NaN      NaN       NaN                NaN       NaN                NaN       NaN      NaN       NaN      NaN       NaN                NaN       NaN                NaN                NaN                NaN  4.052462  4.400488  3.521477 0.139268 0.139272 0.139268 1.190379  0.017023  1.165548   0.017034 1.121331  0.030704
129.560620 19.430915 5.632569 0.894208 -35.202134 0.850686 -12.582407 0.598168 20.372736      133.614159     0.901007 21.290009       41.630645     7.640500 18.915356      215.286102     8.577693 1.457380         NaN       NaN 0.007321 0.199266 0.043259 0.043874    G+U 17.984064 0.020625 17.199856 0.014406 16.506510           0.013683 15.910854           0.011391 15.502426 0.010129  0.784208 0.025158  0.693346           0.019869  0.595655           0.017805           0.408428           0.015243 14.126269 15.043542 12.668889 0.344813 0.398183 0.347439 0.146375  0.006545       NaN        NaN 0.119991  0.014165
129.444040 19.438286 5.393651 0.021163 -35.785686 0.021810 -13.646817 0.014028 10.504940  1182961.368286   670.055660 10.793223   657850.938774  1087.597500 10.055400   753352.428891   984.437440 0.449540   34.929283  0.384839 0.000615 0.001795 0.001419 0.001546    G+U 11.590218 0.000678 11.474028 0.000679 10.696545           0.000596 11.107292           0.000666  9.840190 0.000322  0.116190 0.000960  0.777483           0.000904 -0.410748           0.000894           1.267102           0.000740  4.164354  4.452637  3.714814 0.008542 0.008707 0.008637 1.166221  0.001025  1.141431   0.000990 1.106550  0.004452
129.487879 19.463804 5.307233 0.072125 -36.343337 0.072835 -12.753226 0.047394 16.558746     4481.759838     3.560332 18.110857      778.169803    12.373405 15.344347     5773.237540    14.836708 1.214399         NaN       NaN 0.000863 0.017264 0.002790 0.002921    G+U 14.591712 0.002777 14.148836 0.002401 13.595751           0.002362 13.034678           0.001730 12.621639 0.001313  0.442876 0.003671  0.553085           0.003368  0.561073           0.002928           0.413038           0.002172 10.183087 11.735198  8.968688 0.029523 0.034189 0.029642 0.406532  0.001883  0.333701   0.001643 0.333691  0.024722
129.478541 19.485970 5.385875 0.088661 -35.233964 0.082766 -12.351151 0.055066 16.681013     4004.438787     4.554955 18.273724      669.772663    17.564196 15.461262     5183.861520    18.603302 1.219751         NaN       NaN 0.001235 0.028472 0.003896 0.004087    G+U 14.699501 0.002928 14.259325 0.002536 13.697812           0.002488 13.131165           0.001820 12.849253 0.001498  0.440176 0.003874  0.561513           0.003553  0.566647           0.003083           0.281912           0.002357 10.337294 11.930005  9.117543 0.035767 0.045700 0.035958 0.389903  0.002309  0.318019   0.002474 0.313162  0.031489
129.457457 19.514053 5.418296 0.034081 -35.385993 0.033092 -12.765264 0.021368 15.009888    18663.440960    13.919952 16.120424     4866.837741    18.273571 13.962742    20609.211682    55.392080 1.047146   32.321854 12.304906 0.000810 0.004077 0.002918 0.003028    G+U 13.321147 0.001518 13.028771 0.001404 12.532537           0.001410 11.998614           0.001024 11.632399 0.000770  0.292376 0.002068  0.496235           0.001990  0.533922           0.001743           0.366216           0.001281  8.679202  9.789738  7.632056 0.013683 0.014254 0.013967 0.569415  0.000953  0.515097   0.002521 0.545464  0.008690
129.528009 19.571572 5.387012 0.115922 -35.668731 0.111403 -12.655145 0.077159 17.318144     2226.840944     2.849928 19.000298      343.003250     9.412265 16.082650     2924.817664    16.103691 1.235495         NaN       NaN 0.001390 0.029793 0.005978 0.006137    G+U 15.286131 0.003978 14.828823 0.003359 14.254854           0.003291 13.723031           0.003174 13.439787 0.003336  0.457308 0.005206  0.573969           0.004703  0.531823           0.004572           0.283244           0.004604 10.974884 12.657038  9.739390 0.046748 0.055418 0.047108 0.319687  0.002960  0.251774   0.002580 0.243668  0.026829
129.708824 19.504140 4.845062 0.542611 -35.956722 0.521548 -13.216866 0.370865 19.761663      234.574603     0.917631 21.513996       33.870250     5.919887 18.404581      344.608634     8.620128 1.357082         NaN       NaN 0.004247 0.189766 0.027159 0.027489    G+U 17.448332 0.014182 16.796877 0.010767 16.120163           0.010273 15.594850           0.008712 15.231165 0.016031  0.651455 0.017807  0.676714           0.014882  0.525313           0.013470           0.363685           0.018245 13.188160 14.940493 11.831078 0.243226 0.308467 0.244701 0.166794  0.006392  0.125335   0.004732 0.126456  0.021697
129.695445 19.500864 5.325355 0.023354 -33.973319 0.024029 -12.473941 0.016156  8.923931  5074276.303970  1080.812400  9.078360  3192074.856226  1640.417000  8.640412  2773276.171155   997.202200 0.283519   35.785393  0.678412 0.000231 0.000558 0.000390 0.000454      G       NaN      NaN       NaN      NaN       NaN                NaN       NaN                NaN       NaN      NaN       NaN      NaN       NaN                NaN       NaN                NaN                NaN                NaN  2.555674  2.710103  2.272155 0.009526 0.009539 0.009531 1.580842  0.001759  1.557151   0.002047      NaN       NaN
129.766976 19.522632 5.343075 0.019417 -34.213784 0.020401 -12.907957 0.013559 13.318716    88605.423933    23.004622 13.998038    34371.746919    44.775864 12.526340    77378.890137    57.307440 0.792377   34.324135  1.791069 0.000282 0.001414 0.000804 0.000852    G+U 12.068494 0.000845 11.886694 0.000814 11.545703           0.000875 11.188913           0.000682 10.839388 0.000692  0.181800 0.001173  0.340991           0.001195  0.356790           0.001109           0.349525           0.000971  6.957672  7.636994  6.165296 0.007896 0.008017 0.007932 0.731238  0.000463  0.707538   0.000485 0.734633  0.002945
129.761960 19.532490 4.634051 0.586947 -37.327533 0.587697  -9.687602 0.409296 15.858916     8538.469959    28.828232 17.266705     1693.304732    17.692318 14.532186    12197.854415    21.752865 1.326730   29.955710 11.307668 0.003666 0.011344 0.001936 0.004146    G+U 13.709211 0.001824 13.287321 0.001576 12.761668           0.001559 12.199101           0.001116 11.932970 0.001288  0.421890 0.002410  0.525653           0.002217  0.562567           0.001917           0.266131           0.001704  9.188720 10.596509  7.861991 0.275062 0.275271 0.275044 0.514880  0.015152  0.448018   0.020084 0.444288  0.035815
129.673138 19.571636 5.524270 0.162391 -36.503001 0.164101 -11.902007 0.112164 17.996151     1192.577733     1.969190 19.704940      179.242274    10.553644 16.715876     1632.329701    11.887697 1.280275         NaN       NaN 0.001793 0.063927 0.007907 0.008108    G+U 15.863112 0.005506 15.373878 0.004529 14.749420           0.004354 14.228507           0.004069 13.909315 0.004526  0.489235 0.007130  0.624457           0.006282  0.520913           0.005959           0.319192           0.006086 11.707525 13.416314 10.427250 0.063858 0.090340 0.064320 0.252580  0.002951  0.194348   0.002949 0.188934  0.027831
129.722906 19.571320 5.454095 0.022234 -35.921569 0.022650 -13.271764 0.014942 13.639209    65957.373374    15.047152 14.405775    23610.600941    33.693460 12.787073    60859.570421    39.946793 0.852136   38.981390  2.354296 0.000248 0.001549 0.000713 0.000754    G+U 12.304739 0.000959 12.124366 0.000908 11.739342           0.000957 11.238739           0.000768 10.949421 0.000668  0.180373 0.001321  0.385024           0.001319  0.500603           0.001227           0.289318           0.001018  7.322822  8.089388  6.470686 0.008856 0.008987 0.008881 0.693758  0.000507  0.667025   0.000581 0.697194  0.003386
129.787735 19.592337 5.678470 0.206061 -36.312131 0.202067 -12.833194 0.142423  8.449769  7853067.355814  3416.515400  8.564920  5122109.294075  6084.456000  8.222096  4076804.851282  3022.322500 0.227674   39.493220  2.980589 0.000472 0.001290 0.000805 0.000933      G       NaN      NaN       NaN      NaN       NaN                NaN       NaN                NaN       NaN      NaN       NaN      NaN       NaN                NaN       NaN                NaN                NaN                NaN  2.220926  2.336077  1.993252 0.078800 0.078809 0.078803 1.693175  0.015729  1.671134   0.015757      NaN       NaN
129.792095 19.678370 5.478409 0.022200 -35.738577 0.022373 -13.220317 0.014910  9.326675  3501681.544625   596.978940  9.525564  2114420.243287   876.007400  8.978461  2031298.009768   646.237600 0.348214         NaN       NaN 0.000185 0.000450 0.000345 0.000392      G       NaN      NaN       NaN      NaN       NaN                NaN       NaN                NaN       NaN      NaN       NaN      NaN       NaN                NaN       NaN                NaN                NaN                NaN  3.019947  3.218836  2.671733 0.008801 0.008811 0.008806 1.441983  0.001395  1.419323   0.001821 1.402845  0.003050
129.775284 19.676757 5.300881 0.031057 -35.373398 0.029852 -13.035401 0.019847  7.383082 20975573.449373  5940.714000  7.504107 13607358.807937  8901.083000  7.139241 11052535.091006  5919.157000 0.243842         NaN       NaN 0.000308 0.000710 0.000581 0.000658      G       NaN      NaN       NaN      NaN       NaN                NaN       NaN                NaN       NaN      NaN       NaN      NaN       NaN                NaN       NaN                NaN                NaN                NaN  1.004823  1.125848  0.760981 0.012726 0.012742 0.012736 2.134689  0.002647  2.108917   0.002544      NaN       NaN
129.761612 19.724661 5.409869 0.019483 -36.529718 0.020638 -14.192523 0.013196  9.186539  3984108.947364   775.132570  9.426195  2317067.640885  1092.003500  8.787346  2422255.719256   683.967160 0.399193         NaN       NaN 0.000211 0.000512 0.000307 0.000372      G       NaN      NaN       NaN      NaN       NaN                NaN       NaN                NaN       NaN      NaN       NaN      NaN       NaN                NaN       NaN                NaN                NaN                NaN  2.852473  3.092129  2.453280 0.007823 0.007837 0.007826 1.488648  0.001379  1.466952   0.003223      NaN       NaN
129.663545 19.694394 5.980882 0.245907 -35.533908 0.237525 -14.042612 0.181732 18.094242     1089.557402     2.686806 20.036148      132.116679    10.315000 16.710285     1640.756427    11.212474 1.383957         NaN       NaN 0.002677 0.084769 0.007420 0.007888    G+U 15.839792 0.005244 15.280939 0.004199 14.647635           0.004007 14.105876           0.004002 13.802938 0.004356  0.558853 0.006718  0.633305           0.005804  0.541759           0.005663           0.302938           0.005915 11.978068 13.919974 10.594111 0.089321 0.123113 0.089589 0.230978  0.004125  0.174366   0.003606 0.159735  0.027601
130.075233 19.531936 5.410258 0.030780 -36.250805 0.031062 -12.118188 0.023139  7.515390 18569096.987873  6486.996600  7.576736 12726896.163900  8405.274000  7.378975  8862743.311143  4651.161600 0.136415   33.128746  0.233245 0.000379 0.000717 0.000570 0.000684      G       NaN      NaN       NaN      NaN       NaN                NaN       NaN                NaN       NaN      NaN       NaN      NaN       NaN                NaN       NaN                NaN                NaN                NaN  1.181480  1.242826  1.045065 0.012360 0.012375 0.012367 2.065925  0.002456  2.041288   0.002532      NaN       NaN
130.112371 19.544758 5.383632 0.047425 -36.292594 0.044343 -12.133352 0.035801  6.268366 58559893.711998 17844.732000  6.339213 39786110.309965 47193.746000  6.117872 28314522.310266 26717.436000 0.150494         NaN       NaN 0.000331 0.001288 0.001024 0.001077    G+H       NaN      NaN       NaN      NaN       NaN                NaN       NaN                NaN       NaN      NaN       NaN      NaN       NaN                NaN       NaN                NaN                NaN                NaN -0.076257 -0.005410 -0.226751 0.019132 0.019172 0.019156 2.335000  0.000000  2.276821   0.000206      NaN       NaN
130.176836 19.565949 5.383662 0.021730 -35.902182 0.023851 -13.032992 0.015957 11.173428   639110.396896   399.358640 11.523209   335840.698682   489.379200 10.663594   430249.666347   520.617860 0.509833   34.055016  0.332255 0.000678 0.001582 0.001314 0.001479    G+U 11.211562 0.000581 10.994660 0.000536 10.881314           0.000636 10.691245           0.000587  9.953492 0.000402  0.216902 0.000791  0.113346           0.000832  0.190069           0.000866           0.737753           0.000711  4.828817  5.178598  4.318983 0.008791 0.008906 0.008863 1.035581  0.000873  1.011157   0.000963 0.979598  0.003433
130.158103 19.607866 5.165497 0.345429 -36.024609 0.357164 -13.785545 0.255606 19.188862      397.559099     1.026417 20.871588       61.204294     8.433965 17.838776      580.294135    11.630466 1.350086         NaN       NaN 0.002803 0.149615 0.021761 0.021941    G+U 16.962854 0.010524 16.343676 0.008110 15.701710           0.007840 15.161131           0.008238 14.803225 0.009751  0.619179 0.013286  0.641966           0.011280  0.540579           0.011372           0.357905           0.012765 12.754423 14.437149 11.404337 0.145238 0.208497 0.146833 0.186476  0.004809  0.139892   0.003337 0.140320  0.025327
130.199768 19.658886 5.355850 0.141644 -34.487820 0.148059 -10.685742 0.103920 10.825631   880429.217104   328.851260 11.186070   458130.114431   405.716800 10.287958   608099.728587   421.852600 0.537673   34.124516  0.484599 0.000406 0.000962 0.000753 0.000855    G+U 11.336155 0.000612 11.236408 0.000596 10.956881           0.000655 10.936869           0.000656  9.887801 0.000388  0.099747 0.000854  0.279528           0.000886  0.020012           0.000927           1.049068           0.000763  4.469773  4.830212  3.932100 0.057430 0.057436 0.057433 1.104876  0.006529  1.080001   0.006352 1.036844  0.010781
130.139262 19.633533 5.376965 0.015724 -36.536289 0.017145 -13.508849 0.011601 11.963045   308836.427119   128.712370 12.404102   149202.392652   224.762560 11.363196   225880.954061   270.673600 0.599849   35.502216  1.110995 0.000452 0.001636 0.001301 0.001377    G+U 11.651614 0.000702 11.482043 0.000669 11.313734           0.000779 10.869209           0.000679 10.268811 0.000498  0.169571 0.000969  0.168309           0.001027  0.444525           0.001033           0.600398           0.000842  5.615731  6.056788  5.015882 0.006366 0.006558 0.006482 0.902458  0.000596  0.881227   0.000493 0.874619  0.002772
130.114465 19.655433 5.308375 0.020205 -35.107663 0.020351 -12.863842 0.014417 12.855571   135743.337974    41.315010 13.432824    57847.868697    52.844917 12.140799   110366.763325    70.314804 0.714771   34.676920  1.212132 0.000330 0.000992 0.000692 0.000767    G+U 11.844698 0.000768 11.687037 0.000736 11.548864           0.000870 11.086378           0.000754 10.666520 0.000609  0.157660 0.001064  0.138173           0.001140  0.462486           0.001151           0.419858           0.000969  6.480379  7.057632  5.765607 0.008272 0.008324 0.008294 0.782337  0.000538  0.766334   0.000577 0.782711  0.002280
130.168468 19.670701 5.037723 0.210964 -35.523903 0.206128 -12.386823 0.143939 18.514048      740.164035     1.634297 19.327590      253.735036    38.937153 17.100231     1145.686454    28.701591 1.413817         NaN       NaN 0.002397 0.166613 0.027200 0.027305    G+U 16.352503 0.007163 15.772414 0.005638 15.167339           0.005507 14.606103           0.005348 14.259936 0.006114  0.580089 0.009116  0.605075           0.007882  0.561236           0.007677           0.346167           0.008123 12.025219 12.838761 10.611402 0.090966 0.189813 0.094915 0.241260  0.004780  0.185851   0.004493 0.207442  0.038215
130.166162 19.669154 5.357652 0.039485 -34.508662 0.039424 -14.895131 0.027416 10.692376   995396.557403   671.805240 11.042647   522826.822077  1112.529200 10.177549   673191.200442   914.518800 0.514827   34.568050  0.376672 0.000733 0.002310 0.001475 0.001647    G+U 11.418877 0.000634 11.280017 0.000606 10.881658           0.000630 10.847877           0.000627  9.778464 0.000367  0.138860 0.000877  0.398359           0.000875  0.033781           0.000889           1.069412           0.000726  4.337249  4.687520  3.822422 0.016020 0.016169 0.016071 1.130335  0.001844  1.105872   0.001886 1.063605  0.005814
129.999755 19.577858 5.423247 0.021989 -35.942335 0.022375 -11.611836 0.015249 12.562860   177747.084673    84.898870 13.079146    80123.206862   148.492740 11.895272   138372.286785   174.127170 0.667588   33.502090  0.971305 0.000519 0.002012 0.001366 0.001461    G+U 11.660136 0.000707 11.500352 0.000676 11.389462           0.000810 10.923595           0.000697 10.525398 0.000564  0.159784 0.000978  0.110889           0.001055  0.465867           0.001068           0.398197           0.000896  6.234157  6.750443  5.566569 0.008820 0.009032 0.008910 0.813254  0.000695  0.798393   0.001026 0.808808  0.003062
130.040169 19.621359 5.227705 0.019067 -35.293774 0.018832 -12.861898 0.013476 11.790918   361892.487722   191.818080 12.197228   180520.180413   353.310500 11.221910   257272.959212   320.037350 0.569008   34.919430  0.846580 0.000575 0.002125 0.001351 0.001468    G+U 11.382348 0.000622 11.445961 0.000659 11.137478           0.000720 10.827735           0.000665 10.226623 0.000485 -0.063613 0.000906  0.308483           0.000976  0.309743           0.000980           0.601112           0.000823  5.382473  5.788783  4.813465 0.007941 0.008200 0.008034 0.939206  0.000776  0.916182   0.000632 0.902497  0.003236
130.051154 19.639475 5.679103 0.073165 -36.476026 0.068772 -13.096090 0.049524  9.766602  2335104.191107   470.167540 10.007075  1357021.741312   485.980680  9.367995  1418927.600334   363.408420 0.398606   33.673405  2.604404 0.000219 0.000389 0.000278 0.000354    G+U 11.619087 0.000693 11.554254 0.000693 11.092181           0.000704 11.302647           0.000838  9.627338 0.000360  0.064834 0.000980  0.462072           0.000988 -0.210465           0.001095           1.675308           0.000912  3.538001  3.778474  3.139394 0.027976 0.027978 0.027977 1.307632  0.003879  1.283165   0.004019 1.260554  0.007409
130.048119 19.653216 5.245999 0.050942 -35.277308 0.052186 -13.218001 0.038571 15.909716     8148.176718     6.513899 17.541637     1314.504321    18.123533 14.678690    10658.159833    21.588330 1.231026         NaN       NaN 0.000868 0.014969 0.002199 0.002364    G+U 13.915067 0.002027 13.452282 0.001691 12.884675           0.001645 12.348710           0.001433 12.039827 0.001325  0.462785 0.002640  0.567607           0.002359  0.535965           0.002181           0.308883           0.001952  9.508857 11.140778  8.277831 0.021104 0.025860 0.021201 0.475635  0.001390  0.401917   0.002213 0.397506  0.024227
129.946895 19.659484 5.217016 0.128451 -35.697520 0.128956 -12.200656 0.090106 16.856900     3405.548241     3.595831 18.505228      541.160285    14.652145 15.596840     4575.329578    19.233470 1.260059         NaN       NaN 0.001146 0.029397 0.004564 0.004706    G+U 14.825624 0.003140 14.346161 0.002610 13.788041           0.002569 13.229010           0.002342 12.916869 0.002350  0.479463 0.004083  0.558120           0.003662  0.559032           0.003476           0.312140           0.003318 10.444011 12.092339  9.183951 0.053477 0.061014 0.053659 0.377694  0.003294  0.305462   0.003142 0.293604  0.032160
130.010200 19.676436 5.538436 0.089731 -35.705421 0.087013 -12.621259 0.064439 16.572800     4424.123047     3.836625 18.118840      772.468552     9.888878 15.369391     5641.591938    17.886059 1.203408         NaN       NaN 0.000942 0.013899 0.003442 0.003569    G+U 14.619894 0.002842 14.198083 0.002428 13.659216           0.002410 13.097117           0.002174 12.820154 0.002213  0.421811 0.003738  0.538867           0.003421  0.562098           0.003246           0.276963           0.003102 10.289736 11.835776  9.086327 0.035194 0.037827 0.035349 0.394822  0.002144  0.320638   0.002588 0.323861  0.022010
130.091856 19.669875 5.410566 0.029280 -36.237170 0.046633 -13.881461 0.033672  6.176117 63752896.877064 18813.252000  6.661611 29564639.701961 31698.336000  5.528766 48713790.961141 55962.566000 0.647351   34.419373  0.125612 0.000320 0.001164 0.001247 0.001288    G+H       NaN      NaN       NaN      NaN       NaN                NaN       NaN                NaN       NaN      NaN       NaN      NaN       NaN                NaN       NaN                NaN                NaN                NaN -0.157670  0.327824 -0.805021 0.011756 0.011809 0.011817 2.531358  0.001402  2.514969   0.000127      NaN       NaN
130.096778 19.673197 5.400895 0.039464 -38.789983 0.037755 -12.203875 0.027327 10.300258  1428379.281959   654.706850 10.591003   792529.816360   638.228100  9.846524   913163.331489   752.332500 0.453733   34.159172  0.517622 0.000498 0.000874 0.000895 0.001024      G       NaN      NaN       NaN      NaN       NaN                NaN       NaN                NaN       NaN      NaN       NaN      NaN       NaN                NaN       NaN                NaN                NaN                NaN  3.962587  4.253332  3.508853 0.015874 0.015891 0.015892 1.208414  0.002066  1.184625   0.002470 1.150653  0.004756
130.086281 19.686677 5.415197 0.038051 -35.687383 0.039590 -12.850590 0.026793  7.667654 16139313.925577  7172.069000  7.744365 10906137.397252  6356.495600  7.508721  7864472.418671  5544.609400 0.158933   56.563667  4.810092 0.000482 0.000633 0.000765 0.000905      G       NaN      NaN       NaN      NaN       NaN                NaN       NaN                NaN       NaN      NaN       NaN      NaN       NaN                NaN       NaN                NaN                NaN                NaN  1.335725  1.412436  1.176793 0.015266 0.015271 0.015277 2.011923  0.003119  1.987296   0.003188      NaN       NaN
130.131095 19.695237 5.532332 0.030121 -37.379099 0.031290 -12.521069 0.021539 14.405758    32556.952803     9.888879 15.443703     9076.864485    18.647507 13.395936    34736.306361    28.618378 1.009822   40.270800  2.764004 0.000330 0.002231 0.000895 0.000953    G+U 12.782241 0.001186 12.479821 0.001065 12.088565           0.001121 11.491309           0.000920 11.209189 0.000815  0.302420 0.001594  0.391256           0.001546  0.597256           0.001450           0.282120           0.001229  8.120299  9.158244  7.110477 0.011827 0.012031 0.011856 0.616546  0.000615  0.578200   0.000728 0.605540  0.005493
130.108750 19.686421 5.420132 0.019214 -35.754495 0.019952 -12.466849 0.014246  9.279027  3658776.959109   602.231400  9.482112  2200757.531822  1001.690730  8.930046  2123928.072941   546.444700 0.348981   34.832820  1.474577 0.000179 0.000494 0.000279 0.000332      G       NaN      NaN       NaN      NaN       NaN                NaN       NaN                NaN       NaN      NaN       NaN      NaN       NaN                NaN       NaN                NaN                NaN                NaN  2.949076  3.152161  2.600095 0.007700 0.007713 0.007703 1.461161  0.001252  1.439241   0.001530 1.421691  0.002903
130.044666 19.680465 5.747604 0.303686 -38.092431 0.277631 -14.299620 0.211205 18.891848      522.645679     1.176908 20.872269       61.165951     9.895032 17.519077      778.981640    11.150680 1.372770         NaN       NaN 0.002445 0.175643 0.015542 0.015733    G+U 16.607244 0.008321 15.929365 0.006254 15.249101           0.005879 14.706400           0.006437 14.307908 0.007049  0.677879 0.010409  0.680265           0.008583  0.542701           0.008717           0.398492           0.009546 12.689282 14.669703 11.316511 0.114760 0.209796 0.115782 0.185623  0.004076  0.140314   0.002828 0.133326  0.026389
130.020257 19.729202 5.288667 0.020810 -35.708903 0.020236 -12.741696 0.013994  9.695884  2492258.626831   636.759950  9.914639  1477615.004496   689.297800  9.303516  1505746.288868   860.311000 0.392367   35.996925  0.376332 0.000277 0.000506 0.000620 0.000680      G       NaN      NaN       NaN      NaN       NaN                NaN       NaN                NaN       NaN      NaN       NaN      NaN       NaN                NaN       NaN                NaN                NaN                NaN  3.312615  3.531369  2.920247 0.008549 0.008560 0.008567 1.365144  0.001299  1.340992   0.001417 1.320821  0.003162
130.057272 19.748836 5.455788 0.034993 -35.885200 0.038481 -12.400583 0.027365 15.173029    16059.622315     8.857585 16.316898     4061.231420    20.636654 14.103912    18096.448511    25.242680 1.069117   32.454975  4.572369 0.000599 0.005517 0.001514 0.001629    G+U 13.457146 0.001633 13.130747 0.001452 12.654436           0.001473 12.057159           0.001226 11.815629 0.001156  0.326399 0.002186  0.476311           0.002069  0.597277           0.001917           0.241530           0.001685  8.857316 10.001185  7.788199 0.013941 0.014981 0.014010 0.549071  0.000798  0.493466   0.004445 0.523321  0.010670
130.054332 19.763825 5.089771 0.204068 -36.792898 0.204862 -12.656655 0.153544 18.415886      810.200417     1.437759 20.328010      100.974772     7.510909 17.104813     1140.861844    13.057364 1.311073         NaN       NaN 0.001927 0.080761 0.012426 0.012575    G+U 16.239056 0.006500 15.734414 0.005452 15.111027           0.005462 14.558648           0.004170 14.260591 0.003826  0.504642 0.008483  0.623387           0.007717  0.552379           0.006872           0.298058           0.005659 11.949377 13.861501 10.638304 0.087084 0.118753 0.087945 0.231760  0.004035  0.174884   0.003486 0.165418  0.027712
130.223213 19.682785 5.488439 0.935456 -36.090602 1.004778 -13.970767 0.662866 20.619665      106.434018     0.828673 21.179424       46.094328     7.045201 19.089066      183.456043     9.060472 1.530600         NaN       NaN 0.008453 0.165947 0.053622 0.054284    G+U 18.185534 0.024696 17.383085 0.016616 16.660090           0.015434 16.046738           0.016867 15.659756 0.020637  0.802448 0.029766  0.722996           0.022678  0.613352           0.022863           0.386982           0.026653 14.316909 14.876668 12.786310 0.370205 0.405609 0.373973 0.146692  0.006883       NaN        NaN 0.120321  0.012247
130.179853 19.719262 5.355952 0.031135 -35.946342 0.032018 -11.854366 0.023887  6.804346 35744439.197264 10245.796000  6.894305 23861335.240156 11665.497000  6.621073 17812675.632685  9913.331000 0.183273   32.971040  0.300626 0.000311 0.000531 0.000604 0.000680    G+H       NaN      NaN       NaN      NaN       NaN                NaN       NaN                NaN       NaN      NaN       NaN      NaN       NaN                NaN       NaN                NaN                NaN                NaN  0.448529  0.538488  0.265256 0.012627 0.012634 0.012637 2.320154  0.001251  2.268470   0.000611      NaN       NaN
130.236047 19.734720 5.304798 0.015666 -35.391508 0.016242 -11.996459 0.010915 11.970447   306738.358166   114.842316 12.402983   149356.387182   157.343170 11.376409   223148.989166   204.743800 0.594038   34.290012  0.653187 0.000406 0.001144 0.000996 0.001076    G+U 11.527183 0.000668 11.399506 0.000643 11.438879           0.000819 11.091458           0.000706 10.350008 0.000488  0.127677 0.000927 -0.039373           0.001041  0.347421           0.001081           0.741450           0.000858  5.593791  6.026327  4.999753 0.006426 0.006514 0.006490 0.906198  0.000598  0.884273   0.000892 0.877491  0.002333
130.292781 19.818554 5.408098 0.052013 -35.830313 0.054013 -13.325877 0.037994 11.313729   561636.169900   265.705050 11.679820   290729.280118   257.550020 10.783568   385239.629467   260.500850 0.530161   45.689580  2.459262 0.000514 0.000962 0.000734 0.000896      G       NaN      NaN       NaN      NaN       NaN                NaN       NaN                NaN       NaN      NaN       NaN      NaN       NaN                NaN       NaN                NaN                NaN                NaN  4.978952  5.345043  4.448791 0.020891 0.020907 0.020897 1.008860  0.002370  0.984639   0.002194 0.956125  0.003728
130.164068 19.715375 5.360801 0.061118 -35.205656 0.063350 -12.490860 0.043381 16.541897     4551.852932     3.745276 17.956905      896.715707    11.544904 15.184651     6688.022868    42.669773 1.357245         NaN       NaN 0.000893 0.013978 0.006927 0.006984      G       NaN      NaN       NaN      NaN       NaN                NaN       NaN                NaN       NaN      NaN       NaN      NaN       NaN                NaN       NaN                NaN                NaN                NaN 10.188045 11.603053  8.830799 0.024773 0.028430 0.025707 0.415240  0.001598  0.340201   0.003179 0.332637  0.022285
130.294319 19.829480 5.396320 0.019323 -36.334183 0.021675 -13.421809 0.014103  8.952476  4942607.272684  2430.281200  9.123121  3063152.091232  5678.586400  8.648869  2751760.516312  3037.067100 0.303608   31.526815  0.955802 0.000534 0.002013 0.001198 0.001312    G+U 13.271254 0.001460 12.748988 0.001215 10.966003           0.000710 12.138735           0.001082  9.175504 0.000308  0.522265 0.001900  1.782985           0.001407 -1.172731           0.001294           2.963231           0.001125  2.612965  2.783610  2.309358 0.007794 0.008032 0.007867 1.562751  0.001431  1.541158   0.001603      NaN       NaN
130.289843 19.855121 5.222768 0.043367 -36.464429 0.049061 -14.078714 0.032246 10.520264  1166383.379091   522.304100 10.878068   608400.793186   838.192400  9.992856   798023.529301   724.230100 0.527408         NaN       NaN 0.000486 0.001496 0.000985 0.001099    G+U 11.723473 0.000712 11.446100 0.000664 10.478472           0.000567 11.224823           0.000698  9.112268 0.000299  0.277372 0.000973  0.967629           0.000873 -0.746351           0.000899           2.112555           0.000760  4.109768  4.467572  3.582360 0.018037 0.018093 0.018058 1.177171  0.002138  1.152734   0.002318 1.108524  0.005898
129.944593 19.736771 5.323592 0.126086 -34.870693 0.123744 -12.908675 0.087146 17.583752     1743.595388     2.593393 19.315256      256.634137     9.350583 16.330633     2327.581653    12.821118 1.253119         NaN       NaN 0.001615 0.039559 0.005981 0.006195    G+U 15.533837 0.004499 15.050246 0.003753 14.478303           0.003703 13.939402           0.003660 13.635286 0.003994  0.483591 0.005859  0.571943           0.005272  0.538901           0.005206           0.304115           0.005418 11.214776 12.946280  9.961657 0.051455 0.064884 0.051776 0.296667  0.002708  0.230673   0.002745 0.220533  0.027475
130.055890 19.778750 5.395738 0.019156 -35.101872 0.019530 -13.040626 0.013841 12.836938   138092.935606    75.043580 13.417440    58673.331689   146.318510 12.117836   112725.925113   188.241560 0.719102   35.175270  0.998433 0.000590 0.002708 0.001813 0.001907    G+U 11.759880 0.000717 11.597463 0.000710 11.246542           0.000814 10.924753           0.000609 10.516509 0.000446  0.162417 0.001009  0.350921           0.001080  0.321789           0.001016           0.408244           0.000754  6.497192  7.077694  5.778090 0.007732 0.008171 0.007920 0.780490  0.000511  0.764228   0.000996 0.780949  0.003652
130.017175 19.784385 5.632100 0.302329 -34.538575 0.299234 -13.893252 0.197111 11.832636   348250.883569   133.195650 12.265436   169528.324236   250.064480 11.232571   254759.203860   292.174040 0.600065   34.562786  2.379411 0.000415 0.001602 0.001245 0.001313    G+U 11.171308 0.000545 11.011560 0.000541 10.576601           0.000594 11.271670           0.000716  9.991747 0.000347  0.159747 0.000768  0.434959           0.000803 -0.695069           0.000931           1.279923           0.000796  5.585988  6.018788  4.985923 0.116565 0.116575 0.116571 0.907673  0.010466  0.886205   0.009549 0.878056  0.012543
129.927553 19.778397 5.487588 0.036272 -36.757429 0.035235 -12.928657 0.024636  6.609201 42782540.201046 29682.790000  6.725384 27878107.251514 66363.670000  6.375808 22327233.291113 38296.543000 0.233392   35.677177  0.285346 0.000753 0.002585 0.001862 0.002009    G+H       NaN      NaN       NaN      NaN       NaN                NaN       NaN                NaN       NaN      NaN       NaN      NaN       NaN                NaN       NaN                NaN                NaN                NaN  0.306108  0.422291  0.072716 0.014373 0.014584 0.014473 2.331977  0.000154  2.273982   0.000082      NaN       NaN
130.002434 19.806499 5.427926 0.024722 -35.841103 0.023688 -12.208604 0.016581 10.165247  1617513.597426   881.400200 10.423574   924671.059870  1282.119900  9.754804   993657.324224  1054.225300 0.410443   34.522440  0.646524 0.000592 0.001505 0.001152 0.001295      G       NaN      NaN       NaN      NaN       NaN                NaN       NaN                NaN       NaN      NaN       NaN      NaN       NaN                NaN       NaN                NaN                NaN                NaN  3.838417  4.096744  3.427974 0.009908 0.010004 0.009957 1.235821  0.001287  1.212183   0.001559 1.184399  0.004461
129.812707 19.725393 5.761989 0.114005 -37.497565 0.103151 -11.905398 0.068690 15.889806     8298.976644     7.867095 17.335955     1588.676040    13.624806 14.633062    11115.612355    60.483597 1.256743         NaN       NaN 0.001029 0.009311 0.005908 0.005997    G+U 13.879065 0.001979 13.463782 0.001682 12.910850           0.001645 12.342980           0.001321 12.067045 0.001240  0.415283 0.002597  0.552933           0.002353  0.567869           0.002110           0.275935           0.001812  9.692668 11.138817  8.435924 0.042976 0.043962 0.043368 0.461650  0.002498  0.383609   0.003043 0.392394  0.018487
129.872332 19.786548 5.190954 0.077106 -35.674056 0.079031 -12.983344 0.055068 12.300881   226252.942169    92.694820 12.846590    99261.477943   148.300100 11.598439   181879.022539   257.150900 0.702442   32.885480  5.738641 0.000445 0.001622 0.001535 0.001598    G+U 11.405552 0.000609 11.162674 0.000578 11.136868           0.000710 11.160849           0.000653 10.078110 0.000462  0.242878 0.000840  0.025806           0.000916 -0.023981           0.000965           1.082739           0.000799  5.877117  6.422826  5.174675 0.032258 0.032296 0.032291 0.861337  0.002707  0.844620   0.002557 0.839572  0.004329
129.771151 19.757298 5.352428 0.119682 -37.013363 0.117341 -12.672016 0.082590 17.064358     2813.218757     3.511575 18.716148      445.612577     9.813691 15.820868     3722.299179    12.405979 1.243490         NaN       NaN 0.001355 0.023911 0.003619 0.003864    G+U 15.009743 0.003397 14.547065 0.002947 14.000354           0.002906 13.468135           0.002146 13.172734 0.003139  0.462678 0.004497  0.546711           0.004139  0.532219           0.003613           0.295401           0.003802 10.707112 12.358902  9.463622 0.048574 0.054123 0.048689 0.349470  0.003155  0.278053   0.002949 0.269108  0.026856
129.790919 19.782982 5.442272 0.073092 -34.398525 0.068605 -14.632297 0.048759 14.947903    19759.947310    17.076841 16.267315     4250.999565    36.209520 13.792237    24113.658689    51.573790 1.155665   40.254910  6.490661 0.000938 0.009248 0.002322 0.002505    G+U 13.049439 0.001317 12.700985 0.001193 12.168881           0.001163 11.784710           0.000889 11.340340 0.000917  0.348454 0.001776  0.532104           0.001666  0.384171           0.001464           0.444370           0.001278  8.626804  9.946216  7.471138 0.029179 0.030595 0.029256 0.570226  0.002004  0.515176   0.002688 0.526510  0.015622
129.778823 19.785518 5.340546 0.217197 -34.992117 0.215482 -12.015954 0.148112 18.489721      756.933990     1.962900 20.450928       90.166649     5.657216 17.166388     1077.961063    10.022550 1.323334         NaN       NaN 0.002816 0.068121 0.010095 0.010480    G+U 16.318756 0.006894 15.750240 0.005732 15.102811           0.005474 14.548161           0.004217 14.219081 0.007278  0.568516 0.008966  0.647429           0.007926  0.554650           0.006910           0.329080           0.008412 12.127649 14.088856 10.804316 0.088358 0.111533 0.088888 0.218455  0.003736  0.163230   0.002929 0.154995  0.023119
129.819800 19.795116 5.417624 0.053468 -36.021239 0.051841 -13.678926 0.036800 15.513301    11738.868360     7.579877 16.736658     2759.013555    15.045517 14.411247    13635.132742    35.737175 1.102054   45.211246  6.835640 0.000701 0.005921 0.002846 0.002931    G+U 13.733325 0.001819 13.413604 0.001676 12.920183           0.001673 12.345674           0.001178 12.122841 0.001483  0.319721 0.002473  0.493421           0.002368  0.574509           0.002046           0.222834           0.001893  9.182345 10.405702  8.080291 0.021442 0.022234 0.021619 0.515868  0.001158  0.450566   0.002879 0.480323  0.012196
129.904623 19.816044 5.464759 0.031680 -35.517931 0.030521 -14.002476 0.020144 14.480734    30384.589092    15.818546 15.457390     8963.158489    23.405767 13.503534    31458.962930    38.883057 0.977200   33.026344  4.609600 0.000565 0.002835 0.001342 0.001456    G+U 12.929615 0.001241 12.676231 0.001175 12.238174           0.001198 11.951839           0.000961 11.422148 0.000961  0.253384 0.001709  0.438057           0.001678  0.286335           0.001536           0.529692           0.001359  8.168589  9.145245  7.191389 0.012601 0.012903 0.012659 0.613646  0.000649  0.574681   0.000938 0.606909  0.005885
129.945949 19.827565 5.341154 0.017854 -35.364541 0.017924 -12.990357 0.012767 12.440727   198909.596003    79.354750 12.941636    90941.595522   119.909996 11.788461   152677.129696   135.461030 0.652266   35.133778  1.339667 0.000433 0.001432 0.000963 0.001056    G+U 11.529050 0.000644 11.381291 0.000642 11.039190           0.000731 11.018654           0.000637 10.461957 0.000434  0.147758 0.000910  0.342101           0.000973  0.020536           0.000969           0.556697           0.000771  6.078903  6.579812  5.426637 0.007272 0.007398 0.007322 0.833727  0.000556  0.818212   0.000557 0.824334  0.002604
129.840884 19.861140 5.364388 0.017471 -35.137794 0.016660 -12.878717 0.013662 12.276875   231311.168961    95.555830 12.754824   108015.827069   148.665950 11.644432   174335.318419   153.022980 0.632443   34.418633  1.264229 0.000449 0.001494 0.000953 0.001053    G+U 11.572268 0.000666 11.371798 0.000644 11.264182           0.000763 11.405157           0.000745 10.406487 0.000551  0.200471 0.000926  0.107615           0.000999 -0.140975           0.001066           0.998670           0.000927  5.924476  6.402425  5.292033 0.007086 0.007228 0.007136 0.855319  0.000591  0.839066   0.000542 0.840788  0.002651
130.097604 19.834908 5.057625 0.165864 -34.478854 0.172906 -14.132546 0.117680  7.984715 12052047.161388  4354.808600  8.062958  8132680.469972  5024.359400  7.820425  5901852.834588  3533.328400 0.164290   35.418724  0.876703 0.000392 0.000671 0.000650 0.000759      G       NaN      NaN       NaN      NaN       NaN                NaN       NaN                NaN       NaN      NaN       NaN      NaN       NaN                NaN       NaN                NaN                NaN                NaN  1.504448  1.582691  1.340158 0.071214 0.071216 0.071216 1.950802  0.015274  1.925961   0.014799      NaN       NaN
130.131862 19.850227 5.418013 0.020466 -34.855223 0.021853 -12.301051 0.014376 11.427479   505772.381691   299.488200 11.803350   259463.834768   395.771880 10.892189   348564.104414   337.891170 0.535290   34.961674  0.387086 0.000643 0.001656 0.001052 0.001233      G       NaN      NaN       NaN      NaN       NaN                NaN       NaN                NaN       NaN      NaN       NaN      NaN       NaN                NaN       NaN                NaN                NaN                NaN  5.096679  5.472550  4.561389 0.008227 0.008368 0.008270 0.988209  0.000743  0.963716   0.000977 0.939692  0.003130
130.201184 19.921866 5.395649 0.019197 -34.843071 0.021308 -11.806526 0.014296 10.868907   846026.631600   374.388460 11.188203   457230.958334   798.584000 10.385150   556030.203828   579.216860 0.483757   35.084670  0.357091 0.000480 0.001896 0.001131 0.001229    G+U 11.719528 0.000711 14.166165 0.002399 10.541552           0.000580 12.374875           0.001219  9.586010 0.000373 -2.446637 0.002502  3.624614           0.002468 -1.833324           0.001350           2.788865           0.001275  4.529126  4.848422  4.045369 0.007741 0.007955 0.007808 1.092819  0.000907  1.068359   0.001019 1.031701  0.004040
130.228468 19.935115 5.521726 0.017107 -37.041912 0.018355 -13.913564 0.012248 11.869694   336565.361579   163.097090 12.298567   164433.497170   393.056370 11.281311   243575.646588   315.845180 0.588383   36.258320  0.660303 0.000526 0.002595 0.001408 0.001503      G       NaN      NaN       NaN      NaN       NaN                NaN       NaN                NaN       NaN      NaN       NaN      NaN       NaN                NaN       NaN                NaN                NaN                NaN  5.580068  6.008941  4.991685 0.006748 0.007211 0.006873 0.908387  0.000650  0.886702   0.000578 0.879307  0.003423
130.237060 19.934796 5.405470 0.021550 -35.793765 0.022705 -13.137845 0.015494  8.654234  6505089.486033  1455.779200  8.797482  4134509.075925  1892.886400  8.390786  3490147.621989  1316.974400 0.263448   35.186150  0.393587 0.000243 0.000497 0.000410 0.000476      G       NaN      NaN       NaN      NaN       NaN                NaN       NaN                NaN       NaN      NaN       NaN      NaN       NaN                NaN       NaN                NaN                NaN                NaN  2.318401  2.461650  2.054953 0.008661 0.008671 0.008667 1.659704  0.001689  1.637469   0.001921      NaN       NaN
130.215941 19.941671 5.412027 0.047638 -36.492010 0.049761 -13.617271 0.032921 15.951167     7842.960744     5.671522 17.283950     1666.618995    13.750735 14.808514     9456.988508    18.576270 1.142653         NaN       NaN 0.000785 0.008958 0.002133 0.002273    G+U 14.097888 0.002169 13.735975 0.001947 13.243206           0.002059 12.675230           0.001419 12.371811 0.001745  0.361913 0.002915  0.492769           0.002834  0.567976           0.002501           0.303419           0.002249  9.617967 10.950750  8.475314 0.019130 0.021109 0.019232 0.470152  0.001166  0.395369   0.002241 0.420690  0.016144
130.127271 19.932943 5.384086 0.049312 -35.571530 0.049569 -12.397252 0.033605 16.026352     7318.222322     4.970770 17.424060     1464.848498    11.501430 14.859593     9022.372614    21.346386 1.166759         NaN       NaN 0.000737 0.008525 0.002569 0.002673    G+U 14.157875 0.002228 13.755493 0.001976 13.245761           0.002117 12.639846           0.001411 12.439144 0.001197  0.402382 0.002978  0.509732           0.002896  0.605915           0.002544           0.200702           0.001851  9.681912 11.079620  8.515153 0.019902 0.021638 0.020053 0.462160  0.001186  0.384738   0.003975 0.405969  0.016352
130.015089 19.916473 5.365332 0.061341 -36.934372 0.061768 -14.131637 0.044445 16.281916     5783.363628     4.865821 17.926260      922.387043    10.136048 15.042538     7623.302207    21.090504 1.239378         NaN       NaN 0.000913 0.011931 0.003004 0.003140    G+U 14.213777 0.002289 13.770414 0.001990 13.211974           0.002057 12.660160           0.001429 12.370389 0.001149  0.443362 0.003033  0.558440           0.002862  0.551814           0.002505           0.289771           0.001834  9.929899 11.574243  8.690521 0.024843 0.027544 0.025007 0.430470  0.001566  0.359970   0.002410 0.350027  0.021657
130.047553 19.971074 5.378441 0.041692 -35.154365 0.042233 -13.462606 0.031887  6.598789 43194769.728474 12525.065000  6.592861 31497233.378115 28574.494000  6.572297 18631145.989925 20216.094000 0.026492   33.193996  0.151392 0.000315 0.000985 0.001178 0.001219    G+H       NaN      NaN       NaN      NaN       NaN                NaN       NaN                NaN       NaN      NaN       NaN      NaN       NaN                NaN       NaN                NaN                NaN                NaN  0.252071  0.246143  0.225579 0.016836 0.016862 0.016874 2.334000  0.000500  2.273848   0.000416      NaN       NaN
130.063789 19.994246 5.378021 0.017899 -35.430236 0.018370 -12.411575 0.013950  8.755451  5926062.870832  1170.448900  8.902307  3753998.648024  1591.094100  8.482422  3207667.768341  1139.464000 0.273029   35.941643  0.396372 0.000214 0.000460 0.000386 0.000441    G+U 13.455970 0.001589 12.836695 0.001331 11.084665           0.000743 11.405588           0.000875  9.382202 0.000317  0.619275 0.002072  1.752029           0.001524 -0.320923           0.001148           2.023386           0.000931  2.408564  2.555420  2.135535 0.007230 0.007242 0.007237 1.629737  0.001424  1.607558   0.001991      NaN       NaN
130.026574 20.007734 5.421853 0.023867 -35.653712 0.021790 -12.018863 0.014526  6.152467 65156839.943343 11024.224000  6.620129 30716042.573778 30562.145000  5.520271 49096416.533171 41857.484000 0.632196   33.918110  0.128987 0.000184 0.001080 0.000926 0.000944    G+H       NaN      NaN       NaN      NaN       NaN                NaN       NaN                NaN       NaN      NaN       NaN      NaN       NaN                NaN       NaN                NaN                NaN                NaN -0.176794  0.290868 -0.808990 0.009560 0.009620 0.009603 2.531529  0.000360  2.515288   0.000086      NaN       NaN
130.054406 20.057758 5.233628 0.059685 -35.996244 0.057910 -13.037045 0.041889 16.071297     7021.475151     4.481010 17.645012     1195.122376    11.898605 14.848773     9112.743642    18.173717 1.222524         NaN       NaN 0.000693 0.010810 0.002165 0.002273    G+U 14.068208 0.002135 13.633283 0.001940 13.091743           0.001909 12.516187           0.001553 12.256775 0.001481  0.434925 0.002885  0.541540           0.002721  0.575556           0.002461           0.259412           0.002146  9.665311 11.239026  8.442787 0.024773 0.027020 0.024858 0.459483  0.001475  0.382893   0.001936 0.386775  0.020128
130.047568 20.067521 4.940864 0.229001 -34.752434 0.219329 -12.901011 0.158261 15.727225     9639.545586    23.685057 17.208963     1785.793832    12.074544 14.437889    13304.620319    17.504190 1.289336         NaN       NaN 0.002668 0.007341 0.001428 0.003026    G+U 13.657162 0.001756 13.246669 0.001612 12.696504           0.001580 12.124055           0.001266 11.855814 0.001157  0.410493 0.002384  0.550165           0.002258  0.572449           0.002025           0.268241           0.001715  9.196239 10.677977  7.906903 0.100679 0.100912 0.100654 0.510524  0.005222  0.441725   0.009368 0.440111  0.019601
130.063168 20.087152 5.525359 0.080797 -36.020138 0.078410 -13.362356 0.057332 16.749290     3760.368632     3.089554 18.566378      511.523678     8.992266 15.463206     5174.589157    10.981857 1.286084         NaN       NaN 0.000892 0.019087 0.002304 0.002471    G+U 14.620605 0.002801 14.155783 0.002502 13.554641           0.002394 12.993835           0.002028 12.707270 0.001999  0.464823 0.003756  0.601142           0.003463  0.560805           0.003138           0.286566           0.002848 10.461093 12.278181  9.175009 0.031766 0.037048 0.031837 0.371459  0.001980  0.299978   0.001929 0.274796  0.026191
130.794691 19.526232 5.356002 0.024422 -36.007165 0.025901 -12.438930 0.017675 11.595354   433316.445923   169.875760 11.972906   221949.641571   204.084930 11.050672   301224.032601   184.672600 0.544682   33.814907  0.281537 0.000426 0.000998 0.000666 0.000790    G+U 11.017231 0.000530 10.810410 0.000525 10.512839           0.000584 10.358690           0.000534 10.041114 0.000419  0.206821 0.000746  0.297570           0.000785  0.154149           0.000791           0.317576           0.000679  5.239558  5.617110  4.694876 0.009910 0.009951 0.009924 0.965209  0.000976  0.940141   0.000974 0.921363  0.002465
130.826655 19.518788 5.297349 0.069346 -35.672923 0.071478 -12.360091 0.062132 16.334084     5512.054318     3.054261 17.771162     1064.025651     7.982264 15.155579     6869.526041    11.872741 1.178505         NaN       NaN 0.000602 0.008145 0.001876 0.001971    G+U 14.380151 0.002561 14.007992 0.002380 13.500326           0.002380 12.936831           0.001871 12.688651 0.001748  0.372159 0.003497  0.507666           0.003366  0.563495           0.003027           0.248180           0.002561  9.954377 11.391455  8.775872 0.028432 0.029570 0.028488 0.433061  0.001741  0.360250   0.001367 0.371896  0.016365
130.802569 19.574658 5.483958 0.123368 -36.415236 0.122850 -13.562882 0.090393 17.378178     2107.055692     1.771095 19.135480      302.848129     8.287599 16.120335     2825.037535     7.943932 1.257843         NaN       NaN 0.000913 0.029712 0.003053 0.003187    G+U 15.350240 0.004145 14.833952 0.003606 14.264428           0.003489 13.707781           0.002571 13.411206 0.002890  0.516288 0.005494  0.569524           0.005018  0.556647           0.004334           0.296575           0.003868 11.073649 12.830951  9.815806 0.048858 0.057176 0.048945 0.308088  0.002704  0.241261   0.002628 0.228927  0.025450
130.684889 19.579913 5.091006 0.057049 -36.891842 0.054649 -11.933805 0.042541  9.583584  2763842.124549   671.430500  9.800480  1641439.238832   400.401150  9.218715  1628066.767499   338.917020 0.364869   33.041150  0.690396 0.000264 0.000265 0.000226 0.000347      G       NaN      NaN       NaN      NaN       NaN                NaN       NaN                NaN       NaN      NaN       NaN      NaN       NaN                NaN       NaN                NaN                NaN                NaN  3.117602  3.334498  2.752733 0.024334 0.024334 0.024334 1.414609  0.003867  1.391738   0.004014 1.374534  0.006720
130.812042 19.736107 4.712103 3.300230 -39.370291 2.311250 -10.624081 1.742685 20.795683       90.505182     0.632394 21.212566       44.708553    11.203932 19.257238      157.131247     8.529621 1.538444         NaN       NaN 0.007586 0.272085 0.058937 0.059424    G+U 18.340841 0.027642 17.496485 0.018856 16.689623           0.014819 16.144445           0.013159 15.695305 0.018204  0.844357 0.033461  0.806862           0.023982  0.545177           0.019818           0.449141           0.022462 14.161757 14.578640 12.623312 1.520860 1.544988 1.521982 0.166524  0.037835       NaN        NaN 0.125288  0.043034
130.641607 19.603352 5.538941 0.050877 -37.835803 0.054510 -13.669179 0.036151 15.807616     8951.588122     5.728166 17.329693     1597.862467    10.854930 14.613725    11315.361568    26.290756 1.193892         NaN       NaN 0.000695 0.007376 0.002523 0.002617    G+U 13.867095 0.002012 13.426371 0.001815 12.902604           0.001785 12.345806           0.001273 12.066279 0.001214  0.440724 0.002710  0.523767           0.002546  0.556798           0.002193           0.279527           0.001759  9.524750 11.046827  8.330859 0.019958 0.021266 0.020105 0.474334  0.001232  0.395813   0.002542 0.409455  0.016178
130.681989 19.623099 5.414922 0.027801 -35.906123 0.026778 -13.138569 0.018345 11.824952   350724.307188   101.608880 12.336436   158797.037919    87.703020 11.159089   272598.023590    92.472710 0.665863   46.814950  4.170736 0.000315 0.000600 0.000368 0.000484      G       NaN      NaN       NaN      NaN       NaN                NaN       NaN                NaN       NaN      NaN       NaN      NaN       NaN                NaN       NaN                NaN                NaN                NaN  5.492913  6.004397  4.827050 0.011153 0.011165 0.011155 0.920649  0.000987  0.897933   0.001090 0.881625  0.002217
130.792904 19.710321 5.611426 0.339344 -35.365035 0.376509 -11.975139 0.280157 18.951723      494.603694     0.900897 20.776820       66.786604     5.561271 17.640669      696.451507     7.863600 1.311054         NaN       NaN 0.001978 0.090408 0.012259 0.012417    G+U 16.773320 0.009155 16.196165 0.007637 15.573799           0.007096 15.019174           0.005711 14.664848 0.007497  0.577154 0.011922  0.622366           0.010425  0.554625           0.009108           0.354325           0.009425 12.697089 14.522186 11.386035 0.131332 0.159430 0.131888 0.187821  0.004123  0.139990   0.002815 0.139139  0.019939
130.787611 19.719913 5.469216 0.380465 -35.510604 0.410740 -13.166009 0.300272 19.101645      430.813204     0.928629 21.042704       52.279997     4.848661 17.752740      628.147285     7.400416 1.348904         NaN       NaN 0.002340 0.100696 0.012791 0.013004    G+U 16.860195 0.009670 16.251783 0.007920 15.589417           0.007156 15.050735           0.005837 14.696279 0.007703  0.608412 0.012499  0.662367           0.010674  0.538681           0.009234           0.354457           0.009664 12.791270 14.732329 11.442365 0.151076 0.181544 0.151599 0.181946  0.004533  0.135900   0.003081 0.132171  0.019059
130.784114 19.713148 5.209479 0.021099 -35.175128 0.023606 -12.980496 0.019236 12.934900   126178.888603    26.307760 13.535234    52640.904444    45.093270 12.202102   104307.976890    53.034348 0.732799   34.662315  0.880942 0.000226 0.000930 0.000552 0.000597    G+U 11.837326 0.000763 11.680464 0.000773 11.319371           0.000835 10.947124           0.000640 10.668068 0.000571  0.156862 0.001086  0.361093           0.001138  0.372247           0.001052           0.279057           0.000858  6.518872  7.119205  5.786074 0.008797 0.008844 0.008812 0.777670  0.000561  0.760780   0.000828 0.777699  0.002279
130.986176 19.725576 5.347486 0.038060 -36.579629 0.042781 -13.555872 0.028943 12.870572   133880.658289    48.228250 13.473958    55697.246850    60.148098 12.124738   112011.674485    79.944855 0.745834   35.385193  1.297640 0.000391 0.001172 0.000775 0.000868    G+U 11.779388 0.000763 11.638710 0.000765 11.288903           0.000830 10.984857           0.000687 10.563922 0.000535  0.140678 0.001080  0.349807           0.001129  0.304047           0.001078           0.420935           0.000871  6.511320  7.114706  5.765486 0.015460 0.015500 0.015475 0.778755  0.000983  0.762192   0.001199 0.777674  0.002781
130.884764 19.743761 5.609411 0.025804 -38.015283 0.027148 -13.890544 0.020775 12.087004   275515.129689   122.198050 12.549118   130547.847221   154.996570 11.461689   206292.120465   168.387050 0.625315   34.614490  0.492463 0.000482 0.001289 0.000886 0.001009    G+U 11.456920 0.000654 11.317384 0.000659 10.991769           0.000722 10.846319           0.000639 10.321100 0.000469  0.139536 0.000928  0.325615           0.000977  0.145450           0.000964           0.525219           0.000793  5.831590  6.293704  5.206275 0.010001 0.010072 0.010028 0.869456  0.000870  0.851928   0.001030 0.850823  0.002574
130.833978 19.768980 5.941444 0.066880 -35.926490 0.069547 -12.711966 0.043085 10.637272  1047220.531931   536.623900 10.934808   577422.383867   970.654050 10.175106   674707.830823   793.372130 0.462166   34.360615  0.576907 0.000556 0.001825 0.001277 0.001393    G+U 10.967515 0.000512 10.913340 0.000540 10.316324           0.000520 10.219782           0.000495  9.558910 0.000330  0.054175 0.000744  0.597015           0.000749  0.096542           0.000717           0.660871           0.000594  4.506732  4.804268  4.044566 0.024449 0.024511 0.024476 1.097508  0.002794  1.072877   0.002767 1.038009  0.005687
130.864805 19.827862 5.315873 0.086689 -36.357418 0.091175 -11.979404 0.065288 16.732641     3818.475275     2.706348 18.350552      624.017282     6.332026 15.506142     4973.951730    10.339057 1.226500         NaN       NaN 0.000770 0.011017 0.002257 0.002384    G+U 14.659776 0.002915 14.252742 0.002430 13.741121           0.002570 13.166657           0.002157 12.877309 0.001983  0.407034 0.003795  0.511621           0.003537  0.574465           0.003356           0.289348           0.002930 10.360514 11.978425  9.134015 0.035420 0.037086 0.035483 0.385500  0.002109  0.311921   0.001693 0.307862  0.019937
130.965724 19.913546 5.344902 0.021564 -35.997809 0.021541 -13.197837 0.014479 13.696800    62549.897799    12.883915 14.472098    22211.488524    24.427847 12.837460    58099.759889    36.526787 0.859341   33.986990  1.486514 0.000224 0.001194 0.000683 0.000718    G+U 12.353884 0.000981 12.171548 0.000911 11.739638           0.001009 11.157175           0.000802 10.999060 0.000686  0.182336 0.001339  0.431910           0.001359  0.582463           0.001289           0.158115           0.001055  7.336499  8.111797  6.477159 0.008764 0.008842 0.008787 0.692306  0.000495  0.665647   0.000481 0.695278  0.003021
130.564382 19.687596 5.431120 0.014928 -36.678543 0.015427 -13.438204 0.011566  9.777529  2311719.902441   306.567170 10.008052  1355801.698805   332.372700  9.392172  1387680.011143   338.935360 0.385357   34.152145  0.226571 0.000144 0.000266 0.000265 0.000302      G       NaN      NaN       NaN      NaN       NaN                NaN       NaN                NaN       NaN      NaN       NaN      NaN       NaN                NaN       NaN                NaN                NaN                NaN  3.451976  3.682499  3.066619 0.005970 0.005974 0.005974 1.328546  0.000832  1.303601   0.001485 1.284109  0.002219
130.497120 19.745793 5.453163 0.037210 -36.449300 0.039054 -11.806669 0.026642 15.229515    15245.463821     8.943271 16.402529     3753.231713    12.918199 14.151309    17323.458606    27.982859 1.078206   34.241596  3.197109 0.000637 0.003737 0.001754 0.001866    G+U 13.476429 0.001673 13.190400 0.001581 12.703081           0.001603 12.090056           0.001163 11.847732 0.001048  0.286029 0.002302  0.487319           0.002251  0.613025           0.001980           0.242325           0.001566  8.912758 10.085772  7.834552 0.014831 0.015281 0.014921 0.542930  0.000848  0.480733   0.004213 0.514670  0.009080
130.564394 19.815949 5.477440 0.058466 -36.763829 0.055268 -13.406633 0.041503 16.251840     5945.807444     3.001897 17.691038     1145.517336     6.168459 15.074979     7398.890450    11.272657 1.176862         NaN       NaN 0.000548 0.005847 0.001654 0.001743    G+U 14.292962 0.002435 13.933963 0.002084 13.417163           0.002239 12.856314           0.001839 12.563472 0.001703  0.358999 0.003205  0.516800           0.003059  0.560849           0.002897           0.292842           0.002507  9.944728 11.383926  8.767867 0.023185 0.023904 0.023237 0.433904  0.001414  0.360573   0.000871 0.372897  0.013853
130.556650 19.835683 5.378404 0.035948 -37.175857 0.035520 -13.614065 0.025784 15.454395    12393.352033     5.021318 16.667036     2941.726644    10.168476 14.358960    14307.837147    15.784943 1.095435   33.362530  4.068022 0.000440 0.003753 0.001198 0.001276    G+U 13.659896 0.001803 13.355866 0.001580 12.886859           0.001732 12.313386           0.001388 12.033593 0.001227  0.304029 0.002397  0.469008           0.002344  0.573473           0.002219           0.279793           0.001853  9.107662 10.320303  8.012227 0.014520 0.014991 0.014563 0.523042  0.000810  0.463134   0.001390 0.489685  0.009532
130.777776 19.791525 5.245062 0.026480 -35.609413 0.028374 -12.598147 0.024423 13.234993    95708.314877    32.145195 13.886415    38093.505008    31.575068 12.433819    84261.779574    41.651936 0.801174   33.267216  1.020256 0.000365 0.000900 0.000537 0.000649    G+U 11.952383 0.000808 11.795032 0.000808 11.408109           0.000865 10.932541           0.000691 10.764151 0.000597  0.157351 0.001143  0.386924           0.001183  0.475568           0.001107           0.168390           0.000913  6.833746  7.485168  6.032572 0.010969 0.010999 0.010976 0.744858  0.000638  0.722782   0.000666 0.745903  0.002442
130.717679 19.862702 5.442200 0.058041 -37.185667 0.066820 -11.046057 0.063835 15.828712     8779.348804     4.999508 17.255033     1711.606176     9.052468 14.654721    10896.063558    13.348844 1.173990         NaN       NaN 0.000618 0.005742 0.001330 0.001467    G+U 13.874677 0.002022 13.501115 0.001818 12.980688           0.001848 12.374681           0.001420 12.116793 0.001279  0.373562 0.002719  0.520427           0.002593  0.606007           0.002331           0.257889           0.001911  9.507584 10.933905  8.333593 0.023167 0.023860 0.023197 0.478901  0.001450  0.401918   0.002212 0.421770  0.013738
130.757623 19.901208 5.558233 0.190953 -35.768448 0.195405 -12.914485 0.137080 18.136576     1047.892249     1.223241 20.026396      133.308782     6.845974 16.844963     1449.350054     8.852344 1.291613         NaN       NaN 0.001267 0.055757 0.006631 0.006751    G+U 15.922410 0.005712 15.463819 0.004997 14.868398           0.004922 14.324988           0.004335 13.992867 0.004732  0.458591 0.007590  0.595421           0.007014  0.543409           0.006559           0.332121           0.006417 11.861260 13.751080 10.569647 0.074612 0.093135 0.074895 0.238130  0.003485  0.179634   0.003012 0.171524  0.024088
130.885756 19.992458 5.512449 0.100675 -37.506319 0.103846 -12.881791 0.079402 16.760645     3721.251219     2.455805 18.360990      618.045473     7.147682 15.520261     4909.687334    15.408394 1.240384         NaN       NaN 0.000717 0.012557 0.003407 0.003482    G+U 14.714657 0.002979 14.303879 0.002691 13.752757           0.002541 13.185290           0.002006 12.883203 0.001945  0.410778 0.004014  0.551122           0.003701  0.567467           0.003237           0.302088           0.002794 10.467368 12.067713  9.226984 0.039665 0.041599 0.039804 0.375772  0.002363  0.302657   0.002290 0.297209  0.020843
130.710259 19.917635 5.289912 0.059142 -36.710251 0.063870 -12.506371 0.050378 16.332142     5521.916399     3.939248 17.795190     1040.736751     7.003325 15.148766     6912.767752    15.398286 1.183376         NaN       NaN 0.000775 0.007306 0.002418 0.002539    G+U 14.392638 0.002590 14.009645 0.002333 13.514113           0.002397 12.916865           0.001884 12.645782 0.001786  0.382993 0.003486  0.495532           0.003344  0.597248           0.003049           0.271083           0.002596  9.949384 11.412432  8.766008 0.024290 0.025353 0.024398 0.432750  0.001493  0.360323   0.000972 0.369690  0.015631
130.656572 19.988527 4.996479 0.105536 -34.140844 0.112355 -12.333781 0.086759 17.339325     2183.818417     2.514038 19.113160      309.138761     8.366000 16.079193     2934.142707    10.182547 1.260132         NaN       NaN 0.001250 0.029382 0.003768 0.003970    G+U 15.268402 0.003959 14.762628 0.003426 14.195012           0.003312 13.632469           0.002497 13.304119 0.002870  0.505775 0.005236  0.567616           0.004765  0.562543           0.004148           0.328350           0.003804 10.832645 12.606480  9.572513 0.045883 0.054470 0.046021 0.332438  0.003046  0.263180   0.002748 0.246915  0.028232
130.805097 20.004420 5.695872 0.238030 -36.091991 0.262811 -14.065949 0.198903 18.481003      763.036569     1.176011 20.458548       89.536089     6.549508 17.146425     1097.963443     7.719907 1.334578         NaN       NaN 0.001673 0.079421 0.007634 0.007815    G+U 16.323029 0.006991 15.736889 0.005799 15.148141           0.005613 14.612309           0.004493 14.234372 0.005791  0.586140 0.009083  0.588748           0.008070  0.535831           0.007189           0.377937           0.007330 12.258804 14.236349 10.924226 0.090761 0.120592 0.091066 0.209891  0.003582  0.156910   0.002803 0.148731  0.023087
131.071434 19.865322 5.377830 0.023851 -36.898656 0.024990 -12.366496 0.017156 13.933509    50297.147004    12.208448 14.757605    17075.558249    18.726233 13.040434    48193.083950    42.946476 0.893075   35.088615  2.564700 0.000264 0.001191 0.000968 0.001003    G+U 12.552698 0.001073 12.356249 0.000990 11.889257           0.001094 11.278724           0.000846 11.136786 0.000749  0.196449 0.001460  0.466992           0.001476  0.610533           0.001383           0.141937           0.001130  7.586544  8.410640  6.693469 0.009634 0.009704 0.009679 0.669061  0.000520  0.639080   0.000497 0.670153  0.003203
131.088336 19.936555 5.264640 0.107375 -37.299813 0.117392 -14.498122 0.075932 17.216053     2446.387939     2.021679 18.958725      356.391092     6.625987 15.951572     3300.115946     9.606672 1.264481         NaN       NaN 0.000897 0.020186 0.003161 0.003285    G+U 15.063045 0.003607 14.619099 0.003145 14.064214           0.003021 13.522877           0.002602 13.235968 0.002486  0.443946 0.004786  0.554885           0.004361  0.541337           0.003988           0.286909           0.003599 10.822896 12.565568  9.558415 0.044297 0.048671 0.044401 0.334015  0.002865  0.263612   0.002634 0.249799  0.023624
130.833739 20.073806 5.320073 0.210301 -36.788429 0.226075 -11.944838 0.160571 17.985344     1204.507152     1.332057 19.795485      164.900821     7.513545 16.692090     1668.485065     7.881731 1.293255         NaN       NaN 0.001201 0.049471 0.005129 0.005268    G+U 15.853608 0.005415 15.338546 0.004637 14.745620           0.004472 14.246200           0.003596 13.877605 0.004407  0.515062 0.007129  0.592926           0.006443  0.499420           0.005739           0.368595           0.005688 11.614932 13.425073 10.321678 0.085846 0.099073 0.085991 0.257954  0.004231  0.197397   0.003675 0.188336  0.025587
130.834400 20.079270 5.266819 0.139793 -36.744847 0.146256 -13.449791 0.101173 17.528492     1834.636660     1.628359 19.205582      283.912238     7.766674 16.267805     2466.244531    11.616387 1.260687         NaN       NaN 0.000964 0.029701 0.005114 0.005204    G+U 15.470700 0.004408 14.972205 0.003798 14.412948           0.003731 13.874925           0.002873 13.544226 0.003414  0.498495 0.005818  0.559257           0.005324  0.538023           0.004709           0.330699           0.004462 11.136234 12.813324  9.875547 0.057644 0.064839 0.057862 0.304777  0.003023  0.237553   0.003027 0.229405  0.024942
130.897887 20.189524 5.551933 0.034504 -36.449648 0.037125 -14.431034 0.027805 10.009480  1867044.534561   344.995800 10.259942  1075078.088705   384.403960  9.602851  1142924.992426   310.478100 0.406630   33.885853  0.284250 0.000201 0.000388 0.000295 0.000357    G+U 13.983654 0.002108 11.685258 0.000789 10.789046           0.000634 10.948813           0.000678  9.408792 0.000308  2.298396 0.002251  0.896212           0.001012 -0.159766           0.000928           1.540021           0.000745  3.731701  3.982163  3.325072 0.013497 0.013501 0.013498 1.260654  0.001852  1.236535   0.002137 1.210917  0.003836
131.207419 20.177612 5.656626 0.333587 -35.651438 0.339948 -13.674003 0.245737 19.366690      337.497665     0.861036 21.418236       36.993272     3.753551 18.044071      480.319350     5.336891 1.322618         NaN       NaN 0.002770 0.110165 0.012064 0.012378    G+U 17.116644 0.011549 16.457592 0.008854 15.772808           0.007921 15.261360           0.006848 14.874742 0.009249  0.659052 0.014552  0.684784           0.011880  0.511448           0.010471           0.386618           0.011508 13.129477 15.181023 11.806858 0.128088 0.168923 0.128625 0.164336  0.003287  0.123822   0.002502 0.122424  0.015135
131.169634 20.193580 5.398152 0.017841 -36.678920 0.018987 -14.193210 0.013069 13.825085    55579.287864    10.871023 14.637336    19075.790776    17.422910 12.944854    52627.965985    31.912666 0.880231   32.105690  1.525337 0.000212 0.000992 0.000658 0.000692    G+U 12.473966 0.001030 12.281966 0.001039 11.851357           0.001074 11.276283           0.000761 11.071287 0.000713  0.191999 0.001463  0.430609           0.001494  0.575074           0.001316           0.204996           0.001042  7.486311  8.298562  6.606080 0.007180 0.007245 0.007207 0.677907  0.000369  0.649373   0.000450 0.679847  0.002840
131.202784 20.290501 5.470416 0.014001 -36.539733 0.014922 -13.102491 0.010215 12.596136   172382.080929    54.617990 13.143718    75496.985780    74.284600 11.905504   137074.456545    99.353570 0.690632   33.441890  0.608802 0.000344 0.001068 0.000787 0.000859    G+U 11.738142 0.000724 11.474021 0.000710 11.143594           0.000784 11.057992           0.000691 10.540358 0.000472  0.264121 0.001014  0.330427           0.001058  0.085602           0.001045           0.517634           0.000837  6.286238  6.833820  5.595606 0.005568 0.005659 0.005613 0.805664  0.000424  0.791189   0.000532 0.801947  0.002277
131.048324 20.216638 5.435722 0.226867 -35.304642 0.239606 -12.387608 0.163826 17.002121     2979.191712     9.682392 18.622456      485.774250     7.961501 15.621516     4472.513658    14.340804 1.380605         NaN       NaN 0.003529 0.017794 0.003481 0.004957    G+U 14.858517 0.003578 14.351541 0.002814 13.751100           0.002696 13.196054           0.002120 12.895957 0.002080  0.506976 0.004552  0.600441           0.003897  0.555045           0.003430           0.300097           0.002970 10.678407 12.298742  9.297802 0.090698 0.092360 0.090696 0.357488  0.005502  0.284528   0.005289 0.263110  0.024630
131.096530 20.232075 5.451319 0.092645 -37.821177 0.101036 -14.415955 0.064602 17.344418     2173.600339     2.344696 19.071514      321.226321     6.994389 16.098791     2881.651954    12.936864 1.245626         NaN       NaN 0.001171 0.023641 0.004874 0.005013    G+U 15.335319 0.004563 14.836594 0.003604 14.276894           0.003494 13.721366           0.002885 13.428426 0.003017  0.498725 0.005814  0.559700           0.005019  0.555528           0.004531           0.292940           0.004174 11.026926 12.754022  9.781299 0.036923 0.043827 0.037225 0.313313  0.002296  0.246098   0.002031 0.235489  0.023216
131.143538 20.341481 5.437381 0.076112 -37.009157 0.083499 -12.868031 0.056536 17.021366     2926.849363     2.826474 18.605864      493.254788     7.975723 15.803270     3783.120869    12.028210 1.218096         NaN       NaN 0.001049 0.017556 0.003452 0.003608    G+U 15.063286 0.003481 14.595055 0.003113 14.053820           0.003070 13.507949           0.002422 13.179657 0.001945  0.468231 0.004669  0.541235           0.004372  0.545871           0.003911           0.328292           0.003107 10.698315 12.282813  9.480219 0.030414 0.035102 0.030592 0.352104  0.001977  0.280897   0.001875 0.277578  0.022774
130.423741 19.832558 5.220121 0.100119 -36.066405 0.101129 -12.334336 0.068868 17.452170     1968.244669     1.810836 19.023994      335.597874     9.343445 16.210905     2598.941117    15.024591 1.241264         NaN       NaN 0.000999 0.030228 0.006277 0.006356    G+U 15.430318 0.004409 14.994112 0.003660 14.453822           0.003914 13.886800           0.003383 13.577119 0.003544  0.436206 0.005730  0.540290           0.005359  0.567022           0.005173           0.309681           0.004899 11.040573 12.612397  9.799308 0.041660 0.051461 0.042118 0.316605  0.002737  0.249507   0.002352 0.245782  0.026240
130.458494 19.874112 5.303341 0.070602 -35.913711 0.085471 -15.126963 0.064038  6.663825 40683347.350864  7795.228000  7.132061 19168682.754492 13764.380000  6.029400 30718362.636784 26609.242000 0.634425   32.296482  0.681425 0.000208 0.000780 0.000940 0.000963    G+H       NaN      NaN       NaN      NaN       NaN                NaN       NaN                NaN       NaN      NaN       NaN      NaN       NaN                NaN       NaN                NaN                NaN                NaN  0.286573  0.754809 -0.347852 0.028909 0.028919 0.028923 2.491107  0.004949  2.432213   0.004661      NaN       NaN
130.361479 19.876771 5.206991 0.132616 -35.712851 0.143253 -12.021260 0.095862 17.845934     1369.534022     1.830251 19.773052      168.343433     8.422927 16.537878     1923.121054    11.837984 1.308056         NaN       NaN 0.001451 0.054324 0.006683 0.006839    G+U 15.699365 0.004847 15.202140 0.004060 14.560771           0.004048 14.022095           0.002959 13.666763 0.004607  0.497225 0.006323  0.641369           0.005733  0.538676           0.005014           0.355331           0.005475 11.428868 13.355986 10.120812 0.055324 0.077522 0.055707 0.273095  0.003546  0.211566   0.002808 0.192029  0.028585
130.357511 19.943513 5.369524 0.019075 -35.547397 0.021835 -12.495077 0.013808 10.579792  1104154.576048   389.133240 10.874394   610462.542839   610.854300 10.122770   708027.589178   497.078740 0.457022   34.579754  0.235730 0.000383 0.001086 0.000762 0.000853      G       NaN      NaN       NaN      NaN       NaN                NaN       NaN                NaN       NaN      NaN       NaN      NaN       NaN                NaN       NaN                NaN                NaN                NaN  4.229471  4.524073  3.772449 0.007724 0.007790 0.007752 1.152785  0.000927  1.128077   0.001011 1.092095  0.003513
130.390792 19.969028 5.500701 0.023306 -36.385555 0.024138 -13.583860 0.017364 11.505991   470489.916844   250.773440 11.889026   239776.597800   238.878500 10.959602   327580.045208   249.188920 0.546389   34.501698  0.336949 0.000579 0.001082 0.000826 0.001008    G+U 11.561952 0.000679 11.317642 0.000609 10.617208           0.000598 10.485491           0.000574  9.983989 0.000417  0.244309 0.000913  0.700435           0.000854  0.131717           0.000829           0.501502           0.000710  5.208081  5.591116  4.661692 0.009219 0.009264 0.009238 0.970275  0.000892  0.945141   0.001075 0.924882  0.002553
130.307218 19.921937 5.418462 0.025570 -36.760328 0.027961 -13.127508 0.019067  8.286225  9129701.548602  3098.548000  8.376525  6092661.634381  4150.712400  8.095226  4582131.800121  1672.349000 0.190999   34.555904  0.772352 0.000368 0.000740 0.000396 0.000541    G+U 13.665945 0.001767 13.018250 0.001385 11.079737           0.000751 12.453371           0.001268  9.197795 0.000313  0.647695 0.002245  1.938514           0.001575 -1.373634           0.001474           3.255576           0.001306  1.955605  2.045905  1.764606 0.010254 0.010274 0.010255 1.786446  0.002118  1.763886   0.002242      NaN       NaN
130.293675 19.935130 5.626848 0.041666 -36.946283 0.043879 -13.687659 0.028975 15.697986     9902.669995     6.299041 17.207613     1788.017650     8.097736 14.503118    12528.854295    20.332548 1.194868   49.227226  3.595835 0.000691 0.004917 0.001762 0.001893    G+U 13.732471 0.001825 13.351957 0.001624 12.795996           0.001675 12.257033           0.001151 11.924067 0.001325  0.380514 0.002443  0.555962           0.002333  0.538962           0.002032           0.332966           0.001755  9.449312 10.958939  8.254444 0.016094 0.016815 0.016176 0.482712  0.001030  0.409418   0.002904 0.418717  0.013152
130.290642 19.935291 5.377517 0.016323 -36.525094 0.017495 -11.773027 0.011429 13.193317    99453.413768    20.147837 13.852824    39290.459976    43.570250 12.413293    85869.914396    55.713436 0.780025   34.196995  1.094693 0.000220 0.001204 0.000704 0.000738    G+U 12.021180 0.000819 11.838228 0.000798 11.442388           0.000888 11.045858           0.000642 10.730606 0.000672  0.182952 0.001144  0.395841           0.001194  0.396529           0.001095           0.315252           0.000929  6.846226  7.505733  6.066202 0.006595 0.006700 0.006629 0.742716  0.000394  0.720407   0.001049 0.745424  0.002650
130.353413 19.957448 5.691143 0.492695 -35.674174 0.502071 -11.996632 0.359350 19.855549      215.143064     0.831995 21.209936       44.816982     6.393634 18.417883      340.412324     8.929454 1.437666         NaN       NaN 0.004199 0.154892 0.028480 0.028788    G+U 17.544384 0.015112 16.858408 0.010968 16.153992           0.010283 15.607810           0.008646 15.132010 0.015926  0.685976 0.018673  0.704416           0.015034  0.546182           0.013435           0.475800           0.018122 13.631546 14.985933 12.193880 0.188036 0.243581 0.190134 0.155092  0.004150  0.116283   0.003554 0.122948  0.015182
130.369878 19.975529 5.441556 0.060143 -35.206744 0.065886 -14.116881 0.043584 15.737562     9548.205639     9.474018 17.141989     1899.422991    11.973607 14.570743    11772.291254    28.775047 1.166820         NaN       NaN 0.001077 0.006844 0.002654 0.002864    G+U 13.857332 0.001997 13.414322 0.001748 12.880403           0.001714 12.281951           0.001294 12.050974 0.001218  0.443010 0.002654  0.533918           0.002448  0.598453           0.002148           0.230977           0.001777  9.416177 10.820604  8.249358 0.024024 0.024957 0.024147 0.489460  0.001507  0.409606   0.003015 0.434288  0.014774
130.358262 19.987460 5.393842 0.080124 -37.128344 0.083876 -13.425929 0.054565 16.831366     3486.584741     4.098351 18.426643      581.781466     8.664009 15.603331     4548.056108    24.129818 1.228035         NaN       NaN 0.001276 0.016169 0.005760 0.005900    G+U 14.851425 0.003177 14.394187 0.002838 13.827387           0.002751 13.266681           0.002204 12.978956 0.002287  0.457238 0.004260  0.566800           0.003952  0.560706           0.003525           0.287724           0.003176 10.490857 12.086134  9.262822 0.032282 0.036082 0.032767 0.373504  0.001984  0.301202   0.001965 0.296352  0.023233
130.449519 19.997167 5.053257 0.227751 -36.597470 0.225558 -13.304287 0.169659 18.745197      598.229119     1.049316 20.604177       78.297099     8.454658 17.403126      866.778398     8.303368 1.342072         NaN       NaN 0.001904 0.117240 0.010401 0.010574    G+U 16.534893 0.008117 16.004572 0.006848 15.353831           0.006389 14.818202           0.005570 14.449292 0.006693  0.530321 0.010620  0.650741           0.009365  0.535629           0.008476           0.368910           0.008707 12.263054 14.122034 10.920983 0.097887 0.152720 0.098420 0.211582  0.004138  0.159254   0.003255 0.152642  0.028514
130.503155 20.023306 6.060434 0.359097 -36.449693 0.335911 -13.542860 0.241409 19.335762      347.250004     0.913938 21.360260       39.022289     5.393604 17.980911      509.088735     8.137995 1.354851         NaN       NaN 0.002858 0.150069 0.017356 0.017590    G+U 17.056028 0.011338 16.444780 0.008980 15.855842           0.008865 15.277398           0.007752 14.880276 0.009604  0.611248 0.014464  0.588939           0.012618  0.578443           0.011776           0.397122           0.012342 13.248281 15.272779 11.893430 0.128697 0.197675 0.129831 0.159572  0.003352  0.120788   0.002614 0.120086  0.016427
130.455925 20.076653 5.280350 0.050948 -37.147090 0.052920 -14.562272 0.035556 15.743262     9498.214058     6.447008 17.253872     1713.435936     7.119148 14.533488    12183.247210    20.623432 1.209774   44.612743  4.919885 0.000737 0.004511 0.001838 0.001980    G+U 13.725837 0.001889 13.331963 0.001666 12.831746           0.001702 12.229810           0.001251 11.960558 0.001153  0.393874 0.002519  0.500216           0.002382  0.601936           0.002112           0.269252           0.001702  9.356575 10.867185  8.146801 0.020965 0.021432 0.021032 0.492785  0.001272  0.419021   0.003626 0.427357  0.012759
130.624332 19.975418 5.536483 0.137506 -36.177582 0.143211 -13.598359 0.106270 17.793072     1437.864973     2.033784 19.718674      176.989591    10.926633 16.549543     1902.570220    11.000265 1.243528         NaN       NaN 0.001536 0.067029 0.006278 0.006463    G+U 15.721923 0.005054 15.216333 0.004386 14.642402           0.004216 14.112633           0.003347 13.774805 0.004117  0.505590 0.006692  0.573932           0.006084  0.529769           0.005383           0.337828           0.005306 11.509242 13.434844 10.265713 0.053953 0.086032 0.054295 0.263857  0.003315  0.205345   0.002651 0.190925  0.030802
130.587771 20.055735 5.395713 0.107302 -37.642230 0.112747 -13.656582 0.081084 17.180061     2528.844259     2.063597 18.831038      400.868339     9.569154 15.951637     3299.919574    12.853397 1.228424         NaN       NaN 0.000886 0.025918 0.004229 0.004321    G+U 15.145907 0.003740 14.696682 0.003258 14.130519           0.003189 13.604685           0.002579 13.302703 0.002729  0.449225 0.004961  0.566163           0.004559  0.525834           0.004102           0.301982           0.003755 10.840305 12.491282  9.611881 0.043192 0.050364 0.043390 0.334515  0.002861  0.264867   0.002662 0.258181  0.026493
130.727341 20.060054 5.999397 1.449428 -37.353059 2.184036 -14.179711 1.594064 20.617320      106.664378     0.645508 21.952284       22.620560     5.115774 19.217804      162.943418     6.932343 1.399515         NaN       NaN 0.006571 0.245546 0.046192 0.046657    G+U 18.157207 0.024878 17.346552 0.017035 16.593462           0.015021 16.035448           0.013030 15.566999 0.018452  0.810656 0.030151  0.753090           0.022712  0.558014           0.019885           0.468450           0.022589 14.507858 15.842822 13.108342 0.524659 0.579238 0.526648 0.131661  0.009434       NaN        NaN 0.110582  0.013244
130.736279 20.071638 5.450265 0.079013 -35.915532 0.090597 -12.665719 0.070035 16.700964     3931.528651     3.461825 18.315378      644.563387     9.162765 15.475431     5116.647455    14.231765 1.225532         NaN       NaN 0.000956 0.015434 0.003020 0.003168    G+U 14.672757 0.002951 14.216183 0.002569 13.731259           0.002642 13.157863           0.001928 12.836984 0.002072  0.456574 0.003913  0.484923           0.003685  0.573397           0.003271           0.320879           0.002831 10.383052 11.997466  9.157519 0.031495 0.035060 0.031625 0.383758  0.001922  0.311424   0.001589 0.305926  0.023282
130.653996 20.142115 5.395870 0.019076 -36.355521 0.021035 -13.033948 0.015334 13.472316    76916.679205    27.866371 14.203009    28458.588607    44.107730 12.643685    69451.860247    63.748863 0.828630   33.689117  1.304241 0.000393 0.001683 0.000997 0.001071    G+U 12.174033 0.000898 11.953427 0.000875 11.602593           0.000943 11.205950           0.000727 10.843826 0.000643  0.220606 0.001253  0.350834           0.001286  0.396644           0.001191           0.362123           0.000970  7.132623  7.863316  6.303992 0.007687 0.007859 0.007741 0.713091  0.000446  0.687642   0.000927 0.715955  0.003376
130.569200 20.092312 5.362019 0.023114 -35.280405 0.024142 -12.502356 0.017026 13.685377    63211.459392    15.333249 14.463464    22388.821959    23.424929 12.823800    58835.326032    43.357860 0.861577   33.382374  1.074407 0.000263 0.001136 0.000800 0.000842    G+U 12.329436 0.000970 12.117560 0.000934 11.737024           0.001001 11.282988           0.000782 10.991002 0.000668  0.211876 0.001347  0.380536           0.001369  0.454037           0.001270           0.291986           0.001028  7.332019  8.110106  6.470442 0.009364 0.009429 0.009395 0.692685  0.000524  0.665850   0.000655 0.695411  0.002972
130.495005 20.107461 5.315736 0.019873 -35.494455 0.022001 -14.531424 0.014995 12.857078   135554.996421    50.362780 13.446493    57124.114043    82.053230 12.130836   111384.344966    92.496950 0.726242   33.637108  0.608708 0.000403 0.001560 0.000902 0.000988    G+U 11.722348 0.000737 11.641321 0.000751 11.276638           0.000813 11.020618           0.000694 10.606162 0.000552  0.081027 0.001052  0.364683           0.001107  0.256020           0.001069           0.414456           0.000887  6.484895  7.074310  5.758653 0.008128 0.008266 0.008168 0.781674  0.000532  0.765265   0.000910 0.781350  0.002848
130.589878 20.181592 5.433185 0.027021 -37.714238 0.028142 -14.338564 0.019277  9.132437  4187667.105268   582.014400  9.320239  2554591.388722   635.800800  8.800689  2392670.411872   550.547500 0.331748         NaN       NaN 0.000151 0.000270 0.000250 0.000292    G+U 13.949163 0.002085 11.925190 0.000857 11.335209           0.000829       NaN -1000000000.000000  9.411555 0.000307  2.023973 0.002254  0.589981           0.001192       NaN -1000000000.000000 -1000000000.000000 -1000000000.000000  2.807710  2.995512  2.475962 0.010801 0.010803 0.010802 1.503209  0.001900  1.480108   0.002757      NaN       NaN
130.224542 19.998626 5.387433 0.066885 -36.106371 0.067148 -12.849581 0.046175 16.583890     4379.155980     5.465312 17.972870      883.626906    25.536562 15.352819     5728.361618    48.528053 1.231072         NaN       NaN 0.001355 0.031377 0.009198 0.009297    G+U 14.632198 0.002830 14.247897 0.002583 13.718781           0.002552 13.120532           0.002001 12.866059 0.002053  0.384301 0.003831  0.529116           0.003631  0.598249           0.003243           0.254473           0.002867 10.240799 11.629779  9.009728 0.026993 0.041368 0.028485 0.406312  0.001909  0.334788   0.002628 0.340645  0.031428
130.223971 19.998882 5.348493 0.065290 -35.807210 0.066845 -13.781631 0.044518 16.455452     4929.079309     4.778171 18.068047      809.464871    10.903939 15.182517     6701.182441    49.067646 1.272935         NaN       NaN 0.001052 0.014625 0.007950 0.008019    G+U 14.383220 0.002505 13.963170 0.002249 13.416705           0.002202 12.856379           0.001728 12.570473 0.001686  0.420050 0.003367  0.546465           0.003148  0.560327           0.002799           0.285906           0.002414 10.096609 11.709204  8.823674 0.026529 0.030275 0.027674 0.415120  0.001711  0.339761   0.003073 0.331959  0.023780
130.314066 20.037698 5.506390 0.018343 -36.550634 0.018979 -12.647825 0.013114 13.733851    60451.416393    20.577787 14.521207    21229.223249    27.451046 12.868636    56455.168962    62.687960 0.865214   34.631004  1.624428 0.000370 0.001404 0.001206 0.001261    G+U 12.384667 0.000979 12.192221 0.000989 11.764411           0.001021 11.221412           0.000759 11.027412 0.000695  0.192447 0.001392  0.427810           0.001421  0.542999           0.001272           0.193999           0.001030  7.438185  8.225542  6.572971 0.007243 0.007369 0.007334 0.682640  0.000383  0.654580   0.000474 0.685867  0.003275
130.385309 20.101821 5.462488 0.111621 -35.713880 0.107817 -13.716338 0.077622 17.603567     1712.064222     1.875148 19.327503      253.755366    11.903048 16.350557     2285.257690    12.825560 1.253010         NaN       NaN 0.001189 0.050929 0.006093 0.006208    G+U 15.559836 0.004707 15.113575 0.004104 14.543565           0.004027 13.961267           0.003232 13.657920 0.003622  0.446261 0.006245  0.570010           0.005750  0.582298           0.005163           0.303347           0.004854 11.290519 13.014455 10.037509 0.044388 0.067547 0.044788 0.290421  0.002753  0.226514   0.002485 0.215686  0.030008
130.351748 20.130356 5.265372 0.046829 -35.043838 0.045577 -13.593193 0.034629 15.361701    13497.905367    10.095872 16.824553     2544.463057    11.705463 14.169742    17031.831953    25.278494 1.191959   39.587265  6.237980 0.000812 0.004995 0.001611 0.001805    G+U 13.401166 0.001581 13.012983 0.001461 12.475998           0.001434 11.893253           0.001061 11.626142 0.000976  0.388183 0.002153  0.536985           0.002047  0.582745           0.001784           0.267112           0.001442  8.968846 10.431698  7.776887 0.019330 0.019948 0.019380 0.530033  0.001095  0.469858   0.003182 0.475182  0.012854
130.224724 20.090053 5.462040 0.066535 -37.108885 0.065136 -12.776654 0.048361 16.552881     4506.033820     3.213745 18.007599      855.809448     8.131053 15.369999     5638.434507    14.423238 1.182882         NaN       NaN 0.000774 0.010316 0.002777 0.002883    G+U 14.599091 0.002806 14.243806 0.002586 13.726849           0.002576 13.156857           0.002071 12.884683 0.002090  0.355285 0.003816  0.516957           0.003650  0.569991           0.003305           0.272175           0.002942 10.239656 11.694374  9.056774 0.026463 0.028392 0.026597 0.402704  0.001633  0.329515   0.001298 0.339215  0.018320
130.092805 20.106698 5.394767 0.026301 -36.069675 0.025133 -13.044343 0.018088  9.960863  1952547.488415   601.004760 10.211763  1123858.296970   696.984700  9.554463  1195013.597435   620.917970 0.406400   35.676105  0.387776 0.000334 0.000673 0.000564 0.000656      G       NaN      NaN       NaN      NaN       NaN                NaN       NaN                NaN       NaN      NaN       NaN      NaN       NaN                NaN       NaN                NaN                NaN                NaN  3.620727  3.871627  3.214327 0.010592 0.010608 0.010602 1.287508  0.001459  1.262098   0.001549 1.238454  0.003736
130.241805 20.213928 5.485772 0.163179 -36.329339 0.157616 -12.970466 0.116287 18.184452     1002.687924     1.742373 20.195390      114.093516     8.273719 16.887363     1393.839059    12.530975 1.297089         NaN       NaN 0.001887 0.078734 0.009761 0.009942    G+U 16.046165 0.006855 15.506119 0.005120 14.897502           0.004761 14.324554           0.004156 14.022459 0.004572  0.540047 0.008556  0.608617           0.006991  0.572948           0.006320           0.302094           0.006178 11.880641 13.891579 10.583552 0.064620 0.101839 0.065326 0.235024  0.003218  0.178898   0.002825 0.164913  0.027860
130.471244 20.159380 5.445557 0.024247 -36.843968 0.024847 -13.268686 0.018477  8.477043  7658249.953777  1307.301400  8.616021  4886617.409748  1527.190900  8.210652  4119999.620405   863.692300 0.266391   30.884716  0.835210 0.000185 0.000339 0.000228 0.000294      G       NaN      NaN       NaN      NaN       NaN                NaN       NaN                NaN       NaN      NaN       NaN      NaN       NaN                NaN       NaN                NaN                NaN                NaN  2.157255  2.296233  1.890864 0.009670 0.009675 0.009671 1.716085  0.001981  1.694093   0.002154      NaN       NaN
130.466447 20.166932 5.391888 0.026675 -36.309975 0.031441 -12.315672 0.018982 11.817413   353168.050448   225.659930 12.239061   173696.970253   230.879900 11.230560   255231.315923   231.829030 0.586853   35.130787  0.472667 0.000694 0.001443 0.000986 0.001206    G+U 11.221115 0.000583 11.251902 0.000628 10.876627           0.000674 10.814854           0.000629 10.230000 0.000458 -0.030787 0.000857  0.375275           0.000921  0.061773           0.000922           0.584853           0.000777  5.476117  5.897765  4.889264 0.010765 0.010840 0.010788 0.924872  0.000922  0.901990   0.000936 0.890773  0.002808
130.432395 20.226815 5.540482 0.024264 -36.252651 0.024599 -13.771002 0.020184 10.354437  1358851.261857   537.741330 10.631867   763255.574049   698.075560  9.913274   858714.400253   481.465760 0.441163   33.826576  0.309035 0.000430 0.000993 0.000609 0.000745      G       NaN      NaN       NaN      NaN       NaN                NaN       NaN                NaN       NaN      NaN       NaN      NaN       NaN                NaN       NaN                NaN                NaN                NaN  4.072175  4.349605  3.631012 0.009519 0.009561 0.009529 1.185373  0.001108  1.161203   0.001419 1.127663  0.003708
130.405535 20.210177 5.184598 0.084782 -34.598804 0.086544 -12.817563 0.067778 17.137625     2629.641648     3.266885 18.798128      413.205363    10.532849 15.895472     3475.119005    16.791460 1.242153         NaN       NaN 0.001349 0.027676 0.005246 0.005417    G+U 15.150134 0.004240 14.656741 0.003259 14.087050           0.003144 13.559370           0.002580 13.278877 0.002674  0.493393 0.005348  0.569691           0.004528  0.527680           0.004067           0.280493           0.003716 10.711200 12.371703  9.469047 0.035535 0.045021 0.035895 0.349419  0.002423  0.279564   0.002295 0.268122  0.028629
130.349426 20.249158 5.365774 0.050456 -35.768633 0.046111 -13.085825 0.035791 13.900174    51865.315873    16.642906 14.900211    14973.812912    17.810942 12.896028    55048.663732    36.126730 1.004146   34.509888  1.965637 0.000348 0.001291 0.000713 0.000793    G+U 12.290495 0.001075 12.017501 0.000919 11.550942           0.000943 11.108060           0.000724 10.773513 0.000612  0.272994 0.001414  0.466558           0.001316  0.442883           0.001189           0.334547           0.000948  7.548336  8.548373  6.544190 0.020422 0.020460 0.020432 0.668914  0.001087  0.639158   0.001289 0.657832  0.004186
130.423768 20.318958 5.290523 0.225866 -35.639095 0.208637 -12.798200 0.158933 18.579586      696.807064     1.107813 20.509008       85.469989     6.242352 17.206179     1039.171042    12.290406 1.373407         NaN       NaN 0.001726 0.079297 0.012841 0.012957    G+U 16.355795 0.008133 15.727702 0.005741 15.049409           0.005119 14.506715           0.004670 14.176426 0.005202  0.628093 0.009955  0.678293           0.007692  0.542694           0.006930           0.330289           0.006991 12.197079 14.126501 10.823672 0.092722 0.121994 0.093591 0.215606  0.003880  0.161282   0.002990 0.151472  0.023937
130.466137 20.346590 5.406968 0.046728 -36.651858 0.050498 -12.709758 0.040803 15.632096    10522.239953     4.428948 16.888193     2399.604238    11.083129 14.518337    12354.449544    16.091455 1.113759         NaN       NaN 0.000457 0.005015 0.001414 0.001486    G+U 13.850790 0.002143 13.505765 0.001827 13.004259           0.001845 12.411311           0.001378 12.184873 0.001297  0.345025 0.002816  0.501506           0.002596  0.592948           0.002302           0.226439           0.001892  9.296865 10.552962  8.183106 0.018772 0.019425 0.018819 0.504996  0.000970  0.430035   0.003863 0.464390  0.011498
130.449480 20.389586 5.315473 0.196692 -35.907075 0.191055 -12.520605 0.147369 18.332092      875.204422     1.389795 20.348928       99.047928     6.712958 17.027820     1224.700147     9.386256 1.304272         NaN       NaN 0.001724 0.073586 0.008321 0.008498    G+U 16.184475 0.007362 15.647769 0.005484 15.037595           0.005083 14.511196           0.004684 14.200710 0.005302  0.536706 0.009181  0.610174           0.007477  0.526399           0.006912           0.310486           0.007075 11.959801 13.976637 10.655529 0.080371 0.108956 0.080782 0.228735  0.003620  0.172293   0.003216 0.160744  0.025955
130.752108 20.337743 5.437320 0.034677 -37.214840 0.034536 -14.306664 0.024373 11.260078   590086.133879   205.448560 11.617512   307901.816818   217.168990 10.735025   402854.507938   164.614600 0.525053   34.511696  0.318200 0.000378 0.000766 0.000444 0.000583    G+U 11.517551 0.000649 11.111655 0.000594 10.527179           0.000581 10.852178           0.000625  9.967525 0.000357  0.405896 0.000879  0.584476           0.000830 -0.324999           0.000853           0.884653           0.000720  4.937002  5.294436  4.411949 0.013854 0.013870 0.013856 1.017366  0.001507  0.992226   0.001435 0.962648  0.002893
130.710326 20.334354 5.603258 0.187194 -36.914283 0.199176 -13.473768 0.165264 18.191652      996.061331     1.263399 20.184530      115.240375     6.588670 16.891830     1388.116790     7.819472 1.299822         NaN       NaN 0.001377 0.062075 0.006116 0.006269    G+U 16.084618 0.006059 15.565689 0.005172 14.969125           0.004853 14.425257           0.004234 14.109584 0.003534  0.518929 0.007966  0.596564           0.007092  0.543868           0.006440           0.315673           0.005516 11.933855 13.926733 10.634033 0.072558 0.095478 0.072802 0.230857  0.003284  0.173855   0.002953 0.163125  0.024233
130.578293 20.409680 5.521414 0.030710 -35.564664 0.033349 -14.004700 0.027264 12.155270   258725.247172   108.864914 12.621334   122147.080763   130.217930 11.508440   197597.808343   192.872160 0.646830   34.837112  0.617219 0.000457 0.001157 0.001060 0.001154      G       NaN      NaN       NaN      NaN       NaN                NaN       NaN                NaN       NaN      NaN       NaN      NaN       NaN                NaN       NaN                NaN                NaN                NaN  5.865522  6.331586  5.218692 0.012086 0.012133 0.012124 0.865117  0.001034  0.848096   0.001018 0.846447  0.002575
130.824154 20.510347 5.536740 0.024676 -38.276866 0.024383 -11.287913 0.017422 11.608485   428107.344279   176.856280 12.029002   210773.570939   237.521260 11.014606   311397.815191   231.063640 0.593879   33.135056  0.346598 0.000449 0.001224 0.000806 0.000922    G+U 11.021993 0.000568 11.001650 0.000561 10.542321           0.000586 10.712586           0.000592 10.259770 0.000416  0.020343 0.000798  0.459329           0.000811 -0.170265           0.000833           0.452816           0.000723  5.324755  5.745272  4.730876 0.009688 0.009755 0.009711 0.949874  0.001043  0.925805   0.001009 0.907407  0.002733
130.735998 20.511634 5.271743 0.105910 -35.675308 0.106146 -13.984679 0.081938 17.411768     2042.862744     1.850672 19.128899      304.689356     9.971987 16.154087     2738.566929     9.007174 1.257681         NaN       NaN 0.000984 0.035534 0.003571 0.003704    G+U 15.388988 0.004607 14.912805 0.003649 14.323941           0.003506 13.754102           0.002866 13.303077 0.002096  0.476184 0.005877  0.588863           0.005060  0.569840           0.004528           0.451025           0.003551 11.021539 12.738670  9.763858 0.043636 0.056266 0.043771 0.315016  0.002835  0.248570   0.002524 0.235768  0.028517
130.729542 20.520569 5.362248 0.316015 -35.491544 0.324526 -13.755967 0.255376 19.052378      450.812175     0.990539 21.026205       53.080454     6.232290 17.677507      673.217066     9.356408 1.374870         NaN       NaN 0.002386 0.127479 0.015090 0.015277    G+U 16.860580 0.010807 16.229963 0.007675 15.581813           0.006840 15.058202           0.006834 14.646599 0.005372  0.630617 0.013255  0.648150           0.010281  0.523611           0.009669           0.411603           0.008692 12.699112 14.672939 11.324241 0.127994 0.180631 0.128859 0.185866  0.004217  0.139350   0.002886 0.133172  0.022297
130.880271 20.531674 4.651949 1.195766 -39.542856 1.397099 -12.777288 0.944503 20.785175       91.385337     0.659142 21.625160       30.574038     7.251555 19.300655      150.971964     6.159051 1.484520         NaN       NaN 0.007831 0.257515 0.044294 0.044981    G+U 18.399912 0.032451 17.477322 0.017666 16.622738           0.013226 16.073837           0.015290 15.591676 0.011690  0.922590 0.036948  0.854584           0.022068  0.548901           0.020216           0.482162           0.019247 14.123350 14.963335 12.638830 0.558224 0.614708 0.559923 0.149695  0.010930       NaN        NaN 0.120740  0.018547
130.903344 20.540056 5.221474 0.049233 -36.062505 0.051538 -13.735023 0.038512 16.327873     5543.669604     3.161748 17.855610      984.403031     9.679872 15.125347     7063.492739    11.013385 1.202526         NaN       NaN 0.000619 0.010676 0.001693 0.001803    G+U 14.395816 0.002850 13.976021 0.002254 13.393068           0.002224 12.814003           0.001667 12.568907 0.001340  0.419795 0.003634  0.582952           0.003167  0.579065           0.002779           0.245096           0.002139  9.916838 11.444575  8.714312 0.020484 0.023091 0.020545 0.434942  0.001295  0.361643   0.000966 0.365639  0.019366
130.903530 20.537162 5.437388 0.030367 -37.537424 0.031994 -13.398743 0.023509 15.334721    13837.521719     4.824690 16.519407     3370.185380     8.056646 14.252327    15784.380364    15.444778 1.082394   38.285510  4.782962 0.000379 0.002596 0.001062 0.001128    G+U 13.602869 0.001950 13.286435 0.001619 12.786071           0.001667 12.190667           0.001206 11.933361 0.000944  0.316434 0.002534  0.500364           0.002324  0.595404           0.002058           0.257306           0.001532  9.011673 10.196359  7.929279 0.012133 0.012402 0.012174 0.532917  0.000697  0.469858   0.003182 0.503087  0.007704
130.854050 20.565315 5.364479 0.022316 -36.295732 0.022817 -13.024666 0.016537 14.420762    32110.124467     8.981381 15.375747     9663.136565    12.764341 13.455150    32892.624615    21.104849 0.965612   33.811188  2.265125 0.000304 0.001434 0.000697 0.000760    G+U 12.874194 0.001335 12.634377 0.001192 12.170052           0.001240 11.601359           0.000899 11.268350 0.000679  0.239817 0.001790  0.464326           0.001720  0.568692           0.001532           0.333010           0.001127  8.068400  9.023385  7.102788 0.009038 0.009146 0.009060 0.622925  0.000476  0.585618   0.000633 0.617742  0.004056
130.688932 20.592581 5.343373 0.153340 -36.388092 0.183100 -12.454029 0.139356 18.157383     1028.000902     1.537315 20.170296      116.761145     6.610691 16.868778     1417.903882     7.685186 1.288605         NaN       NaN 0.001624 0.061471 0.005885 0.006105    G+U 16.041573 0.006564 15.513766 0.005034 14.895764           0.004683 14.360856           0.004176 14.036786 0.003422  0.527806 0.008272  0.618002           0.006875  0.534908           0.006274           0.324070           0.005399 11.796460 13.809373 10.507855 0.062337 0.087533 0.062593 0.240693  0.003033  0.182998   0.002741 0.169205  0.025653
132.277782 19.686449 5.395622 0.024390 -36.646438 0.025104 -11.763001 0.017343 11.716242   387659.135347   183.422100 12.114959   194730.167168   235.421980 11.153337   274046.017643   207.623980 0.562905   33.361270  0.338907 0.000514 0.001313 0.000823 0.000970      G       NaN      NaN       NaN      NaN       NaN                NaN       NaN                NaN       NaN      NaN       NaN      NaN       NaN                NaN       NaN                NaN                NaN                NaN  5.376450  5.775167  4.813545 0.009829 0.009903 0.009850 0.940377  0.000970  0.917312   0.000980 0.903740  0.002663
132.464228 19.833158 5.654153 0.228574 -38.732445 0.238658 -12.365825 0.173684 18.680796      634.787557     1.253342 20.912384       58.947243     5.684580 17.289328      962.558252    10.404839 1.391468         NaN       NaN 0.002144 0.104703 0.011736 0.011931    G+U 16.389639 0.008096 15.740544 0.005837 15.074027           0.005281 14.533114           0.004620 14.121903 0.005355  0.649095 0.009981  0.666517           0.007872  0.540914           0.007017           0.411210           0.007073 12.442634 14.674222 11.051166 0.087810 0.136633 0.088565 0.196496  0.003204  0.147393   0.002488 0.132915  0.021735
131.975128 19.732693 5.703305 0.135340 -37.839936 0.147376 -12.452636 0.105561 17.591015     1731.971587     1.783562 19.438408      229.115214    10.986327 16.277155     2445.097412     8.869538 1.313860         NaN       NaN 0.001118 0.052062 0.003938 0.004094      G       NaN      NaN       NaN      NaN       NaN                NaN       NaN                NaN       NaN      NaN       NaN      NaN       NaN                NaN       NaN                NaN                NaN                NaN 11.371648 13.219041 10.057788 0.051541 0.073251 0.051680 0.281346  0.003340  0.218231   0.002816 0.199534  0.028860
132.127237 19.751946 5.785157 0.278152 -38.004560 0.279008 -13.158277 0.196384 18.911720      513.166970     1.064064 20.677464       73.186585     6.459130 17.592180      728.259882    10.626891 1.319540         NaN       NaN 0.002251 0.095822 0.015843 0.016002    G+U 16.742930 0.010846 16.131502 0.007680 15.488565           0.006714 14.955857           0.006146 14.597679 0.007287  0.611427 0.013290  0.642937           0.010201  0.532708           0.009102           0.358178           0.009532 12.723296 14.489040 11.403756 0.104429 0.141712 0.105600 0.186749  0.003414  0.139774   0.002320 0.139789  0.020253
132.098070 19.836551 5.494214 0.067527 -38.059501 0.066336 -13.023939 0.046183 16.541534     4553.371017     3.331625 18.074100      804.963791     7.396801 15.336820     5813.404272    21.176752 1.204715         NaN       NaN 0.000794 0.009977 0.003955 0.004034    G+U 14.644379 0.002815 14.221236 0.002646 13.652151           0.002490 13.066861           0.001838 12.793152 0.001896  0.423142 0.003864  0.569085           0.003634  0.585290           0.003095           0.273709           0.002641 10.241062 11.773628  9.036348 0.026700 0.028492 0.026980 0.400329  0.001641  0.328220   0.001837 0.330144  0.018635
132.005192 19.827489 5.207613 0.123442 -36.865240 0.114201 -13.340494 0.078103 17.437267     1995.443687     1.796267 19.166317      294.367498     7.939000 16.185550     2660.342610    12.983109 1.251717         NaN       NaN 0.000977 0.029282 0.005299 0.005388    G+U 15.383242 0.004079 14.943181 0.003793 14.368124           0.003517 13.794416           0.002705 13.507128 0.003019  0.440061 0.005570  0.575057           0.005173  0.573708           0.004437           0.287289           0.004053 11.020460 12.749510  9.768743 0.051482 0.059219 0.051745 0.314022  0.003151  0.246334   0.002808 0.235434  0.026022
132.030880 19.916390 5.326591 0.107362 -37.592147 0.100006 -13.081513 0.073530 17.348492     2165.460290     2.054352 19.031921      333.156777     8.974957 16.099873     2878.783770    13.286989 1.248619         NaN       NaN 0.001030 0.029249 0.005011 0.005116    G+U 15.304416 0.003942 14.874629 0.003683 14.286691           0.003399 13.710614           0.002608 13.424501 0.002881  0.429787 0.005395  0.587938           0.005012  0.576076           0.004284           0.286113           0.003886 10.980739 12.664168  9.732120 0.043780 0.052641 0.044054 0.319556  0.002788  0.251824   0.002434 0.242133  0.026467
132.350051 20.235070 5.179660 0.115498 -38.216582 0.117643 -13.098684 0.090683 17.520906     1847.499774     2.055201 19.387384      240.139220     8.667021 16.217718     2582.681630    13.354705 1.303188         NaN       NaN 0.001208 0.039186 0.005614 0.005743    G+U 15.382675 0.004562 14.848193 0.003582 14.248682           0.003408 13.690929           0.002596 13.384415 0.002015  0.534482 0.005801  0.599511           0.004944  0.557753           0.004284           0.306515           0.003286 11.092412 12.958890  9.789224 0.048435 0.062290 0.048745 0.305633  0.002758  0.239727   0.002672 0.217310  0.028519
132.542574 20.148546 5.498519 0.022081 -38.428463 0.023574 -13.360471 0.018087 14.272574    36805.870284     9.518107 15.205616    11302.398323    17.030480 13.315793    37397.377705    30.795103 0.956781   30.555672  2.459458 0.000281 0.001636 0.000894 0.000937    G+U 12.736492 0.001273 12.480546 0.001107 12.057082           0.001229 11.469263           0.000892 11.249984 0.000781  0.255946 0.001687  0.423464           0.001654  0.587819           0.001519           0.219279           0.001185  7.973803  8.906845  7.017022 0.008725 0.008872 0.008766 0.631721  0.000446  0.596225   0.001026 0.627779  0.004200
131.747566 19.916461 5.043251 0.244417 -35.935422 0.262428 -12.427213 0.230604 18.763573      588.190216     1.100681 20.768164       67.321185     7.239490 17.433163      843.127305    10.396249 1.330410         NaN       NaN 0.002032 0.116756 0.013388 0.013541    G+U 16.540302 0.008136 15.984396 0.006534 15.372000           0.006178 14.825844           0.005081 14.473162 0.006545  0.555906 0.010435  0.612396           0.008992  0.546156           0.007999           0.352682           0.008286 12.277126 14.281717 10.946716 0.105258 0.157185 0.106087 0.208241  0.004337  0.156384   0.003398 0.147227  0.027597
132.201261 20.229427 5.704872 0.320006 -37.735329 0.356015 -12.476658 0.247064 19.256120      373.679083     0.891823 21.086176       50.228051     6.836906 17.870337      563.667953     9.859619 1.385784         NaN       NaN 0.002591 0.147787 0.018992 0.019168    G+U 16.966910 0.011761 16.366308 0.008568 15.728360           0.007603 15.172927           0.006929 14.804904 0.005601  0.600601 0.014551  0.637948           0.011455  0.555433           0.010287           0.368023           0.008910 13.037350 14.867406 11.651567 0.121833 0.191514 0.123277 0.170800  0.003639  0.129360   0.002645 0.127688  0.019849
132.204568 20.224204 5.480920 0.030826 -37.661590 0.034587 -12.477912 0.022613 15.135608    16622.780833     5.372477 16.274227     4224.020140    10.637141 14.077194    18547.287019    16.982735 1.058413   33.607765  3.573127 0.000351 0.002734 0.000994 0.001054    G+U 13.428328 0.001753 13.120122 0.001544 12.657317           0.001595 12.083017           0.001117 11.819936 0.000822  0.308207 0.002336  0.462805           0.002220  0.574300           0.001947           0.263082           0.001387  8.829875  9.968494  7.771461 0.012218 0.012515 0.012253 0.551630  0.000728  0.493466   0.004445 0.527336  0.007457
132.391077 20.508029 5.490183 0.017545 -38.104157 0.018854 -12.984559 0.014285  9.233123  3816785.308998   608.061700  9.427061  2315220.100490   648.285500  8.893361  2196917.580840   592.041440 0.339762   36.904892  1.220815 0.000173 0.000304 0.000293 0.000340      G       NaN      NaN       NaN      NaN       NaN                NaN       NaN                NaN       NaN      NaN       NaN      NaN       NaN                NaN       NaN                NaN                NaN                NaN  2.931057  3.124995  2.591295 0.006942 0.006946 0.006946 1.466430  0.001132  1.445048   0.001459      NaN       NaN
132.208095 20.443274 5.346994 0.034427 -37.340497 0.036596 -12.502019 0.023358 15.164766    16182.293646     8.371203 16.315903     4064.958377    11.549969 14.100478    18153.773508    18.788218 1.064288   31.886158  4.682920 0.000562 0.003085 0.001124 0.001256    G+U 13.443843 0.001805 13.151181 0.001531 12.663488           0.001621 12.073664           0.001140 11.816982 0.000831  0.292662 0.002367  0.487693           0.002229  0.589825           0.001981           0.256681           0.001410  8.805314  9.956451  7.741026 0.013993 0.014318 0.014026 0.553859  0.000867  0.493466   0.004445 0.528479  0.007994
132.267763 20.556654 6.107060 0.668387 -37.558330 0.797290 -13.072740 0.543879 20.227167      152.784695     0.704017 21.430592       36.574679     5.885612 18.878760      222.666167     8.425919 1.348408         NaN       NaN 0.005003 0.174717 0.041085 0.041389    G+U 17.909672 0.023336 17.160345 0.013984 16.362406           0.011312 15.810034           0.010697 15.361942 0.008926  0.749327 0.027205  0.797939           0.017986  0.552372           0.015569           0.448091           0.013932 14.156328 15.359753 12.807921 0.237709 0.294969 0.241182 0.140066  0.004135       NaN        NaN 0.117163  0.011890
133.138940 20.962539 5.533629 0.302465 -37.779468 0.347771 -12.550139 0.217866 18.923443      507.656447     1.170724 20.868238       61.393387     7.676863 17.590616      729.309310     9.146508 1.332827         NaN       NaN 0.002504 0.135765 0.013617 0.013845    G+U 16.739496 0.008794 16.154493 0.007380 15.494077           0.006667 14.938811           0.005608 14.608543 0.004871  0.585003 0.011481  0.660417           0.009945  0.555265           0.008711           0.330268           0.007428 12.638493 14.583288 11.305666 0.118718 0.180332 0.119470 0.188381  0.004066  0.141486   0.002825 0.136876  0.024373
132.249447 20.698738 5.408118 0.143602 -37.751405 0.148503 -13.483039 0.114522 17.893488     1310.844784     1.766349 19.984007      138.616272     6.198955 16.563530     1878.217634    10.155378 1.329958         NaN       NaN 0.001463 0.048554 0.005870 0.006050    G+U 15.694446 0.005412 15.122980 0.004220 14.502838           0.003920 13.986280           0.003150 13.685174 0.002639  0.571465 0.006863  0.620142           0.005759  0.516558           0.005029           0.301106           0.004110 11.558719 13.649238 10.228761 0.057678 0.075380 0.057957 0.256946  0.002937  0.198073   0.002657 0.175404  0.025076
132.862339 21.163873 5.252557 0.620991 -39.130497 0.686165 -14.581588 0.491546 20.185700      158.732808     0.719454 21.200970       45.188639     5.518915 18.788229      242.028700     6.993681 1.397471         NaN       NaN 0.004921 0.132602 0.031374 0.031757    G+U 17.806730 0.021591 17.058397 0.014239 16.349623           0.014271 15.806135           0.011141 15.405334 0.008492  0.748333 0.025863  0.708775           0.020160  0.543488           0.018105           0.400801           0.014009 13.787554 14.802824 12.390083 0.256773 0.288948 0.258635 0.155983  0.005412       NaN        NaN 0.126266  0.014181
131.418539 20.173741 5.492456 0.052129 -37.541771 0.051756 -12.533171 0.038115 16.221773     6112.764221     3.627018 17.640223     1200.404597     8.170788 15.050082     7570.514308    16.930162 1.171691         NaN       NaN 0.000644 0.007390 0.002428 0.002512    G+U 14.324593 0.002464 13.962021 0.002260 13.417270           0.002135 12.852267           0.001705 12.563518 0.001693  0.362572 0.003343  0.544751           0.003109  0.565002           0.002732           0.288750           0.002403  9.920606 11.339056  8.748915 0.020619 0.021894 0.020752 0.437132  0.001271  0.362978   0.001137 0.377799  0.015337
131.497146 20.219347 5.314072 0.271167 -36.509622 0.280065 -12.952683 0.243051 18.732100      605.489437     1.172890 20.472939       88.357046     6.811303 17.384678      881.630903     9.680733 1.347422         NaN       NaN 0.002103 0.083698 0.011922 0.012106    G+U 16.542723 0.009161 15.982358 0.006844 15.389324           0.006267 14.845032           0.005751 14.581748 0.004938  0.560365 0.011436  0.593034           0.009280  0.544292           0.008505           0.263284           0.007580 12.359237 14.100076 11.011815 0.110826 0.138864 0.111446 0.208468  0.004294  0.155387   0.003348 0.152942  0.023466
131.267439 20.357683 5.593810 0.035427 -37.091586 0.037390 -13.076348 0.025890 10.246242  1501239.752069   363.502100 10.509762   854106.391945   516.454300  9.823963   932337.251749   429.193080 0.422278   33.094130  0.473321 0.000263 0.000657 0.000500 0.000565    G+U 11.619277 0.000683 11.445368 0.000698 10.610744           0.000610 10.952782           0.000656  9.902820 0.000348  0.173909 0.000976  0.834623           0.000927 -0.342037           0.000896           1.049962           0.000742  3.984780  4.248300  3.562501 0.013755 0.013768 0.013762 1.203442  0.001753  1.179063   0.002224 1.149234  0.003980
131.280456 20.394918 5.407613 0.019736 -37.040726 0.021915 -14.248048 0.014854 11.714025   388451.113079   126.103380 12.117802   194220.932320   178.087390 11.146666   275735.006389   194.317260 0.567360   33.698880  0.408717 0.000352 0.000996 0.000765 0.000842    G+U 11.159468 0.000621 10.977396 0.000571 10.626104           0.000616 10.813979           0.000621 10.092551 0.000377  0.182072 0.000844  0.351292           0.000840 -0.187875           0.000875           0.721428           0.000726  5.379053  5.782830  4.811694 0.007933 0.007988 0.007962 0.939834  0.000779  0.916680   0.000961 0.903055  0.002305
131.367549 20.395330 5.573396 0.024826 -37.667811 0.025718 -13.525409 0.019079  8.461295  7770138.386577  2389.794000  8.590004  5005131.141628  4022.402600  8.213900  4107695.254833  2378.497600 0.247396   35.984764  0.646952 0.000334 0.000873 0.000629 0.000712    G+H       NaN      NaN       NaN      NaN       NaN                NaN       NaN                NaN       NaN      NaN       NaN      NaN       NaN                NaN       NaN                NaN                NaN                NaN  2.191894  2.320603  1.944499 0.009678 0.009712 0.009693 1.703258  0.001959  1.681493   0.002042      NaN       NaN
131.358114 20.427333 5.619239 0.060249 -36.037980 0.071412 -14.054822 0.041410 13.646997    65485.915151    13.455858 14.446344    22744.634152    20.160646 12.772626    61674.800362    36.820606 0.874371   31.109177  1.622255 0.000223 0.000962 0.000648 0.000686    G+U 12.275254 0.001047 12.060636 0.000935 11.618157           0.000987 11.125670           0.000732 10.935158 0.000577  0.214618 0.001403  0.442479           0.001359  0.492488           0.001229           0.190512           0.000932  7.395385  8.194732  6.521014 0.023283 0.023302 0.023291 0.686296  0.001243  0.658949   0.001392 0.688424  0.003332
131.358144 20.422885 5.290944 0.021837 -35.597800 0.022799 -12.938328 0.016110 14.131704    41904.908735     9.778921 15.016456    13453.480790    22.300467 13.204012    41452.765213    28.986174 0.927692   31.276382  2.586698 0.000253 0.001800 0.000759 0.000800    G+U 12.686188 0.001269 12.454121 0.001124 11.987481           0.001172 11.457608           0.000860 11.258256 0.000677  0.232067 0.001695  0.466640           0.001624  0.529873           0.001454           0.199352           0.001094  7.749370  8.634122  6.821678 0.008966 0.009141 0.008994 0.653052  0.000441  0.621230   0.000479 0.651367  0.004140
131.275276 20.453638 5.718693 0.272386 -37.555379 0.286106 -12.899248 0.208271 19.097681      432.389034     0.912519 21.030731       52.859634     4.706728 17.770369      618.031854     7.064716 1.327312         NaN       NaN 0.002291 0.096676 0.012411 0.012621    G+U 16.918966 0.011301 16.293634 0.008107 15.658195           0.007373 15.155247           0.007558 14.759180 0.006011  0.625332 0.013908  0.635440           0.010958  0.502948           0.010559           0.396067           0.009657 12.884165 14.817215 11.556853 0.103455 0.141576 0.104171 0.176533  0.003135  0.132840   0.002177 0.130454  0.017425
131.441032 20.494683 5.575401 0.050186 -38.302804 0.053128 -13.982691 0.039746 15.571946    11121.625401     8.133363 16.851496     2482.094912    11.945325 14.454033    13108.262949    18.739710 1.117913   45.149406 13.665793 0.000794 0.005225 0.001552 0.001743    G+U 13.783848 0.002053 13.439785 0.001728 12.921712           0.001764 12.343723           0.001313 12.103218 0.001197  0.344063 0.002684  0.518073           0.002470  0.577989           0.002199           0.240505           0.001777  9.303327 10.582877  8.185414 0.019562 0.020233 0.019608 0.503748  0.001027  0.430035   0.003863 0.461403  0.011896
131.507983 20.534137 5.338011 0.250675 -36.907628 0.309749 -12.911408 0.232335 18.611591      676.566135     1.197032 20.199415      113.671239    12.120986 17.296110      956.563940     6.603314 1.315481         NaN       NaN 0.001921 0.115774 0.007495 0.007737    G+U 16.476847 0.008612 15.915446 0.006265 15.307553           0.005881 14.750973           0.005468 14.409558 0.004273  0.561400 0.010650  0.607893           0.008592  0.556581           0.008030           0.341414           0.006940 12.248488 13.836312 10.933007 0.101991 0.154280 0.102248 0.216150  0.004447  0.162669   0.003509 0.164967  0.029547
131.376874 20.590107 5.440263 0.023771 -37.029038 0.024911 -13.285402 0.019354  9.725906  2424288.569150   422.254240  9.949029  1431545.439838   437.803500  9.349500  1443305.060706   285.915300 0.376407   34.915520  0.474307 0.000189 0.000332 0.000215 0.000286    G+H       NaN      NaN       NaN      NaN       NaN                NaN       NaN                NaN       NaN      NaN       NaN      NaN       NaN                NaN       NaN                NaN                NaN                NaN  3.404006  3.627129  3.027600 0.009490 0.009494 0.009491 1.340125  0.001349  1.316088   0.001844 1.297562  0.003027
131.924572 20.644810 5.439402 0.103182 -38.640769 0.112605 -13.569175 0.075566 16.412655     5127.251309     9.104454 18.005365      857.572990    10.894247 15.105078     7196.595166    17.165667 1.307577         NaN       NaN 0.001928 0.013793 0.002590 0.003229    G+U 14.301741 0.002729 13.844112 0.002242 13.250563           0.002111 12.712796           0.001570 12.530216 0.001272  0.457628 0.003532  0.593550           0.003079  0.537766           0.002631           0.182580           0.002021 10.090411 11.683121  8.782834 0.041237 0.043439 0.041273 0.417070  0.002549  0.342097   0.003187 0.331241  0.023439
131.945154 20.765892 4.654869 0.310097 -36.438278 0.332208 -12.992072 0.244132 19.077030      440.691138     1.048208 20.988390       54.961801     6.100654 17.746826      631.579031     7.954418 1.330204         NaN       NaN 0.002582 0.120515 0.013674 0.013916    G+U 16.807705 0.010768 16.234554 0.007927 15.580988           0.006912 15.039459           0.006502 14.691871 0.005481  0.573151 0.013371  0.653566           0.010517  0.541529           0.009489           0.347589           0.008504 12.416567 14.327927 11.086363 0.144682 0.188281 0.145303 0.201583  0.005203  0.150278   0.004079 0.145343  0.026645
131.673331 20.646968 5.705762 0.274846 -36.136751 0.291178 -13.796224 0.212739 18.872736      531.927667     1.099015 20.958263       56.508219     4.797319 17.486073      803.025356     7.930267 1.386663         NaN       NaN 0.002243 0.092175 0.010722 0.010954    G+U 16.560123 0.009178 15.971213 0.006739 15.267403           0.005855 14.714019           0.005530 14.295461 0.004394  0.588910 0.011386  0.703811           0.008927  0.553384           0.008054           0.418558           0.007063 12.654304 14.739831 11.267641 0.104624 0.139417 0.105148 0.186821  0.003415  0.139719   0.002312 0.131186  0.018618
131.554278 20.728623 5.539845 0.018412 -36.922564 0.018225 -14.187695 0.012879 12.602436   171384.842895    41.399754 13.142374    75590.523978    59.176506 11.917197   135606.151256    72.625040 0.685239   34.158707  0.861473 0.000262 0.000850 0.000581 0.000638    G+U 11.548707 0.000731 11.444512 0.000696 11.089623           0.000756 10.858345           0.000641 10.590561 0.000490  0.104195 0.001010  0.354889           0.001028  0.231278           0.000991           0.267784           0.000807  6.319924  6.859862  5.634685 0.007222 0.007267 0.007240 0.801581  0.000520  0.786570   0.000581 0.799470  0.002055
131.448972 20.712877 5.549216 0.117532 -37.893748 0.123184 -13.796919 0.084049 17.200344     2482.041493     3.704600 18.901968      375.516807     7.736388 15.935609     3348.996798    11.986983 1.264735         NaN       NaN 0.001621 0.022368 0.003886 0.004210    G+U 15.103967 0.004020 14.635157 0.003277 14.071192           0.003106 13.528179           0.002502 13.205957 0.002026  0.468810 0.005186  0.563965           0.004515  0.543013           0.003989           0.322222           0.003219 10.921502 12.623126  9.656767 0.046020 0.051143 0.046156 0.325152  0.002754  0.255961   0.002558 0.244528  0.023842
131.002609 20.645915 5.379328 0.175947 -36.724457 0.191201 -13.241234 0.137301 18.335567      872.407642     1.097653 20.197279      113.895187     6.610430 17.032280     1219.680164     8.349547 1.303287         NaN       NaN 0.001366 0.063016 0.007433 0.007557    G+U 16.229336 0.007196 15.695050 0.006083 15.073469           0.005112 14.507169           0.004570 14.180716 0.005112  0.534286 0.009423  0.621581           0.007946  0.566300           0.006857           0.326453           0.006857 11.989207 13.850919 10.685920 0.071038 0.094950 0.071412 0.229626  0.003194  0.172880   0.002796 0.166079  0.024117
131.051158 20.716861 5.441890 0.123009 -37.178757 0.127947 -13.541389 0.093280 17.667847     1613.646243     2.483207 19.517126      213.091718     9.084706 16.377697     2228.841650     9.626049 1.290150         NaN       NaN 0.001671 0.046288 0.004689 0.004978    G+U 15.571164 0.005037 15.064521 0.004252 14.439628           0.003718 13.873369           0.003080 13.555161 0.003229  0.506643 0.006592  0.624893           0.005648  0.566258           0.004828           0.318208           0.004463 11.346596 13.195875 10.056446 0.049113 0.067467 0.049308 0.282751  0.003138  0.219036   0.002641 0.202331  0.027546
131.075878 20.830041 5.295690 0.103357 -36.529612 0.111770 -12.905257 0.078436 17.554052     1791.948097     1.901750 19.383266      241.051741     7.955933 16.260965     2481.828121     7.905728 1.293087         NaN       NaN 0.001152 0.035835 0.003459 0.003645    G+U 15.451420 0.004795 14.941882 0.004000 14.323351           0.003528 13.763581           0.002906 13.457005 0.003052  0.509538 0.006245  0.618531           0.005334  0.559770           0.004571           0.306577           0.004214 11.173665 13.002879  9.880578 0.042397 0.055500 0.042522 0.299215  0.002173  0.233607   0.002291 0.214696  0.026291
131.248234 20.854308 5.630616 0.375544 -34.125390 0.365721 -12.798318 0.274251 19.133158      418.488920     0.944642 21.155552       47.118988     7.056227 17.745974      632.075420     8.121222 1.387184         NaN       NaN 0.002451 0.162593 0.013950 0.014164    G+U 16.839458 0.009285 16.126220 0.007246 15.437578           0.006244 14.883713           0.005798 14.539068 0.004848  0.713238 0.011778  0.688643           0.009565  0.553865           0.008521           0.344645           0.007558 12.885937 14.908331 11.498753 0.144851 0.217743 0.145501 0.176029  0.004497  0.132873   0.003132 0.126944  0.021969
131.178044 20.962985 5.377097 0.086630 -36.458170 0.091192 -13.351862 0.066363 16.799574     3590.188230     2.959544 18.571943      508.908704     9.089307 15.531218     4860.391292    14.693257 1.268356         NaN       NaN 0.000895 0.019392 0.003282 0.003402    G+U 14.723480 0.003219 14.221217 0.002631 13.640122           0.002492 13.092377           0.001941 12.817653 0.001539  0.502263 0.004158  0.581095           0.003624  0.547746           0.003158           0.274724           0.002477 10.452313 12.224682  9.183957 0.034996 0.039999 0.035138 0.372941  0.002162  0.301072   0.002099 0.281106  0.026396
131.708664 21.020183 5.602270 0.014113 -38.253831 0.014264 -13.860271 0.010561 12.723747   153266.772066    44.744434 13.296944    65560.069121    60.437670 12.011799   124290.711976    88.763740 0.711948   32.417774  0.866911 0.000317 0.001001 0.000775 0.000838    G+U 11.654166 0.000761 11.609491 0.000737 11.215965           0.000794 11.033366           0.000685 10.615367 0.000481  0.044675 0.001060  0.393526           0.001084  0.182599           0.001049           0.417999           0.000837  6.465567  7.038764  5.753619 0.005479 0.005561 0.005525 0.784073  0.000360  0.767909   0.000509 0.784274  0.002219
131.696151 21.079727 4.786568 0.958942 -38.798678 1.051984 -13.534154 0.661793 20.537329      114.819386     0.721282 21.235998       43.753992     8.433031 19.028324      194.011958     6.717648 1.509005         NaN       NaN 0.006820 0.209262 0.037594 0.038207    G+U 18.106188 0.025589 17.251223 0.017314 16.543390           0.017234 15.972253           0.012624 15.528565 0.009564  0.854965 0.030896  0.707832           0.024429  0.571137           0.021363           0.443687           0.015838 13.937450 14.636119 12.428445 0.435087 0.482747 0.436655 0.157133  0.009447       NaN        NaN 0.126371  0.018195
131.583395 21.008872 5.496922 0.153019 -37.287666 0.154815 -13.392810 0.109688 17.933897     1262.955052     1.467402 19.811373      162.505456     7.644063 16.638783     1752.447077     8.924299 1.295114         NaN       NaN 0.001261 0.051072 0.005529 0.005671    G+U 15.801188 0.005830 15.288164 0.004479 14.693822           0.004291 14.136161           0.003736 13.843637 0.003026  0.513024 0.007352  0.594342           0.006203  0.557661           0.005689           0.292524           0.004807 11.634495 13.511971 10.339381 0.060461 0.079134 0.060700 0.254924  0.002921  0.196053   0.002763 0.183727  0.025424
131.310973 20.997531 5.537130 0.020914 -37.870707 0.022756 -14.029577 0.016848  9.400182  3272456.613794   527.808350  9.607107  1961435.769880   757.478200  9.044412  1911584.585345   569.616330 0.355770   31.472391  0.841247 0.000175 0.000419 0.000324 0.000368      G       NaN      NaN       NaN      NaN       NaN                NaN       NaN                NaN       NaN      NaN       NaN      NaN       NaN                NaN       NaN                NaN                NaN                NaN  3.116606  3.323531  2.760836 0.008204 0.008213 0.008208 1.415115  0.001309  1.392377   0.001716 1.375921  0.002907
131.314685 21.059941 5.613675 0.075509 -37.201836 0.081788 -14.065272 0.060665 16.325430     5556.161310     3.269352 17.742386     1092.602467     8.233632 15.151126     6897.753335    13.360613 1.174304         NaN       NaN 0.000639 0.008182 0.002103 0.002198    G+U 14.452715 0.002892 14.064811 0.002482 13.522563           0.002400 12.980268           0.001847 12.695028 0.001441  0.387904 0.003811  0.542248           0.003453  0.542295           0.003029           0.285240           0.002343 10.071666 11.488622  8.897362 0.029215 0.030333 0.029284 0.421412  0.001796  0.346152   0.002881 0.361385  0.016227
131.400803 21.255806 5.516825 0.046648 -37.605607 0.045958 -14.343342 0.029590 15.555211    11294.382161    15.134047 16.841610     2504.797019    23.818260 14.423336    13484.155236    75.730530 1.131875   36.794727  5.965350 0.001455 0.010324 0.006098 0.006269    G+U 13.740611 0.002019 13.383095 0.001769 12.872077           0.001821 12.276811           0.001226 12.053272 0.000952  0.357516 0.002685  0.511018           0.002539  0.595266           0.002195           0.223538           0.001553  9.263657 10.550056  8.131782 0.018418 0.021065 0.019347 0.507537  0.000987  0.441024   0.003610 0.463937  0.016722
131.829343 21.183875 5.279765 0.109505 -36.335049 0.127341 -13.474995 0.085832 17.665010     1617.865275     1.822326 19.462275      224.133592     6.026133 16.391580     2200.522950     7.601021 1.273430         NaN       NaN 0.001223 0.029191 0.003750 0.003945    G+U 15.579455 0.004977 15.106409 0.004152 14.510021           0.004347 13.946000           0.003022 13.605031 0.002278  0.473046 0.006482  0.596388           0.006011  0.564021           0.005294           0.340969           0.003785 11.278083 13.075348 10.004653 0.045054 0.053670 0.045193 0.289565  0.002609  0.223394   0.002366 0.210811  0.022687
132.260212 21.556635 5.388370 0.088098 -37.018652 0.086120 -13.551976 0.055699 16.425407     5067.381986     4.619763 18.114851      775.311896    10.969189 15.161122     6834.538745    15.301492 1.264285         NaN       NaN 0.000990 0.015361 0.002431 0.002625    G+U 14.328120 0.002563 13.877261 0.002137 13.273757           0.002174 12.737248           0.001526 12.401913 0.001122  0.450859 0.003336  0.603504           0.003048  0.536509           0.002656           0.335336           0.001894 10.082694 11.772138  8.818409 0.035517 0.038684 0.035586 0.413308  0.002224  0.338535   0.001879 0.327037  0.024966
133.570025 21.734425 5.446527 0.085727 -34.421471 0.084165 -13.319981 0.055133 12.876116   133198.861645    25.758034 13.487823    54990.496964    34.655460 12.117295   112782.057809    37.163734 0.758821   26.807587  0.931320 0.000210 0.000684 0.000358 0.000415      G       NaN      NaN       NaN      NaN       NaN                NaN       NaN                NaN       NaN      NaN       NaN      NaN       NaN                NaN       NaN                NaN                NaN                NaN  6.556714  7.168422  5.797893 0.034179 0.034185 0.034180 0.773881  0.002131  0.756683   0.002490 0.772884  0.003477
129.949371 15.903740 5.918379 0.311862 -36.704211 0.305161 -10.240830 0.232479 19.066960      444.797853     1.138109 21.158209       47.003841     4.961107 17.721860      646.269622     9.027971 1.345098         NaN       NaN 0.002778 0.114596 0.015167 0.015419      G       NaN      NaN       NaN      NaN       NaN                NaN       NaN                NaN       NaN      NaN       NaN      NaN       NaN                NaN       NaN                NaN                NaN                NaN 12.927974 15.019223 11.582874 0.114457 0.161941 0.115424 0.172623  0.003381  0.130237   0.002397 0.125405  0.017437
130.226646 16.016837 4.861080 0.254390 -35.727423 0.267839 -10.031963 0.199423 18.925150      506.858673     1.062240 21.067750       51.087703     5.618471 17.509844      785.635153     6.957613 1.415306         NaN       NaN 0.002275 0.119406 0.009615 0.009881      G       NaN      NaN       NaN      NaN       NaN                NaN       NaN                NaN       NaN      NaN       NaN      NaN       NaN                NaN       NaN                NaN                NaN                NaN 12.358814 14.501414 10.943508 0.113660 0.164837 0.114044 0.202967  0.004312  0.152033   0.003470 0.137203  0.025175
129.379399 16.269716 5.242217 0.172604 -33.557422 0.195221 -10.437315 0.145192 18.362045      851.390367     1.563341 20.134571      120.666896     8.047252 17.078543     1168.801485    10.417799 1.283503         NaN       NaN 0.001994 0.072408 0.009677 0.009881      G       NaN      NaN       NaN      NaN       NaN                NaN       NaN                NaN       NaN      NaN       NaN      NaN       NaN                NaN       NaN                NaN                NaN                NaN 11.959620 13.732146 10.676118 0.071525 0.101758 0.072149 0.232906  0.003386  0.176171   0.003040 0.172334  0.026418
129.994098 16.296179 5.307627 0.159423 -36.154901 0.149036  -9.948107 0.115719 18.221770      968.810495     1.827443 20.222809      111.248354     8.979782 16.928389     1342.156378     9.318315 1.293381         NaN       NaN 0.002048 0.087639 0.007538 0.007811      G       NaN      NaN       NaN      NaN       NaN                NaN       NaN                NaN       NaN      NaN       NaN      NaN       NaN                NaN       NaN                NaN                NaN                NaN 11.846272 13.847311 10.552891 0.065256 0.109246 0.065658 0.237951  0.003347  0.181896   0.002975 0.167134  0.029923
129.135510 16.383948 5.169823 0.026159 -34.164543 0.027476 -10.130819 0.020220 14.607421    27038.229758    11.639669 15.602888     7839.017275    24.396486 13.617423    28326.239296    29.720440 0.989998   27.934772  5.636338 0.000467 0.003379 0.001139 0.001231      G       NaN      NaN       NaN      NaN       NaN                NaN       NaN                NaN       NaN      NaN       NaN      NaN       NaN                NaN       NaN                NaN                NaN                NaN  8.174800  9.170267  7.184802 0.010998 0.011495 0.011046 0.612793  0.000592  0.574347   0.000661 0.604460  0.006511
128.733143 16.325468 5.408493 0.210837 -34.753180 0.190213 -12.090879 0.140481 18.418262      808.428972     1.682133 20.291199      104.456919     9.394518 17.092236     1154.154143    13.865808 1.326027         NaN       NaN 0.002259 0.097648 0.013044 0.013238      G       NaN      NaN       NaN      NaN       NaN                NaN       NaN                NaN       NaN      NaN       NaN      NaN       NaN                NaN       NaN                NaN                NaN                NaN 12.083643 13.956580 10.757617 0.084680 0.129231 0.085649 0.223189  0.003885  0.168419   0.003281 0.160325  0.028545
129.425258 16.435431 5.387885 0.180987 -34.951560 0.183183  -9.819288 0.123852 18.090788     1093.028880     1.557279 19.868180      154.221625     9.142537 16.820574     1482.274679    12.886975 1.270214         NaN       NaN 0.001547 0.064364 0.009439 0.009565      G       NaN      NaN       NaN      NaN       NaN                NaN       NaN                NaN       NaN      NaN       NaN      NaN       NaN                NaN       NaN                NaN                NaN                NaN 11.747880 13.525272 10.477666 0.072960 0.097280 0.073551 0.248215  0.003214  0.189581   0.003330 0.183766  0.027431
129.610296 16.624479 5.496219 0.018034 -35.450269 0.018343 -10.908257 0.013291 12.937875   125833.619538    36.056473 13.538844    52466.177209    63.035023 12.207357   103804.268154    74.461710 0.730517   34.342655  1.675358 0.000311 0.001304 0.000779 0.000839      G       NaN      NaN       NaN      NaN       NaN                NaN       NaN                NaN       NaN      NaN       NaN      NaN       NaN                NaN       NaN                NaN                NaN                NaN  6.638195  7.239164  5.907677 0.007132 0.007243 0.007167 0.764867  0.000445  0.746621   0.000887 0.767571  0.002588
129.106388 16.589828 4.662556 0.272369 -33.786639 0.282281 -14.972176 0.222220 19.105555      429.264302     1.059470 20.771103       67.139186     8.786219 17.812513      594.501641    11.488288 1.293041         NaN       NaN 0.002680 0.142086 0.020981 0.021151      G       NaN      NaN       NaN      NaN       NaN                NaN       NaN                NaN       NaN      NaN       NaN      NaN       NaN                NaN       NaN                NaN                NaN                NaN 12.448675 14.114223 11.155633 0.126877 0.190471 0.128573 0.201966  0.004794  0.151402   0.003839 0.154047  0.029552
131.048685 16.542343 5.101602 0.103225 -36.786068 0.111488 -10.534477 0.078425 17.565561     1773.053592     1.829349 19.367762      244.518937     5.933626 16.297926     2398.765372     8.012592 1.267635         NaN       NaN 0.001120 0.026347 0.003627 0.003796      G       NaN      NaN       NaN      NaN       NaN                NaN       NaN                NaN       NaN      NaN       NaN      NaN       NaN                NaN       NaN                NaN                NaN                NaN 11.104094 12.906295  9.836459 0.043951 0.051231 0.044087 0.304278  0.002308  0.237524   0.002336 0.222994  0.023469
131.511181 17.021524 5.488052 0.075882 -37.312505 0.078880 -11.198440 0.057191 16.880274     3333.016476     2.448017 18.403421      594.358598    10.793647 15.680482     4236.091746    10.819462 1.199792         NaN       NaN 0.000797 0.019717 0.002773 0.002885    G+U 14.928726 0.003436 14.513441 0.002836 13.982991           0.002932 13.419446           0.002275 13.146202 0.001897  0.415285 0.004455  0.530450           0.004079  0.563545           0.003711           0.273244           0.002962 10.577365 12.100512  9.377573 0.030035 0.035920 0.030152 0.366313  0.001905  0.295109   0.001912 0.296256  0.024599
130.191857 16.818702 5.344026 0.177594 -35.851464 0.180782 -10.435945 0.120988 18.230936      960.664992     1.535071 20.136955      120.402276     7.723888 16.918541     1354.383540    12.614204 1.312395         NaN       NaN 0.001735 0.069651 0.010112 0.010260    G+U 16.082642 0.006550 15.517551 0.005129 14.917808           0.004879 14.358600           0.004220 14.062977 0.003307  0.565090 0.008319  0.599744           0.007079  0.559208           0.006451           0.295623           0.005362 11.870279 13.776298 10.557884 0.072184 0.100293 0.072868 0.237796  0.003504  0.180244   0.003143 0.169401  0.026662
130.324002 17.055683 5.584207 0.110835 -36.277888 0.119017 -12.190870 0.083390 17.285534     2294.739218     2.456959 19.110542      309.884671     8.034789 15.989344     3187.284652     8.212810 1.296190         NaN       NaN 0.001162 0.028151 0.002798 0.003030    G+U 15.183430 0.004184 14.649291 0.003172 14.055699           0.003073 13.508995           0.002479 13.246363 0.001892  0.534139 0.005251  0.593592           0.004416  0.546704           0.003948           0.262632           0.003119 11.020341 12.845349  9.724151 0.043115 0.051479 0.043190 0.312763  0.002668  0.245652   0.002390 0.225715  0.025128
129.629099 16.790206 5.527215 0.016120 -36.417255 0.017474 -10.895318 0.013012 11.608404   428139.332816   223.685130 12.004003   215682.906007   287.207060 11.051194   301079.146568   330.323500 0.557210   35.067970  0.578311 0.000567 0.001446 0.001191 0.001319    G+U 11.097890 0.000595 11.209611 0.000614 10.790490           0.000635 10.985065           0.000640 10.131513 0.000372 -0.111721 0.000855  0.419121           0.000883 -0.194574           0.000902           0.853552           0.000741  5.320936  5.716535  4.763726 0.006358 0.006496 0.006444 0.950273  0.000692  0.925998   0.000755 0.910465  0.002679
129.383184 16.959896 5.452406 0.078030 -35.828561 0.074130 -10.599041 0.054038 16.907873     3249.359038     3.212241 18.497784      544.882795    11.887446 15.675916     4253.946183    18.316526 1.231957         NaN       NaN 0.001073 0.023687 0.004675 0.004797    G+U 14.978461 0.003709 14.522042 0.003033 13.905217           0.002878 13.355545           0.002234 13.087796 0.001737  0.456419 0.004791  0.616825           0.004181  0.549672           0.003643           0.267749           0.002830 10.590814 12.180725  9.358857 0.031095 0.039074 0.031426 0.364035  0.002019  0.293455   0.001992 0.286460  0.027277
129.532036 17.050620 5.297077 0.017852 -35.098109 0.018536 -10.598694 0.012516  9.672174  2547282.495731   473.050100  9.888561  1513534.682284   722.264950  9.305388  1503151.337277   425.203340 0.366786   35.383797  0.489588 0.000202 0.000518 0.000307 0.000367      G       NaN      NaN       NaN      NaN       NaN                NaN       NaN                NaN       NaN      NaN       NaN      NaN       NaN                NaN       NaN                NaN                NaN                NaN  3.292355  3.508742  2.925569 0.007321 0.007337 0.007325 1.368629  0.001120  1.344892   0.001795 1.327850  0.002890
129.985769 17.175963 5.962471 0.384038 -37.596176 0.371367 -11.327109 0.273015 19.436500      316.480165     0.962948 21.505865       34.124840     5.642618 18.055685      475.208802     9.507330 1.380815         NaN       NaN 0.003304 0.179529 0.021722 0.021972    G+U 17.095558 0.012079 16.445967 0.008563 15.753773           0.007749 15.227499           0.007481 14.801702 0.005897  0.649591 0.014806  0.692194           0.011548  0.526274           0.010771           0.425797           0.009526 13.313631 15.382996 11.932816 0.139902 0.227579 0.141540 0.156811  0.003503  0.118730   0.002887 0.117822  0.017098
130.000105 17.368323 5.434851 0.177343 -35.217068 0.176242 -11.771326 0.125237 18.186707     1000.608537     1.518605 20.073046      127.702292     8.156391 16.882845     1399.652262     8.420415 1.303862         NaN       NaN 0.001648 0.069346 0.006532 0.006737    G+U 16.056013 0.006654 15.545043 0.005112 14.910829           0.004697 14.353247           0.004039 14.044243 0.003164  0.510970 0.008391  0.634214           0.006943  0.557582           0.006195           0.309004           0.005131 11.862645 13.748984 10.558783 0.070876 0.099144 0.071157 0.238548  0.003447  0.181023   0.003065 0.171055  0.026755
130.959898 17.418806 5.601910 0.193488 -37.904208 0.195425 -10.771599 0.137391 18.102652     1081.150196     1.550284 20.114824      122.881662     7.397516 16.797316     1514.369697    10.508386 1.305336         NaN       NaN 0.001557 0.065362 0.007534 0.007693    G+U 15.933398 0.006285 15.436666 0.004757 14.814126           0.004570 14.286483           0.003838 14.007194 0.003121  0.496732 0.007883  0.622541           0.006597  0.527643           0.005968           0.279289           0.004947 11.844333 13.856505 10.538997 0.075018 0.099486 0.075379 0.237251  0.003572  0.179462   0.003078 0.166195  0.025885
130.616785 17.246750 5.383604 0.087668 -36.587221 0.090675 -11.200272 0.062729 16.827639     3498.573284     2.592538 18.377802      608.550025     9.570609 15.622185     4469.760931     9.283095 1.205454         NaN       NaN 0.000805 0.017075 0.002255 0.002394    G+U 14.820949 0.003435 14.427361 0.002877 13.905653           0.002886 13.348537           0.002252 13.087628 0.001705  0.393588 0.004481  0.521708           0.004075  0.557116           0.003660           0.260909           0.002825 10.483005 12.033168  9.277551 0.035370 0.039268 0.035433 0.375169  0.002156  0.302838   0.002096 0.303072  0.023628
130.955037 17.659242 5.702492 0.344437 -36.017073 0.346341 -11.231348 0.275814 18.878973      528.880485     1.020475 21.026949       53.044150     5.697470 17.480452      807.193285     9.396305 1.398521         NaN       NaN 0.002095 0.116619 0.012639 0.012811    G+U 16.579641 0.007931 15.950220 0.006572 15.232771           0.006446 14.693839           0.004958 14.296624 0.003674  0.629421 0.010299  0.717449           0.009206  0.538932           0.008132           0.397215           0.006170 12.659296 14.807272 11.260775 0.131176 0.175507 0.131767 0.185897  0.004251  0.139107   0.002889 0.129210  0.020535
130.965589 17.655542 5.319061 0.083408 -36.332321 0.085627 -11.276168 0.067358 16.897360     3280.976855     2.393811 18.429333      580.342117     7.076474 15.684624     4219.963506     8.741641 1.212736         NaN       NaN 0.000792 0.013239 0.002249 0.002385    G+U 14.958274 0.003292 14.530781 0.002980 13.988155           0.003075 13.413716           0.002265 13.154322 0.001715  0.427493 0.004441  0.542625           0.004282  0.574439           0.003819           0.259395           0.002841 10.526535 12.058508  9.313799 0.034060 0.036534 0.034125 0.371534  0.002053  0.298852   0.002058 0.299558  0.020637
130.311978 17.460108 5.713345 0.130511 -35.480544 0.139614 -11.166676 0.100702 17.972900     1218.390151     1.419720 19.828220      160.003157     8.517797 16.690496     1670.936326     8.051495 1.282404         NaN       NaN 0.001265 0.057799 0.005232 0.005382    G+U 15.893263 0.006070 15.419388 0.004952 14.791660           0.004488 14.230438           0.003829 13.935962 0.002944  0.473875 0.007833  0.627727           0.006683  0.561222           0.005899           0.294476           0.004830 11.757352 13.612672 10.474948 0.049619 0.076166 0.049878 0.246486  0.002250  0.189054   0.002383 0.178872  0.025599
130.707955 17.641304 5.181435 0.322850 -35.926731 0.306163 -10.886950 0.232816 19.212050      389.158910     0.881985 20.907608       59.207067     7.151428 17.858671      569.757366     7.662540 1.353378         NaN       NaN 0.002461 0.131143 0.014602 0.014808    G+U 17.034010 0.011074 16.335453 0.008476 15.703726           0.009335 15.160148           0.007939 14.778762 0.005535  0.698557 0.013945  0.631727           0.012609  0.543578           0.012255           0.381386           0.009678 12.784300 14.479858 11.430921 0.135325 0.188428 0.136088 0.185063  0.004391  0.138749   0.003015 0.138890  0.023148
130.273854 17.541039 5.408625 0.061963 -37.050090 0.066897 -11.189587 0.051638 15.786638     9126.230114     8.760915 17.157930     1871.735722    12.649870 14.627648    11171.170881    24.158194 1.158990         NaN       NaN 0.001042 0.007338 0.002348 0.002569    G+U 13.910938 0.002243 13.560468 0.001871 13.007010           0.001799 12.405990           0.001331 12.171360 0.001002  0.350471 0.002921  0.553457           0.002596  0.601021           0.002238           0.234630           0.001666  9.452072 10.823364  8.293082 0.024899 0.025937 0.024988 0.486674  0.001582  0.409430   0.002896 0.433981  0.015048
130.288444 17.571322 5.595480 0.140330 -36.915611 0.149093 -12.295115 0.106822 17.958540     1234.612529     1.471270 19.814846      161.986424     9.357303 16.667643     1706.480039     9.297395 1.290897         NaN       NaN 0.001294 0.062719 0.005915 0.006055    G+U 15.882627 0.005548 15.338913 0.004526 14.738960           0.004786 14.189577           0.003759 13.870140 0.002820  0.543714 0.007160  0.599953           0.006587  0.549383           0.006086           0.319437           0.004699 11.697727 13.554033 10.406830 0.054474 0.083063 0.054779 0.250907  0.002466  0.193441   0.002559 0.181573  0.027402
130.410204 17.639973 5.362840 0.024469 -36.074939 0.025484 -11.418093 0.017894 14.507648    29640.631989     9.807676 15.479958     8778.775138    17.933786 13.531448    30660.480536    35.366306 0.976200   33.255290  2.031211 0.000359 0.002218 0.001252 0.001303    G+U 12.975826 0.001321 12.705881 0.001228 12.264079           0.001319 11.698502           0.000923 11.434940 0.000678  0.269945 0.001803  0.441802           0.001802  0.565577           0.001610           0.263561           0.001145  8.154622  9.126932  7.178422 0.009914 0.010153 0.009986 0.614988  0.000504  0.576247   0.000646 0.608473  0.005159
130.358803 17.803473 5.505120 0.059280 -37.150108 0.059348 -11.782046 0.045323 16.536423     4574.860958     3.840830 18.111086      778.004810     6.771905 15.319940     5904.491311    15.228650 1.216483         NaN       NaN 0.000912 0.009450 0.002800 0.002945    G+U 14.595383 0.002897 14.164024 0.002467 13.569136           0.002510 12.976458           0.001849 12.757359 0.001380  0.431358 0.003805  0.594889           0.003519  0.592678           0.003118           0.219098           0.002307 10.240257 11.814920  9.023774 0.023401 0.025220 0.023550 0.399304  0.001440  0.327280   0.002085 0.325344  0.018392
131.049678 17.902134 5.316502 0.019198 -35.775660 0.019565 -11.399314 0.014075  9.819591  2223875.072383   355.132080 10.052826  1301028.134550   297.588470  9.432242  1337399.600272   238.862670 0.387348   34.179264  0.336084 0.000173 0.000248 0.000194 0.000260      G       NaN      NaN       NaN      NaN       NaN                NaN       NaN                NaN       NaN      NaN       NaN      NaN       NaN                NaN       NaN                NaN                NaN                NaN  3.447721  3.680956  3.060372 0.007843 0.007845 0.007844 1.329485  0.001087  1.303607   0.001489 1.284924  0.002556
130.572937 17.987456 5.377242 0.085593 -36.197525 0.081336 -11.592041 0.067110 16.643272     4146.079937     3.432877 18.252228      683.164988     7.957964 15.425571     5357.099178    12.067905 1.217701         NaN       NaN 0.000899 0.012647 0.002446 0.002606    G+U 14.649857 0.002972 14.191993 0.002498 13.656645           0.002618 13.066794           0.001946 12.795156 0.001412  0.457864 0.003882  0.535348           0.003619  0.589850           0.003262           0.271638           0.002404 10.296070 11.905026  9.078369 0.034577 0.036806 0.034651 0.392253  0.002087  0.318120   0.002335 0.316207  0.021430
130.947159 18.049977 5.144355 0.161562 -36.397611 0.177493 -11.471153 0.130729 17.322754     2217.404851     4.183156 19.065370      323.049149     8.103582 15.968359     3249.485636    10.431327 1.354395         NaN       NaN 0.002048 0.027235 0.003485 0.004043    G+U 15.126290 0.003575 14.655912 0.003232 14.066056           0.003269 13.500722           0.002473 13.137811 0.001801  0.470378 0.004819  0.589856           0.004596  0.565334           0.004099           0.362911           0.003059 10.879409 12.622025  9.525014 0.068227 0.073434 0.068285 0.330819  0.004309  0.260559   0.003791 0.238334  0.026843
128.880248 16.736663 5.558855 0.518110 -34.258792 0.576119 -10.090198 0.455854 19.842077      217.829064     0.963961 21.487741       34.699286     4.641849 18.418768      340.135052     9.158828 1.423309         NaN       NaN 0.004805 0.145243 0.029236 0.029628    G+U 17.583155 0.016285 16.883000 0.012027 16.186144           0.010902 15.652934           0.011295 15.272594 0.008669  0.700155 0.020245  0.696856           0.016232  0.533210           0.015698           0.380340           0.014238 13.567004 15.212668 12.143695 0.202448 0.249114 0.204492 0.154644  0.004386  0.115650   0.003749 0.119558  0.014418
128.930790 16.755924 5.632118 0.085773 -35.909912 0.092337 -11.429022 0.067762 17.108852     2700.262506     3.195083 18.835228      399.324224     7.806908 15.851655     3618.228699    13.999012 1.257197         NaN       NaN 0.001285 0.021226 0.004201 0.004393    G+U 15.069302 0.003767 14.580313 0.003079 14.007481           0.002999 13.446875           0.002376 13.139435 0.001820  0.488989 0.004865  0.572832           0.004299  0.560606           0.003827           0.307440           0.002993 10.862211 12.588587  9.605014 0.033095 0.039296 0.033336 0.330665  0.002190  0.261566   0.002003 0.248238  0.023690
128.517868 16.973510 5.267181 0.105593 -33.546364 0.113771 -11.468557 0.073113 17.415432     2035.981785     2.234469 19.167920      293.933377    10.853916 16.166037     2708.592091    10.920675 1.249395         NaN       NaN 0.001192 0.040092 0.004378 0.004537    G+U 15.394272 0.004560 14.888737 0.003713 14.320997           0.003658 13.756926           0.002895 13.451271 0.002212  0.505535 0.005880  0.567739           0.005213  0.564072           0.004665           0.305655           0.003643 11.023323 12.775811  9.773928 0.043549 0.059182 0.043752 0.313867  0.002835  0.248073   0.002509 0.233724  0.030195
128.279957 17.104376 5.189139 0.267612 -33.379832 0.260002 -10.863745 0.162278 18.590147      690.062162     1.455719 20.665298       74.011269     7.678630 17.315176      939.913456    21.121400 1.274971         NaN       NaN 0.002290 0.112645 0.024398 0.024506    G+U 16.488020 0.007805 15.945583 0.006635 15.311899           0.006406 14.750342           0.005608 14.416141 0.004481  0.542437 0.010244  0.633684           0.009223  0.561557           0.008514           0.334202           0.007179 12.165623 14.240774 10.890652 0.112010 0.158839 0.114613 0.213014  0.004691  0.159716   0.003716 0.150945  0.028813
128.705272 17.429983 5.514410 0.054142 -35.957082 0.054803 -12.528557 0.039257 15.969021     7715.047044     6.265762 17.416538     1475.032578    16.693686 14.786370     9651.841456    22.358282 1.182651         NaN       NaN 0.000882 0.012288 0.002515 0.002665    G+U 14.001726 0.002262 13.626785 0.001922 13.078114           0.001916 12.513288           0.001406 12.283400 0.001103  0.374941 0.002969  0.548671           0.002714  0.564826           0.002377           0.229889           0.001787  9.676516 11.124033  8.493865 0.021339 0.024608 0.021468 0.461857  0.001301  0.387976   0.003353 0.400717  0.020106
128.245949 17.306457 5.437505 0.048646 -35.128084 0.047815 -12.486922 0.034838 15.881801     8360.390953     5.990603 17.390675     1510.591119    12.753200 14.685123    10595.205682    20.621906 1.196678         NaN       NaN 0.000778 0.009166 0.002113 0.002252    G+U 13.895098 0.002115 13.512471 0.001892 12.967295           0.001808 12.418987           0.001326 12.119851 0.001012  0.382627 0.002838  0.545176           0.002617  0.548307           0.002242           0.299136           0.001668  9.558799 11.067673  8.362121 0.019442 0.021481 0.019541 0.471814  0.001196  0.395370   0.002240 0.406702  0.017916
127.893387 17.306473 5.550475 0.213105 -34.187368 0.208560 -11.592700 0.146780 18.432817      797.664182     1.454259 19.942862      143.970145    22.819784 17.138163     1106.351586    11.941779 1.294655         NaN       NaN 0.001979 0.172093 0.011719 0.011885    G+U 16.281603 0.007074 15.769381 0.006342 15.170917           0.005977 14.610199           0.005278 14.288432 0.004253  0.512222 0.009500  0.598463           0.008715  0.560719           0.007974           0.321767           0.006779 12.154468 13.664513 10.859814 0.083395 0.191225 0.084191 0.219878  0.004124  0.167942   0.003465 0.173674  0.037673
127.660875 17.472018 5.529672 0.034323 -35.398685 0.033507 -12.051949 0.025444 15.140816    16543.233705     7.950399 16.313362     4074.481883     9.675441 14.068756    18691.999814    23.142439 1.072060   40.658363  5.076308 0.000522 0.002578 0.001344 0.001442      G       NaN      NaN       NaN      NaN       NaN                NaN       NaN                NaN       NaN      NaN       NaN      NaN       NaN                NaN       NaN                NaN                NaN                NaN  8.854313 10.026859  7.782253 0.013489 0.013723 0.013545 0.548359  0.000743  0.493460   0.004449 0.521236  0.007486
129.454472 17.254958 5.442651 0.022568 -35.774667 0.022622 -11.270213 0.016664 14.494722    29995.628409    12.238658 15.481445     8766.750163    22.291553 13.508583    31313.032777    41.478825 0.986139   37.381886  3.356552 0.000443 0.002761 0.001438 0.001505    G+U 12.939891 0.001368 12.682364 0.001247 12.204613           0.001249 11.611266           0.000894 11.379544 0.000690  0.257526 0.001851  0.477752           0.001765  0.593347           0.001536           0.231722           0.001129  8.173775  9.160498  7.187636 0.009015 0.009418 0.009118 0.613084  0.000483  0.574450   0.000586 0.605311  0.005828
129.518699 17.256459 5.109887 0.257322 -33.385198 0.265709 -11.288863 0.222737 18.931667      503.824928     1.269776 20.834541       63.328704     5.733446 17.625498      706.250818    10.622564 1.306169         NaN       NaN 0.002736 0.098297 0.016330 0.016558    G+U 16.756123 0.010028 16.190733 0.007918 15.557866           0.007467 15.005725           0.006970 14.721783 0.005849  0.565390 0.012777  0.632867           0.010883  0.552141           0.010214           0.283942           0.009098 12.473723 14.376597 11.167554 0.109384 0.147037 0.110563 0.197837  0.003920  0.147550   0.002940 0.144385  0.023269
129.529451 17.310529 5.523639 0.029763 -36.952789 0.031173 -11.591065 0.024517 15.086274    17395.510109     8.035172 16.221085     4435.914592    15.231453 14.025758    19447.115758    28.537500 1.060516   36.811020  4.704147 0.000502 0.003728 0.001593 0.001670    G+U 13.359613 0.001706 13.075646 0.001482 12.617671           0.001501 12.027326           0.001077 11.856274 0.000873  0.283967 0.002260  0.457975           0.002110  0.590345           0.001848           0.171052           0.001386  8.797400  9.932211  7.736884 0.011711 0.012280 0.011808 0.555271  0.000756  0.493466   0.004445 0.530785  0.008621
129.307510 17.513484 5.311280 0.016148 -35.350548 0.016849 -11.796715 0.011248 13.257988    93702.564189    42.107346 13.917647    37013.310718    91.875626 12.463806    81966.400079   131.535140 0.794182   34.815235  1.423586 0.000488 0.002695 0.001742 0.001809    G+U 12.033154 0.000905 11.880997 0.000848 11.507301           0.000887 11.124270           0.000691 10.780342 0.000506  0.152157 0.001240  0.373695           0.001227  0.383031           0.001124           0.343928           0.000856  6.883984  7.543643  6.089802 0.006620 0.007131 0.006828 0.739352  0.000407  0.716694   0.000477 0.741620  0.003954
129.308283 17.513563 5.298590 0.029270 -34.477621 0.030531 -11.439509 0.020096 14.335271    34740.700222    16.184658 15.209330    11263.804336    53.098892 13.355825    36043.573343   105.747696 0.979445   37.166035  3.924750 0.000506 0.005118 0.003185 0.003225    G+U 12.798965 0.001291 12.580694 0.001175 12.149660           0.001198 11.575258           0.000859 11.315647 0.000659  0.218270 0.001746  0.431034           0.001678  0.574402           0.001474           0.259611           0.001083  7.956073  8.830132  6.976627 0.012006 0.013042 0.012411 0.635853  0.000666  0.601643   0.001150 0.631350  0.007215
129.819180 17.462874 5.383173 0.019127 -36.125834 0.019206 -11.663227 0.014815 11.496429   474651.754190   235.166840 11.871488   243681.128122   372.174650 10.960934   327178.544499   367.819240 0.535496   34.192078  0.678373 0.000538 0.001658 0.001221 0.001334      G       NaN      NaN       NaN      NaN       NaN                NaN       NaN                NaN       NaN      NaN       NaN      NaN       NaN                NaN       NaN                NaN                NaN                NaN  5.151621  5.526680  4.616126 0.007734 0.007892 0.007812 0.979576  0.000741  0.954700   0.000739 0.932701  0.003025
129.636791 17.393873 5.559425 0.134732 -36.241511 0.132431 -11.143652 0.101395 17.912004     1288.679648     1.683354 19.702938      179.573106    13.007885 16.640327     1749.957543    10.844465 1.271677         NaN       NaN 0.001418 0.078648 0.006728 0.006876    G+U 15.859378 0.005565 15.390693 0.004881 14.816106           0.004691 14.254067           0.004027 13.904799 0.003018  0.468685 0.007403  0.574587           0.006770  0.562038           0.006182           0.349269           0.005032 11.637153 13.428087 10.365476 0.052644 0.094631 0.053054 0.256098  0.002885  0.199554   0.002624 0.189177  0.031719
129.662921 17.496779 4.972567 0.138812 -35.059383 0.143647 -11.273380 0.114422 18.098978     1084.814389     1.981554 20.071142      127.926341     6.092803 16.821894     1480.472862     9.112696 1.277084         NaN       NaN 0.001983 0.051711 0.006683 0.006971    G+U 15.976367 0.005972 15.485442 0.005177 14.878941           0.004885 14.334453           0.004274 14.000318 0.003241  0.490925 0.007904  0.606502           0.007118  0.544488           0.006491           0.334135           0.005364 11.581881 13.554045 10.304797 0.060650 0.079678 0.060985 0.256452  0.003055  0.197518   0.002731 0.182716  0.026044
129.667771 17.580516 5.102308 0.146997 -34.015611 0.146534 -10.729731 0.113695 16.904790     3258.596882     5.486668 18.395428      598.750070    17.624268 15.659478     4318.839034    17.169504 1.245313         NaN       NaN 0.001828 0.031959 0.004316 0.004688    G+U 14.947285 0.003506 14.465824 0.003015 13.882340           0.003122 13.308664           0.002187 12.981104 0.001637  0.481461 0.004624  0.583484           0.004340  0.573676           0.003812           0.327560           0.002732 10.443623 11.934261  9.198311 0.062586 0.070250 0.062708 0.382557  0.003829  0.310319   0.003369 0.308872  0.032579
129.757520 17.855730 5.607687 0.038719 -36.918151 0.038474 -11.979168 0.026796 15.059099    17836.389572    10.470633 16.213165     4468.388456    14.046217 13.993052    20041.825235    29.183714 1.066047   22.897688  7.541618 0.000637 0.003413 0.001581 0.001705    G+U 13.363291 0.001598 13.052453 0.001424 12.562543           0.001510 11.984964           0.001066 11.729119 0.000782  0.310838 0.002141  0.489910           0.002076  0.577579           0.001848           0.255845           0.001322  8.803018  9.957084  7.736971 0.015007 0.015377 0.015076 0.554040  0.000937  0.493466   0.004445 0.528363  0.008434
128.820877 17.606700 5.373868 0.106830 -33.125517 0.107602 -12.245046 0.073982 17.197693     2488.108043     2.614043 18.978659      349.907536     7.834043 15.918767     3401.350618    11.558738 1.278926         NaN       NaN 0.001141 0.024308 0.003690 0.003862    G+U 15.124457 0.003864 14.587058 0.002992 13.999826           0.002936 13.433186           0.002373 13.136645 0.001920  0.537399 0.004887  0.587233           0.004191  0.566640           0.003775           0.296540           0.003053 10.849128 12.630094  9.570202 0.043183 0.049542 0.043325 0.330700  0.002822  0.261215   0.002530 0.243571  0.025484
129.405399 17.640026 4.905075 0.539084 -32.634609 0.572979 -12.263870 0.430285 19.696167      249.161124     1.103005 21.318170       40.564736     7.691694 18.276175      387.871960     8.244633 1.419992         NaN       NaN 0.004806 0.205872 0.023078 0.023574    G+U 17.365560 0.014000 16.656399 0.010760 15.928109           0.011003 15.322207           0.008290 14.934533 0.006080  0.709162 0.017657  0.728290           0.015390  0.605902           0.013777           0.387674           0.010281 13.149395 14.771398 11.729403 0.238700 0.315179 0.239765 0.170624  0.006637  0.128349   0.004804 0.128831  0.023589
129.344963 17.687519 5.269124 0.089521 -35.034998 0.090641 -11.526956 0.057799 16.976349     3050.754506     3.066345 18.682856      459.488745     9.213914 15.729656     4048.513647    11.281768 1.246693         NaN       NaN 0.001091 0.021772 0.003026 0.003216    G+U 14.955206 0.003438 14.490970 0.002987 13.923232           0.003081 13.347481           0.002167 13.027594 0.001611  0.464236 0.004554  0.567738           0.004291  0.575751           0.003767           0.319887           0.002700 10.585041 12.291548  9.338348 0.036909 0.042838 0.037017 0.360931  0.002337  0.289528   0.002295 0.275839  0.026658
129.245917 17.701723 5.424116 0.303488 -35.962927 0.303649 -12.178950 0.193726 18.803436      566.986101     1.496442 21.027563       53.014152     5.250554 17.465557      818.343083     8.777708 1.337879         NaN       NaN 0.002866 0.107532 0.011646 0.011993    G+U 16.618965 0.008676 16.044266 0.007243 15.382504           0.007576 14.864650           0.005917 14.472620 0.004269  0.574699 0.011302  0.661762           0.010481  0.517854           0.009613           0.392030           0.007296 12.475081 14.699208 11.137202 0.121531 0.162249 0.122054 0.193265  0.004086  0.144307   0.002948 0.133680  0.022150
129.529660 17.782390 5.443967 0.051020 -36.295458 0.053150 -11.582461 0.036959 15.729401     9620.253869     9.111653 17.130869     1918.974373    17.904287 14.559648    11893.210581    28.392582 1.169753         NaN       NaN 0.001028 0.010130 0.002592 0.002789    G+U 13.821576 0.001959 13.416024 0.001716 12.915381           0.001842 12.276915           0.001231 12.018549 0.000924  0.405552 0.002604  0.500643           0.002517  0.638467           0.002215           0.258366           0.001539  9.408978 10.810446  8.239225 0.020377 0.022733 0.020515 0.490985  0.001304  0.419020   0.003626 0.435072  0.017822
129.666286 17.905817 5.123006 0.163862 -34.025053 0.168579 -11.666556 0.109315 17.879293     1328.095448     1.925306 19.609613      195.691468    15.770662 16.606573     1805.214901    13.278356 1.272720         NaN       NaN 0.001574 0.087499 0.007986 0.008140    G+U 15.832458 0.005418 15.330694 0.004519 14.734462           0.004856 14.184361           0.003797 13.881329 0.002817  0.501763 0.007055  0.596232           0.006633  0.550100           0.006164           0.303033           0.004728 11.426917 13.157237 10.154197 0.069474 0.111715 0.069913 0.277339  0.004649  0.215979   0.003809 0.205072  0.037154
129.667648 17.933170 5.207701 0.310529 -35.296939 0.328254 -12.414224 0.205100 18.852490      541.940100     1.402068 20.808065       64.891953     7.355779 17.530722      770.671763    11.486442 1.321768         NaN       NaN 0.002809 0.123073 0.016182 0.016424    G+U 16.672117 0.008768 16.064102 0.006979 15.401518           0.007465 14.859397           0.006121 14.496158 0.004407  0.608015 0.011206  0.662584           0.010219  0.542121           0.009654           0.363239           0.007543 12.435720 14.391295 11.113952 0.129513 0.178641 0.130490 0.199475  0.004724  0.148961   0.003624 0.143480  0.026326
129.049973 17.879601 5.275590 0.114810 -34.490856 0.111509 -11.469249 0.074701 17.579077     1751.121914     2.804983 19.402641      236.788180     9.625751 16.306097     2380.781537    14.446669 1.272980         NaN       NaN 0.001739 0.044137 0.006588 0.006814    G+U 15.511544 0.004504 15.041438 0.003865 14.440380           0.004165 13.884387           0.003036 13.512517 0.002154  0.470106 0.005935  0.601058           0.005682  0.555993           0.005154           0.371870           0.003723 11.190432 13.013996  9.917452 0.047289 0.064662 0.047714 0.297552  0.002522  0.232339   0.002616 0.215159  0.029066
129.115732 17.914814 5.367547 0.118466 -36.819693 0.121586 -12.582304 0.089047 10.669932  1016187.434951   470.238370 10.970550   558723.714284   897.875500 10.204906   656440.821665   711.313900 0.465026   35.118633  0.748135 0.000502 0.001745 0.001176 0.001279      G       NaN      NaN       NaN      NaN       NaN                NaN       NaN                NaN       NaN      NaN       NaN      NaN       NaN                NaN       NaN                NaN                NaN                NaN  4.318811  4.619429  3.853785 0.047929 0.047958 0.047941 1.134622  0.005544  1.110082   0.005492 1.073216  0.010243
129.330012 18.148204 5.346381 0.023892 -35.640614 0.024836 -12.258861 0.015557 13.913380    51238.305622    16.102620 14.734272    17446.492258    25.493801 13.025857    48844.473643    40.813800 0.887523   34.650420  2.599576 0.000341 0.001587 0.000907 0.000969    G+U 12.510942 0.001068 12.302284 0.001043 11.866181           0.001101 11.497797           0.000823 11.160745 0.000608  0.208658 0.001493  0.436103           0.001517  0.368384           0.001375           0.337052           0.001023  7.553680  8.374572  6.666157 0.009710 0.009833 0.009746 0.671935  0.000497  0.642493   0.000827 0.673370  0.003646
130.257208 17.814269 5.102149 0.114748 -35.149335 0.114136 -11.404158 0.088979 17.527008     1837.146768     1.712771 19.262340      269.451350     6.534851 16.279620     2439.554134     9.932144 1.247389         NaN       NaN 0.001012 0.026332 0.004420 0.004535    G+U 15.500733 0.004398 15.002345 0.003860 14.403254           0.003917 13.839220           0.003041 13.501140 0.002234  0.498388 0.005852  0.599092           0.005499  0.564033           0.004959           0.338080           0.003773 11.065774 12.801106  9.818386 0.048847 0.055483 0.049037 0.309011  0.002790  0.241788   0.002661 0.231752  0.024142
130.150899 17.950077 5.271399 0.058429 -35.919128 0.064189 -11.460533 0.042482 16.381422     5276.884282     4.689187 17.933561      916.204235    13.581551 15.163096     6822.122534    16.027170 1.218326         NaN       NaN 0.000965 0.016095 0.002551 0.002727    G+U 14.338669 0.002454 13.912086 0.002205 13.394817           0.002266 12.785661           0.001633 12.505047 0.001223  0.426583 0.003300  0.517268           0.003162  0.609157           0.002793           0.280614           0.002040  9.991051 11.543190  8.772725 0.024088 0.028954 0.024204 0.427354  0.001566  0.355111   0.000850 0.353964  0.024072
130.218571 18.016978 6.044129 0.253207 -36.239806 0.285171 -11.875757 0.184938 18.786896      575.689788     1.405339 20.605450       78.205493     7.016730 17.472603      813.050326     9.932813 1.314293         NaN       NaN 0.002650 0.097414 0.013264 0.013526    G+U 16.613369 0.008443 16.060312 0.007158 15.447759           0.007859 14.891108           0.006506 14.481312 0.004673  0.553057 0.011069  0.612554           0.010630  0.556651           0.010202           0.409796           0.008010 12.693565 14.512119 11.379272 0.091008 0.133285 0.091931 0.186912  0.003064  0.140246   0.002096 0.139349  0.020509
129.904148 17.788814 5.371861 0.030682 -35.576386 0.033469 -10.438495 0.022533 14.734729    24046.691756     9.929488 15.768661     6729.032118    16.377369 13.725764    25636.128366    31.238207 1.008965   31.736969  4.350884 0.000448 0.002643 0.001323 0.001397    G+U 13.150650 0.001443 12.851605 0.001301 12.413256           0.001399 11.826797           0.000992 11.567656 0.000729  0.299045 0.001943  0.438350           0.001910  0.586458           0.001715           0.259142           0.001231  8.385353  9.419285  7.376388 0.012411 0.012681 0.012473 0.598433  0.000316  0.550002   0.000791 0.581641  0.006210
129.877548 17.980846 5.529469 0.114622 -36.411957 0.114166 -11.801286 0.073227 17.454725     1963.616610     2.058979 19.161097      295.786622    10.548444 16.208280     2605.230669    15.134639 1.246445         NaN       NaN 0.001138 0.038720 0.006307 0.006409    G+U 15.391732 0.004328 14.959521 0.003706 14.378771           0.003897       NaN -1000000000.000000 13.491781 0.002158  0.432211 0.005698  0.580750           0.005378       NaN -1000000000.000000 -1000000000.000000 -1000000000.000000 11.168142 12.874514  9.921697 0.045028 0.059375 0.045453 0.301166  0.002377  0.235587   0.002475 0.226001  0.027805
130.040810 18.097171 5.507880 0.017025 -36.431859 0.018228 -12.870232 0.011849 13.043964   114119.802668    29.202251 13.676527    46217.468576    70.214200 12.283880    96739.979157    82.368230 0.760084   36.292190  1.330610 0.000278 0.001649 0.000924 0.000965    G+U 11.856791 0.000772 11.694771 0.000765 11.343595           0.000843 11.220118           0.000729 10.877810 0.000511  0.162021 0.001087  0.351176           0.001138  0.123476           0.001114           0.342309           0.000890  6.748886  7.381449  5.988802 0.006718 0.006912 0.006776 0.753034  0.000404  0.732447   0.000562 0.755643  0.002993
130.092185 18.123484 5.427516 0.030259 -35.123139 0.029494 -11.675427 0.020206 14.666425    25608.076352    10.726824 15.682675     7283.611187    22.802591 13.669119    27009.132488    35.681107 0.997306   34.223450  3.894518 0.000455 0.003399 0.001434 0.001505    G+U 13.034263 0.001334 12.792351 0.001279 12.346196           0.001365 11.789327           0.000965 11.530854 0.000710  0.241912 0.001848  0.446155           0.001871  0.556870           0.001672           0.258472           0.001198  8.339430  9.355680  7.342124 0.012115 0.012574 0.012191 0.599846  0.000099  0.555582   0.000930 0.587765  0.006830
130.467672 18.051855 5.523545 0.022888 -36.540169 0.023527 -12.405302 0.019665 14.333665    34792.114664     7.685586 15.272211    10629.983101    12.707552 13.376785    35354.442572    31.396229 0.956880   33.589370  1.933303 0.000240 0.001298 0.000964 0.000994    G+U 12.833813 0.001203 12.607144 0.001166 12.143480           0.001224 11.567289           0.000863 11.310371 0.000641  0.226668 0.001675  0.463664           0.001690  0.576191           0.001497           0.256918           0.001075  8.044754  8.983300  7.087874 0.009001 0.009091 0.009050 0.625361  0.000467  0.589010   0.000605 0.621263  0.003799
130.260843 18.168490 4.970339 0.182709 -36.987480 0.180404 -11.178678 0.121575 18.071074     1113.056478     1.644824 19.868567      154.166659    10.270175 16.789824     1524.856397     9.500394 1.281250         NaN       NaN 0.001604 0.072329 0.006765 0.006952    G+U 15.890244 0.005571 15.430105 0.004905 14.814013           0.005180 14.293714           0.004226 13.887826 0.003009  0.460139 0.007423  0.616092           0.007134  0.520300           0.006685           0.405888           0.005188 11.553004 13.350497 10.271754 0.079839 0.107718 0.080109 0.263515  0.004603  0.203523   0.003749 0.193188  0.031766
130.350579 18.234042 5.423180 0.030815 -36.358071 0.029885 -12.383160 0.020919 14.855866    21508.020433    32.749535 15.970775     5586.076268    41.545876 13.799150    23960.633567    97.986750 1.056716    0.044930  7.243138 0.001653 0.008075 0.004440 0.004738    G+U 13.093765 0.001368 12.786926 0.001247 12.327167           0.001314 11.698090           0.000916 11.450439 0.000683  0.306839 0.001851  0.459759           0.001812  0.629078           0.001602           0.247650           0.001143  8.527136  9.642045  7.470420 0.012449 0.014746 0.013113 0.586749  0.000780  0.532739   0.000756 0.559475  0.011926
130.079942 18.211355 5.704162 0.254524 -35.219306 0.252161 -12.384610 0.169470 18.621230      670.587219     1.352060 20.386349       95.692394     9.602830 17.311995      942.672324    13.290859 1.309235         NaN       NaN 0.002189 0.108955 0.015308 0.015464    G+U 16.466972 0.007648 15.955359 0.006534 15.359611           0.007276 14.788891           0.006009 14.426033 0.004372  0.511613 0.010059  0.595748           0.009780  0.570721           0.009437           0.362858           0.007431 12.402189 14.167308 11.092954 0.096918 0.145806 0.098095 0.203496  0.003791  0.152675   0.003021 0.151724  0.026020
130.232746 18.246114 5.418572 0.083573 -36.772834 0.085560 -13.659152 0.057178 16.754776     3741.418285     2.914824 18.509863      538.854526     9.786374 15.475548     5116.101229    15.487944 1.279228         NaN       NaN 0.000846 0.019719 0.003287 0.003394    G+U 14.631174 0.002802 14.182176 0.002530 13.598171           0.002520 13.036891           0.001909 12.712985 0.001381  0.448998 0.003775  0.584004           0.003571  0.561280           0.003162           0.323906           0.002357 10.424200 12.179287  9.144972 0.033502 0.038865 0.033652 0.376957  0.002077  0.304963   0.001949 0.284424  0.026793
130.293659 18.268587 5.594858 0.041382 -36.902259 0.041299 -12.546276 0.028478 15.520315    11663.280695     7.809937 16.822386     2549.545843    14.205717 14.389117    13915.899805    27.572845 1.131198   16.232792  4.878645 0.000727 0.006050 0.002151 0.002271    G+U 13.623567 0.001718 13.301346 0.001631 12.803472           0.001667 12.206500           0.001205 11.911120 0.000877  0.322221 0.002369  0.497873           0.002332  0.596972           0.002057           0.295380           0.001491  9.259260 10.561331  8.128062 0.016078 0.017163 0.016205 0.507309  0.000833  0.441024   0.003610 0.463151  0.012906
130.426257 18.213287 5.055931 0.231159 -37.427270 0.239070 -11.624434 0.171267 18.588787      690.926128     1.231991 20.561338       81.448247     7.627202 17.286379      965.176086     8.237288 1.302408         NaN       NaN 0.001936 0.101674 0.009266 0.009466    G+U 16.405940 0.007315 15.863576 0.005942 15.257040           0.006309 14.699007           0.005263 14.369647 0.003948  0.542363 0.009424  0.606536           0.008666  0.558033           0.008216           0.329360           0.006580 12.107793 14.080344 10.805385 0.099299 0.142106 0.099712 0.219242  0.004382  0.164818   0.003542 0.156206  0.028524
130.576237 18.392170 4.958299 0.090432 -33.988113 0.094647 -11.343297 0.062652 16.672726     4035.117021     3.267555 18.214842      707.098884     7.728120 15.470710     5138.947606    11.633186 1.202016         NaN       NaN 0.000879 0.011866 0.002458 0.002610    G+U 14.675284 0.002888 14.281881 0.002673 13.752463           0.002729 13.196860           0.002069 13.087447 0.001711  0.393403 0.003935  0.529418           0.003820  0.555603           0.003425           0.109413           0.002685 10.149389 11.691505  8.947373 0.039614 0.041344 0.039681 0.409342  0.002429  0.334232   0.001890 0.339342  0.020681
129.680723 17.937951 5.077621 0.198670 -35.876708 0.208354 -11.055691 0.133146 18.181860     1005.085527     1.630925 19.989555      137.909720    12.320155 16.869930     1416.400014    12.930305 1.311930         NaN       NaN 0.001762 0.096994 0.009912 0.010067    G+U 16.074945 0.006155 15.521303 0.005005 14.925006           0.005427 14.370909           0.004275 14.043693 0.003157  0.553642 0.007933  0.596297           0.007383  0.554097           0.006909           0.327216           0.005315 11.710161 13.517856 10.398231 0.084981 0.128944 0.085539 0.251521  0.004048  0.193864   0.003919 0.182263  0.034228
129.711682 18.014520 5.431003 0.107080 -35.146506 0.094158 -11.100222 0.060696 16.717667     3871.505596     2.932902 18.264341      675.585842     9.344818 15.511004     4951.722784    13.045165 1.206662         NaN       NaN 0.000823 0.015018 0.002860 0.002976    G+U 14.727085 0.003032 14.324692 0.002737 13.803441           0.002856 13.236156           0.002009 13.027390 0.001606  0.402393 0.004085  0.521251           0.003956  0.567286           0.003491           0.208765           0.002572 10.392067 11.938741  9.185404 0.042822 0.045371 0.042909 0.384408  0.002560  0.311409   0.002160 0.312716  0.022699
129.845257 18.075924 5.571152 0.338315 -35.978309 0.301744 -11.422163 0.196995 18.935802      501.909914     1.173990 21.231733       43.926216     7.512366 17.568674      744.198369     8.596267 1.367128         NaN       NaN 0.002540 0.185685 0.012541 0.012796    G+U 16.595560 0.008446 15.995325 0.006887 15.279940           0.006777 14.725989           0.005281 14.433813 0.004147  0.600235 0.010898  0.715385           0.009662  0.553950           0.008592           0.292176           0.006714 12.665527 14.961458 11.298399 0.131890 0.227744 0.132461 0.183659  0.004554  0.138713   0.003148 0.126325  0.025255
129.906146 18.170346 5.352638 0.014111 -35.290725 0.013717 -11.110286 0.010290 12.043598   286752.771430   118.577090 12.489428   137925.928038   198.368850 11.437575   210925.033874   202.843800 0.606023   36.697910  0.596093 0.000449 0.001562 0.001044 0.001137      G       NaN      NaN       NaN      NaN       NaN                NaN       NaN                NaN       NaN      NaN       NaN      NaN       NaN                NaN       NaN                NaN                NaN                NaN  5.686437  6.132267  5.080414 0.005742 0.005934 0.005819 0.891476  0.000519  0.871413   0.000516 0.866873  0.002678
129.795521 18.175935 5.623994 0.017748 -37.281916 0.019290 -11.983903 0.013466 10.117974  1689495.893656   546.861100 10.385915   957306.512544   698.994300  9.692779  1052075.469626   554.505300 0.425196   35.454720  0.293739 0.000351 0.000793 0.000572 0.000672    G+H       NaN      NaN       NaN      NaN       NaN                NaN       NaN                NaN       NaN      NaN       NaN      NaN       NaN                NaN       NaN                NaN                NaN                NaN  3.868198  4.136139  3.443003 0.006862 0.006898 0.006876 1.229411  0.000883  1.205888   0.000811 1.175836  0.003250
129.735261 18.216521 5.249583 0.216776 -36.164003 0.191390 -11.962935 0.127884 18.370014      845.163986     1.965302 20.143501      119.678556     9.510071 17.062023     1186.722531    13.980867 1.307991         NaN       NaN 0.002525 0.086276 0.012791 0.013038    G+U 16.196182 0.006511 15.669092 0.005312 15.064785           0.005656 14.511489           0.004572 14.172163 0.003352  0.527090 0.008403  0.604307           0.007759  0.553296           0.007273           0.339326           0.005669 11.970638 13.744125 10.662647 0.089704 0.124435 0.090576 0.232839  0.004209  0.175890   0.003684 0.170648  0.028748
129.864242 18.248737 5.424634 0.102245 -34.513267 0.099612 -11.419784 0.068011 17.243530     2385.255154     4.488799 18.910093      372.717302     8.441109 15.977807     3221.331293    22.987728 1.265723         NaN       NaN 0.002043 0.024589 0.007748 0.008013    G+U 15.168115 0.003751 14.712519 0.003177 14.123365           0.003259 13.550245           0.002485 13.272733 0.001846  0.455596 0.004916  0.589153           0.004551  0.573120           0.004098           0.277513           0.003096 10.915382 12.581945  9.649659 0.040979 0.047747 0.041655 0.327160  0.002605  0.258235   0.002328 0.247584  0.025011
129.627639 18.121722 5.551174 0.107693 -33.889655 0.100390 -11.649205 0.065721 14.970850    19346.696812    12.609203 16.280016     4201.556204    25.333593 13.797863    23989.052449   136.939000 1.172987   39.067220  8.123221 0.000708 0.006547 0.006198 0.006238    G+U 13.142336 0.001428 12.773464 0.001213 12.233801           0.001268 11.634687           0.000888 11.379419 0.000667  0.368872 0.001873  0.539663           0.001755  0.599113           0.001548           0.255268           0.001110  8.692774 10.001940  7.519787 0.042133 0.042632 0.042580 0.563036  0.002830  0.505706   0.003903 0.519131  0.013782
129.642933 18.188021 5.596827 0.034439 -37.177573 0.032172 -11.808330 0.022192 14.825863    22110.648190     8.562205 15.897769     5974.606521    16.612522 13.800177    23937.984037    25.201130 1.025686   38.883980  4.040442 0.000420 0.003019 0.001143 0.001218    G+U 13.222075 0.001488 12.933797 0.001313 12.478301           0.001428 11.843636           0.000989 11.662093 0.000771  0.288279 0.001985  0.455496           0.001940  0.634665           0.001737           0.181542           0.001254  8.565573  9.637479  7.539887 0.013368 0.013699 0.013411 0.583209  0.000833  0.527114   0.000791 0.560858  0.007095
129.707038 18.265810 5.358542 0.015488 -35.534499 0.017149 -11.272379 0.013263 12.308580   224654.257245    72.742090 12.788989   104669.768987   176.590000 11.673492   169731.136886   143.808400 0.635089   34.345330  1.092013 0.000352 0.001832 0.000920 0.000985    G+U 11.412048 0.000626 11.303838 0.000620 10.984556           0.000699 10.867693           0.000609 10.441008 0.000411  0.108211 0.000881  0.319282           0.000935  0.116863           0.000927           0.426685           0.000735  5.953813  6.434222  5.318725 0.006286 0.006538 0.006344 0.851130  0.000522  0.835038   0.001017 0.837742  0.002894
130.209319 18.399800 5.958057 0.619239 -35.990303 0.549635 -10.427274 0.422059 19.817345      222.847990     0.998724 21.090374       50.034270     6.916485 18.290676      382.725789     7.643794 1.526668         NaN       NaN 0.004866 0.150087 0.021684 0.022224    G+U 17.328993 0.013157 16.567902 0.010427 15.833922           0.010457 15.257669           0.008947 14.881533 0.006398  0.761091 0.016788  0.733979           0.014767  0.576253           0.013763           0.376137           0.011000 13.692868 14.965897 12.166199 0.225740 0.271037 0.226727 0.156114  0.004897  0.116787   0.004136 0.121608  0.014495
130.079393 18.361897 5.297786 0.058387 -35.274646 0.058355 -11.943437 0.038488 16.063524     7071.910952     5.511022 17.425500     1462.907310    10.476121 14.917885     8550.753984    23.215536 1.145639         NaN       NaN 0.000846 0.007775 0.002948 0.003067    G+U 14.222349 0.002353 13.883003 0.002116 13.354124           0.002211 12.783937           0.001640 12.480706 0.001195  0.339346 0.003165  0.528879           0.003061  0.570187           0.002753           0.303231           0.002029  9.683996 11.045972  8.538357 0.023947 0.025163 0.024113 0.462470  0.001408  0.384407   0.003857 0.410717  0.015346
130.248475 18.367823 5.915631 0.077342 -36.097519 0.071939 -12.930586 0.053596 11.705749   391423.490887   167.423170 12.213638   177812.249025   234.412870 11.044004   303079.503887   260.499800 0.661745   35.946300  0.936604 0.000464 0.001431 0.000933 0.001042    G+U 11.327178 0.000595 11.040363 0.000569 10.794503           0.000643 10.954186           0.000649 10.296223 0.000390  0.286815 0.000823  0.245860           0.000858 -0.159683           0.000913           0.657964           0.000757  5.565755  6.073643  4.904009 0.028394 0.028426 0.028406 0.909064  0.002635  0.887332   0.002405 0.874327  0.004093
130.224557 18.382345 5.818948 0.317280 -35.261213 0.304041 -11.841582 0.219846 18.899408      519.019080     1.116751 20.734434       69.445351     6.137691 17.512043      784.045520     9.631349 1.387365         NaN       NaN 0.002336 0.095959 0.013337 0.013540    G+U 16.618850 0.008301 16.003330 0.007142 15.316967           0.007217 14.754082           0.006051 14.415057 0.004423  0.615521 0.010950  0.686363           0.010153  0.562885           0.009419           0.339025           0.007495 12.723630 14.558656 11.336265 0.118423 0.152403 0.119149 0.187210  0.003803  0.139838   0.002596 0.135873  0.019663
130.142182 18.359124 5.569576 0.117996 -36.459903 0.110066 -11.514551 0.082709 17.497032     1888.573174     2.381112 19.252064      272.013930     8.475232 16.239779     2530.735153    11.271377 1.257254         NaN       NaN 0.001369 0.033829 0.004836 0.005026    G+U 15.477484 0.004343 15.010578 0.003953 14.408411           0.004017 13.861874           0.003222 13.678700 0.002584  0.466906 0.005873  0.602167           0.005636  0.546537           0.005149           0.183174           0.004130 11.226143 12.981175  9.968890 0.046025 0.057103 0.046258 0.295193  0.002486  0.229031   0.002427 0.217972  0.025174
129.953909 18.347876 5.237942 0.441188 -35.216671 0.422667 -10.935989 0.340735 19.173939      403.061479     1.960952 19.828646      159.940445    16.946234 17.610004      716.401381    26.689880 1.563934         NaN       NaN 0.005282 0.115037 0.040450 0.040793      G       NaN      NaN       NaN      NaN       NaN                NaN       NaN                NaN       NaN      NaN       NaN      NaN       NaN                NaN       NaN                NaN                NaN                NaN 12.769742 13.424449 11.205807 0.182978 0.216071 0.187321 0.210640  0.007032  0.156521   0.005402 0.166460  0.023875
129.956480 18.347377 5.334381 0.024646 -35.084947 0.024039 -11.700488 0.016219  9.035502  4578740.786197   931.604430  9.202791  2846429.564868  1552.706400  8.733015  2546549.763358  1030.677000 0.302486   38.818190  0.759224 0.000221 0.000592 0.000439 0.000492      G       NaN      NaN       NaN      NaN       NaN                NaN       NaN                NaN       NaN      NaN       NaN      NaN       NaN                NaN       NaN                NaN                NaN                NaN  2.670922  2.838211  2.368435 0.010035 0.010050 0.010042 1.544927  0.001795  1.523279   0.001968      NaN       NaN
130.129281 18.432214 5.324817 0.060560 -34.238029 0.054675 -11.763127 0.036734 15.917646     8088.878640     6.264063 17.254900     1711.816287    17.740265 14.775864     9745.691539    28.404984 1.141783         NaN       NaN 0.000841 0.011252 0.003165 0.003274    G+U 14.089246 0.002162 13.719263 0.002016 13.244314           0.002106 12.621106           0.001524 12.361557 0.001133  0.369983 0.002956  0.474949           0.002915  0.623208           0.002600           0.259549           0.001899  9.549169 10.886423  8.407387 0.024711 0.027139 0.024898 0.477108  0.001571  0.401914   0.002215 0.427867  0.018156
130.101527 18.453760 5.661397 0.172938 -32.989485 0.163935 -12.889673 0.114198 11.374041   531288.526701   227.233630 11.796080   261207.228809   264.902900 10.787891   383708.807134   318.190120 0.586149   31.266445  0.792718 0.000464 0.001101 0.000900 0.001013      G       NaN      NaN       NaN      NaN       NaN                NaN       NaN                NaN       NaN      NaN       NaN      NaN       NaN                NaN       NaN                NaN                NaN                NaN  5.138659  5.560698  4.552509 0.066333 0.066341 0.066338 0.981171  0.006156  0.956466   0.006460 0.929920  0.008660
130.381237 18.500561 5.493711 0.021821 -36.289946 0.022382 -13.054613 0.016847 10.262821  1478489.671773   475.728420 10.532958   836053.045656   784.521400  9.832489   925044.460772   591.320700 0.430332   34.799820  0.278125 0.000349 0.001019 0.000694 0.000777    G+U 11.062680 0.000591 11.163185 0.000604 10.605339           0.000598 11.019755           0.000658 10.364107 0.000396 -0.100505 0.000845  0.557846           0.000850 -0.414416           0.000889           0.655648           0.000768  3.962150  4.232287  3.531818 0.008632 0.008685 0.008653 1.208533  0.001129  1.184856   0.001054 1.153523  0.003710
130.230294 18.583008 5.304061 0.025034 -34.803104 0.024292 -12.040977 0.016210 13.912745    51268.320961    16.090256 14.733122    17464.987032    27.795431 13.025825    48845.884162    34.155600 0.886919   35.163820  2.207076 0.000341 0.001728 0.000759 0.000832    G+U 12.547925 0.001160 12.304391 0.001028 11.874268           0.001084 11.590636           0.000873 11.229684 0.000600  0.243534 0.001550  0.430123           0.001494  0.283631           0.001392           0.360952           0.001059  7.535787  8.356165  6.648868 0.010254 0.010393 0.010277 0.673480  0.000520  0.644143   0.000535 0.674936  0.003802
129.837691 18.436665 5.223375 0.147574 -33.061952 0.146817 -11.749181 0.100973 17.999815     1188.559939     1.512509 19.919434      147.110553    10.587243 16.696325     1661.989596    10.691748 1.303490         NaN       NaN 0.001382 0.078138 0.006985 0.007120    G+U 15.870434 0.005846 15.285765 0.004404 14.719982           0.004747 14.136340           0.003537 13.704425 0.002566  0.584669 0.007319  0.565783           0.006475  0.583642           0.005920           0.431915           0.004370 11.589571 13.509190 10.286081 0.061365 0.099345 0.061746 0.258864  0.003480  0.201324   0.002940 0.183622  0.032017
129.918976 18.616256 5.164171 0.111677 -35.299387 0.100554 -11.492860 0.072682 17.050997     2848.054098     3.200250 18.850739      393.660013    10.726343 15.774384     3885.124633    15.648917 1.276613         NaN       NaN 0.001220 0.029584 0.004373 0.004540    G+U 14.946566 0.003576 14.432306 0.002805 13.887124           0.002916 13.336920           0.002146 13.012800 0.001635  0.514259 0.004545  0.545182           0.004046  0.550204           0.003620           0.324120           0.002698 10.616000 12.415742  9.339387 0.046975 0.055501 0.047162 0.355777  0.003033  0.284805   0.002922 0.262604  0.030904
129.900479 18.680229 5.593990 0.190757 -35.676099 0.179583 -11.643936 0.136057 18.172274     1013.999097     2.297984 20.068075      128.288163     7.937652 16.841543     1453.921195    10.953876 1.330730         NaN       NaN 0.002461 0.067178 0.008180 0.008542    G+U 16.018147 0.006325 15.467436 0.004935 14.841881           0.005165 14.310047           0.004178 13.983188 0.003221  0.550711 0.008022  0.625555           0.007143  0.531834           0.006643           0.326859           0.005275 11.910882 13.806683 10.580151 0.074089 0.099980 0.074498 0.235395  0.003516  0.177931   0.003113 0.167087  0.025685
130.070946 18.608228 5.553216 0.132001 -36.711311 0.120416 -11.972982 0.079472 17.266220     2335.921961     2.662439 18.938065      363.237646     9.764800 16.015116     3112.516300    15.393704 1.251104         NaN       NaN 0.001238 0.029187 0.005370 0.005511    G+U 15.275570 0.004207 14.769380 0.003356 14.173477           0.003458 13.634598           0.002593 13.331864 0.001939  0.506190 0.005382  0.595902           0.004819  0.538879           0.004322           0.302733           0.003237 10.988943 12.660788  9.737839 0.051631 0.059297 0.051895 0.318965  0.003232  0.250820   0.002841 0.242118  0.026448
130.079870 18.633993 5.255981 0.231393 -36.828569 0.223178 -12.355353 0.150754 18.590382      689.912806     1.430440 20.512592       85.188232     6.254800 17.231920     1014.823113    12.306866 1.358461         NaN       NaN 0.002251 0.079718 0.013167 0.013358    G+U 16.363130 0.007428 15.736093 0.005642 15.113794           0.006090 14.558650           0.004731 14.198089 0.003520  0.627038 0.009328  0.622298           0.008302  0.555144           0.007712           0.360561           0.005897 12.193651 14.115861 10.835189 0.095625 0.124475 0.096501 0.215647  0.003982  0.161238   0.003068 0.152443  0.024162
130.184813 18.656467 5.446813 0.019109 -34.881826 0.019412 -12.112473 0.012621 12.627024   167547.246545    70.774330 13.162320    74214.513401   120.484310 11.935357   133356.907020   138.972060 0.691667   34.659740  0.860610 0.000459 0.001763 0.001131 0.001221      G       NaN      NaN       NaN      NaN       NaN                NaN       NaN                NaN       NaN      NaN       NaN      NaN       NaN                NaN       NaN                NaN                NaN                NaN  6.307736  6.843032  5.616069 0.007632 0.007819 0.007702 0.803550  0.000570  0.788957   0.001060 0.800483  0.002901
130.139821 18.674437 5.324918 0.037492 -36.834211 0.038942 -12.128675 0.026830 11.446361   497052.927779   427.918460 11.829159   253368.956663   616.851400 10.901496   345588.908580   624.087650 0.544865   30.654663  1.819179 0.000935 0.002643 0.001961 0.002172      G       NaN      NaN       NaN      NaN       NaN                NaN       NaN                NaN       NaN      NaN       NaN      NaN       NaN                NaN       NaN                NaN                NaN                NaN  5.077925  5.460723  4.533060 0.015318 0.015516 0.015414 0.991185  0.001393  0.967051   0.001558 0.941387  0.004304
128.702000 17.932919 5.755165 0.164892 -34.532067 0.165845 -12.503465 0.120572 18.045620     1139.459388     1.713683 20.020206      134.070826    10.294745 16.751945     1578.992734     8.414576 1.293675         NaN       NaN 0.001633 0.083369 0.005786 0.006012    G+U 15.936324 0.005804 15.390872 0.004491 14.780981           0.004319 14.224198           0.003880 13.892801 0.003163  0.545452 0.007339  0.609891           0.006231  0.556783           0.005806           0.331397           0.005006 11.845909 13.820495 10.552234 0.062237 0.104025 0.062484 0.238389  0.003198  0.182257   0.002838 0.168328  0.029265
128.696272 18.021088 5.222357 0.017217 -33.930302 0.016166 -11.729223 0.011844 13.235995    95619.942079    38.353930 13.880220    38311.453598    73.536964 12.466862    81736.023060   100.864770 0.769134   36.250080  1.292596 0.000435 0.002084 0.001340 0.001409    G+U 12.036746 0.000877 11.884021 0.000827 11.491926           0.000882 11.037539           0.000661 10.872665 0.000534  0.152725 0.001206  0.392095           0.001209  0.454388           0.001102           0.164873           0.000850  6.825328  7.469553  6.056195 0.007172 0.007456 0.007283 0.745110  0.000433  0.722825   0.000614 0.748316  0.003402
128.724237 18.018118 5.505141 0.138365 -34.963957 0.138682 -12.551137 0.096720 17.821222     1401.064405     1.670180 19.695194      180.858580    10.472306 16.549625     1902.428211    11.046979 1.271597         NaN       NaN 0.001294 0.062868 0.006305 0.006436    G+U 15.723190 0.005285 15.225820 0.004158 14.612103           0.003977 14.054238           0.003369 13.752892 0.002739  0.497371 0.006724  0.613716           0.005754  0.557865           0.005212           0.301347           0.004342 11.525064 13.399036 10.253467 0.054593 0.083253 0.054940 0.264216  0.003330  0.205257   0.002640 0.191264  0.029654
129.001813 17.975892 5.358304 0.038667 -34.565260 0.040082 -11.631556 0.025964 15.511907    11753.951969    10.099320 16.792555     2620.563021    19.577694 14.383175    13992.266395    30.018879 1.128732         NaN       NaN 0.000933 0.008111 0.002329 0.002509    G+U 13.675826 0.001817 13.324609 0.001630 12.833770           0.001767 12.231873           0.001191 11.915492 0.000857  0.351217 0.002441  0.490839           0.002404  0.601897           0.002131           0.316381           0.001467  9.157044 10.437692  8.028312 0.015698 0.017645 0.015842 0.517244  0.000884  0.456743   0.002642 0.476137  0.014676
128.977128 18.149299 5.288050 0.016195 -34.437508 0.016016 -11.641280 0.012197 10.734722   957321.273709   383.108730 11.034366   526830.163226   453.230400 10.274084   615920.571290   354.897920 0.460638   35.318250  0.511795 0.000434 0.000934 0.000626 0.000762    G+U 11.300616 0.000607 11.142395 0.000567 10.671127           0.000609 10.748392           0.000577 10.089141 0.000351  0.158221 0.000831  0.471268           0.000832 -0.077265           0.000838           0.659251           0.000675  4.351200  4.650844  3.890562 0.006664 0.006715 0.006679 1.127919  0.000767  1.103334   0.000714 1.067160  0.003062
129.170970 18.307254 5.380658 0.038047 -36.295685 0.037568 -11.796015 0.031328 15.448349    12462.560709     7.774067 16.675869     2917.892290    10.975514 14.348002    14452.974490    22.975191 1.100347   45.580250  4.694623 0.000677 0.004084 0.001726 0.001854    G+U 13.606147 0.001728 13.324939 0.001634 12.846109           0.001762 12.265759           0.001212 11.942686 0.000906  0.281208 0.002378  0.478829           0.002403  0.580351           0.002138           0.323072           0.001513  9.102526 10.330046  8.002179 0.015370 0.015889 0.015451 0.523134  0.000852  0.463144   0.001383 0.488641  0.010043
128.946594 18.141584 5.472260 0.076088 -36.858375 0.074457 -12.385547 0.055004 16.525005     4623.223590     9.805679 18.078415      801.771669    19.147617 15.295356     6039.706433    37.249910 1.229650         NaN       NaN 0.002303 0.025929 0.006696 0.007081    G+U 14.541123 0.002904 14.123511 0.002384 13.522668           0.002299 12.941011           0.001752 12.673877 0.001430  0.417612 0.003757  0.600843           0.003312  0.581656           0.002891           0.267135           0.002262 10.215839 11.769249  8.986190 0.030281 0.039799 0.030926 0.404297  0.002025  0.333048   0.002278 0.328682  0.030249
128.996461 18.308181 5.279133 0.046414 -34.689724 0.044059 -11.688365 0.032175 15.739374     9532.290205     7.063583 17.026388     2112.815758    12.990298 14.615846    11293.271305    25.221725 1.123528         NaN       NaN 0.000805 0.006675 0.002425 0.002555    G+U 13.940169 0.002056 13.595921 0.001892 13.116467           0.002040 12.508251           0.001394 12.209713 0.001052  0.344248 0.002794  0.479454           0.002782  0.608216           0.002470           0.298538           0.001747  9.352187 10.639201  8.228659 0.019108 0.020225 0.019245 0.499147  0.001100  0.429113   0.004490 0.455041  0.013494
128.970240 18.314084 5.472257 0.047495 -36.487285 0.044532 -12.178610 0.031987 15.808823     8941.649358     7.018976 17.159870     1868.396222    14.331683 14.659287    10850.343950    19.101383 1.149536         NaN       NaN 0.000852 0.008328 0.001911 0.002093    G+U 13.962551 0.002078 13.604567 0.001900 13.100148           0.002022 12.477027           0.001374 12.224432 0.001062  0.357985 0.002816  0.504418           0.002775  0.623121           0.002445           0.252595           0.001736  9.499655 10.850702  8.350119 0.018866 0.020605 0.018943 0.482193  0.001227  0.409385   0.002927 0.431391  0.015716
129.131125 18.315225 5.489136 0.099968 -33.780988 0.093102 -12.769247 0.069680 17.045935     2861.363076     2.916500 18.864075      388.854560    13.083599 15.762860     3926.575324    19.593018 1.283074         NaN       NaN 0.001107 0.036531 0.005418 0.005530    G+U 14.924031 0.003291 14.454821 0.002880 13.851622           0.003001 13.319146           0.002188 12.992264 0.001667  0.469211 0.004373  0.603199           0.004159  0.532475           0.003714           0.326882           0.002751 10.743455 12.561595  9.460380 0.039562 0.053838 0.039916 0.343357  0.002818  0.274871   0.002589 0.249322  0.032473
129.097438 18.405790 5.279178 0.033563 -34.468694 0.031914 -11.872407 0.023733 15.156292    16309.101187     7.587654 16.288668     4168.215055    14.531806 14.102225    18124.577558    19.132270 1.054067   37.767580  5.297257 0.000505 0.003785 0.001146 0.001252    G+U 13.435315 0.001599 13.165978 0.001518 12.681797           0.001625 12.098413           0.001114 11.884977 0.000881  0.269338 0.002205  0.484180           0.002224  0.583384           0.001970           0.213436           0.001420  8.769123  9.901499  7.715056 0.013814 0.014315 0.013853 0.558281  0.000918  0.493467   0.004446 0.534320  0.008639
128.354949 18.346190 5.611153 0.178408 -35.616105 0.197646 -12.094155 0.126340 18.269712      926.961158     1.530682 19.922148      146.743095    17.339628 16.967620     1294.524216    12.622665 1.302092         NaN       NaN 0.001793 0.128294 0.010587 0.010738    G+U 16.180073 0.006448 15.668553 0.005294 15.046935           0.005067 14.479914           0.004780 14.178149 0.004048  0.511519 0.008343  0.621618           0.007328  0.567021           0.006966           0.301764           0.006264 12.014972 13.667408 10.712880 0.069066 0.145692 0.069849 0.229521  0.003497  0.175822   0.003178 0.174116  0.034436
128.390867 18.408294 4.963228 0.197550 -35.163628 0.193007 -12.249698 0.118882 18.283102      915.600029     1.568793 19.950020      143.023975    13.471526 16.993692     1263.809180    12.572270 1.289410         NaN       NaN 0.001860 0.102266 0.010801 0.010960    G+U 16.180449 0.006433 15.657784 0.005256 15.039618           0.005033 14.498721           0.004810 14.191926 0.004095  0.522664 0.008308  0.618166           0.007278  0.540897           0.006962           0.306795           0.006317 11.761923 13.428841 10.472513 0.086451 0.133898 0.087103 0.249394  0.004102  0.191916   0.003995 0.187508  0.034648
128.651759 18.398008 5.238035 0.025062 -33.339723 0.025606 -11.150020 0.017811 14.458054    31025.975369    10.980988 15.416958     9303.226430    26.168762 13.487009    31941.444675    33.748196 0.971045   34.094540  4.141566 0.000384 0.003054 0.001147 0.001210    G+U 12.934787 0.001339 12.692740 0.001197 12.225078           0.001228 11.643286           0.000897 11.426657 0.000716  0.242047 0.001797  0.467662           0.001715  0.581792           0.001520           0.216629           0.001148  8.053896  9.012800  7.082851 0.010397 0.010829 0.010453 0.624234  0.000546  0.587448   0.000695 0.618478  0.005899
128.840220 18.492777 5.223035 0.050506 -34.126846 0.052537 -11.956964 0.035285 15.842389     8669.443291    11.495365 17.185036     1825.586011    18.550205 14.700350    10447.639044    49.102596 1.142039         NaN       NaN 0.001440 0.011032 0.005103 0.005302    G+U 13.978261 0.002196 13.592616 0.001808 13.107011           0.001972 12.528476           0.001420 12.353739 0.001089  0.385645 0.002845  0.485605           0.002675  0.578535           0.002430           0.174737           0.001790  9.432004 10.774651  8.289965 0.021047 0.023720 0.021609 0.489669  0.001375  0.417273   0.005699 0.440109  0.017929
128.574989 18.470915 5.511792 0.133797 -34.401972 0.137955 -11.809532 0.092906 17.622555     1682.382750     2.179081 19.432362      230.394660    11.937813 16.341717     2303.940639    23.995316 1.280838         NaN       NaN 0.001406 0.056257 0.011308 0.011395    G+U 15.587673 0.004935 15.028290 0.003669 14.423065           0.003862 13.882689           0.003320 13.582964 0.002296  0.559383 0.006149  0.605225           0.005327  0.540377           0.005093           0.299725           0.004037 11.329019 13.138826 10.048181 0.052731 0.077093 0.053911 0.285474  0.003399  0.221785   0.002930 0.206282  0.030813
128.613922 18.697216 5.498034 0.262642 -33.250674 0.250212 -12.542136 0.182014 18.668274      642.151327     1.353262 20.848814       62.501584     8.307338 17.364237      898.387259     9.434660 1.304037         NaN       NaN 0.002288 0.144310 0.011402 0.011629    G+U 16.533794 0.008316 15.934385 0.006025 15.310361           0.006396 14.719163           0.005811 14.440509 0.004129  0.599409 0.010270  0.624024           0.008787  0.591198           0.008642           0.278654           0.007129 12.369311 14.549851 11.065274 0.103757 0.177723 0.104356 0.199937  0.004054  0.150528   0.003227 0.139104  0.028076
128.706838 18.784420 5.282274 0.069707 -32.926720 0.070891 -11.279952 0.054251 15.409495    12916.607617    12.587836 16.605250     3113.989319    14.184851 14.288101    15272.764333    29.544506 1.121394   27.799814  9.248230 0.001058 0.004946 0.002100 0.002352    G+U 13.597042 0.001822 13.264293 0.001558 12.783838           0.001686 12.185337           0.001184 12.048691 0.000962  0.332749 0.002397  0.480454           0.002295  0.598501           0.002060           0.136646           0.001525  9.023599 10.219354  7.902205 0.028675 0.029079 0.028733 0.532448  0.001630  0.469858   0.003182 0.497872  0.011195
128.642819 18.799000 5.261531 0.053562 -34.165299 0.054218 -12.299309 0.042179 16.039068     7233.020568     6.158550 17.473738     1399.335063    12.853020 14.863660     8988.647033    26.960957 1.175408         NaN       NaN 0.000924 0.009973 0.003257 0.003385    G+U 14.130074 0.002403 13.725068 0.001892 13.192735           0.002045 12.615027           0.001656 12.347174 0.001057  0.405006 0.003058  0.532333           0.002786  0.577707           0.002631           0.267854           0.001965  9.644629 11.079299  8.469221 0.022125 0.024251 0.022344 0.464914  0.001328  0.388906   0.002155 0.405981  0.018023
129.409100 18.482427 5.331997 0.018428 -35.356507 0.017820 -11.566108 0.013185 12.764074   147678.433329   108.899420 13.312497    64627.596452   205.240680 12.032352   121960.092418   541.694500 0.731723   35.852620  1.864784 0.000801 0.003448 0.004822 0.004888      G       NaN      NaN       NaN      NaN       NaN                NaN       NaN                NaN       NaN      NaN       NaN      NaN       NaN                NaN       NaN                NaN                NaN                NaN  6.398523  6.946946  5.666801 0.007547 0.008259 0.008921 0.793257  0.000553  0.777965   0.001055 0.790316  0.004105
129.422949 18.513247 5.234647 0.275502 -35.587040 0.245475 -12.282549 0.173795 18.847029      544.671829     1.198644 20.798084       65.491190     7.245063 17.529410      771.603567    13.165243 1.317619         NaN       NaN 0.002389 0.120111 0.018525 0.018678    G+U 16.695799 0.008961 16.087185 0.006714 15.437338           0.007058 14.891181           0.006028 14.541779 0.004468  0.608614 0.011197  0.649847           0.009741  0.546157           0.009282           0.349402           0.007503 12.441466 14.392521 11.123847 0.114310 0.165795 0.115777 0.198994  0.004243  0.148847   0.003262 0.143563  0.025887
129.673496 18.571172 5.609876 0.284967 -36.241960 0.276479 -13.393572 0.200774 19.009869      468.812861     1.218099 20.958733       56.483745     6.362907 17.637960      698.191175    10.305508 1.371908         NaN       NaN 0.002821 0.122308 0.016026 0.016272    G+U 16.811110 0.009769 16.159098 0.007198 15.501401           0.007740 14.971028           0.006303 14.734768 0.005022  0.652012 0.012135  0.657697           0.010570  0.530373           0.009982           0.236260           0.008059 12.754635 14.703499 11.382726 0.110341 0.164702 0.111463 0.183100  0.003627  0.137699   0.002480 0.132375  0.021130
129.223766 18.495800 5.366900 0.019191 -34.858494 0.018652 -11.688181 0.014321 13.473628    76823.783449    22.180124 14.187152    28877.258265    41.705956 12.656209    68655.357251    57.312412 0.817419   36.314034  1.802727 0.000313 0.001568 0.000906 0.000959    G+U 12.187896 0.000967 12.093299 0.000897 11.609179           0.000980 11.296179           0.000774 11.061155 0.000549  0.094597 0.001319  0.484119           0.001328  0.313001           0.001248           0.235023           0.000949  7.122246  7.835770  6.304827 0.007771 0.007922 0.007818 0.714461  0.000454  0.689141   0.000902 0.718136  0.003207
129.096802 18.545040 5.528340 0.352765 -34.977413 0.387343 -12.676648 0.286054 19.252697      374.859045     1.143446 21.075052       50.745357     6.344703 17.922047      537.451548     9.362072 1.330650         NaN       NaN 0.003312 0.135750 0.018913 0.019201    G+U 16.997374 0.010667 16.366539 0.007766 15.746203           0.008230 15.170845           0.007007 14.804375 0.005633  0.630835 0.013194  0.620336           0.011315  0.575358           0.010808           0.366470           0.008991 12.965671 14.788026 11.635021 0.138602 0.193978 0.139847 0.174121  0.004137  0.131239   0.002909 0.130925  0.020402
129.403208 18.611241 4.641484 0.271715 -36.038649 0.254157 -11.567416 0.193536 18.572947      701.080285     1.399199 20.701155       71.606954     6.324628 17.214745     1031.003947    10.764405 1.358202         NaN       NaN 0.002167 0.095897 0.011336 0.011541    G+U 16.413380 0.007482 15.767174 0.005487 15.079628           0.005584 14.519542           0.004533 14.207432 0.003468  0.646206 0.009278  0.687546           0.007829  0.560086           0.007193           0.312110           0.005708 11.906231 14.034439 10.548029 0.127138 0.159234 0.127624 0.231259  0.005697  0.173874   0.004927 0.156195  0.029846
129.387653 18.654280 5.541343 0.019474 -36.680005 0.018783 -12.364764 0.012899 10.532542  1153266.667092   400.476530 10.828239   636972.951687   657.765560 10.077238   738351.436793   799.946000 0.455304   34.355050  0.592325 0.000377 0.001121 0.001176 0.001235      G       NaN      NaN       NaN      NaN       NaN                NaN       NaN                NaN       NaN      NaN       NaN      NaN       NaN                NaN       NaN                NaN                NaN                NaN  4.250617  4.546314  3.795313 0.007640 0.007713 0.007721 1.148218  0.000916  1.123500   0.001319 1.087787  0.003515
129.265441 18.667301 5.509459 0.020690 -36.486776 0.021660 -13.107441 0.014604 13.576638    69870.108994    17.287868 14.335979    25178.229160    23.353245 12.729268    64187.555302    28.409983 0.847370   35.988403  1.427785 0.000269 0.001007 0.000481 0.000551    G+U 12.250093 0.000994 12.016782 0.000877 11.622194           0.000995 11.270585           0.000755 10.909798 0.000526  0.233312 0.001326  0.394588           0.001327  0.351609           0.001249           0.360787           0.000920  7.282183  8.041524  6.434813 0.008159 0.008217 0.008169 0.697834  0.000471  0.671559   0.000464 0.701177  0.002729
129.210372 18.681638 5.315474 0.116458 -33.761824 0.114762 -11.871092 0.074580 17.251637     2367.511268     2.935258 18.941687      362.028170     8.331113 16.002590     3148.631469    12.123456 1.249046         NaN       NaN 0.001346 0.024985 0.004181 0.004392    G+U 15.238244 0.004137 14.720527 0.003210 14.167939           0.003438 13.609345           0.002630 13.232073 0.001889  0.517717 0.005236  0.552588           0.004704  0.558595           0.004329           0.377272           0.003238 10.879347 12.569397  9.630300 0.047594 0.053737 0.047759 0.329499  0.003051  0.260004   0.002720 0.250151  0.025670
129.362606 18.810901 5.475479 0.117711 -34.727655 0.120102 -12.509306 0.080552 17.364876     2133.026605     2.847383 19.033470      332.681766    12.960910 16.118225     2830.530607    15.768520 1.246651         NaN       NaN 0.001449 0.042299 0.006048 0.006220    G+U 15.335721 0.004240 14.860477 0.003317 14.286919           0.003505 13.731712           0.002854 13.405670 0.002003  0.475244 0.005383  0.573559           0.004826  0.555206           0.004520           0.326042           0.003486 11.056987 12.725581  9.810336 0.046705 0.062995 0.047072 0.312490  0.003028  0.246753   0.002681 0.237142  0.030692
129.830549 18.639545 4.818472 0.310852 -37.996709 0.295693 -13.311739 0.216432 19.025984      461.905765     1.091661 21.007944       53.980753     7.046574 17.692951      663.708594     8.908497 1.333033         NaN       NaN 0.002566 0.141731 0.014573 0.014797    G+U 16.804610 0.009795 16.199986 0.007344 15.553596           0.008033 14.987973           0.006322 14.508638 0.004556  0.604624 0.012242  0.646389           0.010884  0.565623           0.010222           0.479335           0.007792 12.440531 14.422491 11.107498 0.140111 0.199278 0.140843 0.199012  0.005154  0.148821   0.003926 0.142097  0.027982
129.819958 18.672258 4.950551 0.512565 -37.387971 0.489606 -12.177681 0.347749 19.631252      264.512473     0.969278 21.595716       31.414494     5.183117 18.297314      380.392939     7.902457 1.333939         NaN       NaN 0.003979 0.179137 0.022556 0.022904    G+U 17.309807 0.013819 16.645220 0.010088 15.956813           0.010945 15.423908           0.009518 14.944222 0.006710  0.664587 0.017109  0.688407           0.014885  0.532905           0.014505           0.479686           0.011646 13.104520 15.068984 11.770582 0.224863 0.287468 0.225956 0.167075  0.005946  0.125603   0.004394 0.124422  0.021009
129.847654 18.666424 5.276202 0.034657 -35.459262 0.032714 -11.607356 0.024037 15.222378    15346.020517     6.059266 16.380314     3830.817464    15.150031 14.153616    17286.690068    20.564365 1.068762   60.883423  5.084631 0.000429 0.004294 0.001292 0.001361    G+U 13.457483 0.001780 13.146185 0.001542 12.708113           0.001652 12.113444           0.001179 11.770958 0.000843  0.311298 0.002355  0.438072           0.002260  0.594668           0.002030           0.342486           0.001450  8.833985  9.991921  7.765223 0.014270 0.014896 0.014322 0.550809  0.000837  0.493466   0.004445 0.524690  0.009487
129.847238 18.665528 5.225283 0.123369 -35.079657 0.116449 -12.270225 0.085279 17.675630     1602.117007     2.388308 19.405792      236.102229    14.533916 16.362925     2259.374400    24.606709 1.312706         NaN       NaN 0.001619 0.066835 0.011825 0.011935    G+U 15.532894 0.004906 15.011181 0.003873 14.459379           0.004140 13.897353           0.003205 13.603147 0.002481  0.521713 0.006250  0.551802           0.005669  0.562026           0.005236           0.294207           0.004053 11.266179 12.996341  9.953474 0.051294 0.084234 0.052614 0.294741  0.003046  0.231129   0.002961 0.213306  0.034743
129.740490 18.775181 5.531853 0.068587 -35.649206 0.068610 -12.431883 0.049194 16.548304     4525.072492     5.116446 18.106901      781.009509    10.329553 15.269399     6185.838144    17.048220 1.278905         NaN       NaN 0.001228 0.014360 0.002992 0.003234    G+U 14.535992 0.002911 14.085456 0.002373 13.496975           0.002387 12.927548           0.001794 12.708800 0.001389  0.450536 0.003756  0.588481           0.003366  0.569427           0.002986           0.218748           0.002269 10.262657 11.821254  8.983752 0.026951 0.030513 0.027089 0.399964  0.001693  0.328543   0.001467 0.318741  0.022842
129.916806 18.846962 5.323233 0.167424 -34.421712 0.183660 -11.592031 0.128752 18.156420     1028.913732     2.292589 20.022886      133.740333     9.450663 16.865602     1422.057861    13.603435 1.290817         NaN       NaN 0.002419 0.076723 0.010386 0.010664    G+U 16.018185 0.006257 15.477321 0.004934 14.912987           0.005335 14.380454           0.004352 14.013824 0.003278  0.540864 0.007968  0.564334           0.007267  0.532533           0.006885           0.366630           0.005448 11.787298 13.653764 10.496480 0.068339 0.102717 0.069081 0.244258  0.003232  0.186774   0.003162 0.176381  0.029189
129.828569 18.810086 5.327723 0.075706 -34.476393 0.071843 -12.137311 0.050537 16.636261     4172.944788     4.976399 18.244202      688.234480    12.002639 15.411938     5424.794574    19.177170 1.224323         NaN       NaN 0.001295 0.018935 0.003838 0.004051    G+U 14.586079 0.003015 14.135752 0.002468 13.617166           0.002598 13.060517           0.001941 12.742521 0.001439  0.450327 0.003896  0.518585           0.003583  0.556649           0.003243           0.317996           0.002416 10.268969 11.876910  9.044646 0.030883 0.036203 0.031094 0.396064  0.001952  0.323507   0.002847 0.318553  0.026142
129.858761 18.804675 5.035802 0.185841 -36.765823 0.181867 -12.030842 0.129854 18.167545     1018.424182     1.825104 20.036434      132.081883     8.445373 16.853788     1437.617066    10.499866 1.313757         NaN       NaN 0.001946 0.069422 0.007930 0.008165    G+U 16.012022 0.006238 15.483215 0.004950 14.881423           0.005269 14.345372           0.004265 14.029001 0.003321  0.528807 0.007963  0.601792           0.007229  0.536051           0.006779           0.316371           0.005405 11.677888 13.546777 10.364131 0.080159 0.106025 0.080527 0.252531  0.003655  0.193747   0.003599 0.180886  0.029205
129.897908 18.876820 5.451982 0.017486 -37.035605 0.017250 -12.407644 0.012144 10.581815  1102099.615515   426.959350 10.876499   609280.350169   791.588560 10.127614   704875.725837   782.946100 0.454201   35.077587  0.291297 0.000421 0.001411 0.001206 0.001277    G+U 10.610119 0.000465 10.607789 0.000467 10.091158           0.000465 10.424146           0.000490  9.734497 0.000298  0.002330 0.000659  0.516631           0.000659 -0.332988           0.000676           0.689649           0.000574  4.264587  4.559271  3.810386 0.006977 0.007106 0.007068 1.145347  0.000838  1.120425   0.000749 1.085061  0.003778
129.877793 18.948099 5.151487 0.145978 -36.241032 0.150727 -12.213157 0.098059 17.823036     1398.725303     1.916368 19.497833      216.912068    13.726329 16.541006     1917.589363     9.934054 1.282030         NaN       NaN 0.001488 0.068706 0.005625 0.005818    G+U 15.731028 0.005310 15.261153 0.004381 14.638724           0.004612 14.108836           0.003518 13.903163 0.003073  0.469874 0.006884  0.622429           0.006361  0.529888           0.005800           0.205673           0.004671 11.382699 13.057496 10.100669 0.061551 0.092233 0.061790 0.283420  0.003997  0.220344   0.003407 0.210644  0.033576
129.533545 18.741588 5.515279 0.188305 -35.614574 0.186843 -12.283079 0.131121 17.872210     1336.789270     2.062856 19.759407      170.472304    10.691460 16.600128     1815.963077    13.825432 1.272081         NaN       NaN 0.001675 0.068094 0.008266 0.008434    G+U 15.795539 0.005448 15.283990 0.004196 14.682887           0.004401 14.114245           0.003700 13.812493 0.002645  0.511549 0.006876  0.601103           0.006081  0.568642           0.005750           0.301752           0.004548 11.580047 13.467244 10.307965 0.074158 0.100665 0.074599 0.258692  0.003959  0.199618   0.003413 0.187417  0.030233
129.634516 18.781295 5.364888 0.052354 -35.060886 0.051648 -12.218700 0.035741 16.103468     6816.465330     3.786197 17.486736     1382.681214    10.673071 14.947980     8316.989630    19.908524 1.155488         NaN       NaN 0.000603 0.008381 0.002599 0.002668    G+U 14.252969 0.002549 13.855675 0.002130 13.352275           0.002246 12.776742           0.001666 12.535935 0.001260  0.397294 0.003322  0.503400           0.003095  0.575533           0.002796           0.240807           0.002089  9.751271 11.134539  8.595783 0.021199 0.022788 0.021349 0.455338  0.001267  0.377767   0.001608 0.400684  0.016056
129.605575 18.941633 5.658436 0.038992 -36.959232 0.040563 -13.967068 0.026334 15.416605    12832.303217     8.121771 16.843113     2501.336021    18.724869 14.236724    16012.850926    27.882294 1.179881   19.402230  5.528876 0.000687 0.008128 0.001891 0.002012    G+U 13.479159 0.001764 13.088769 0.001496 12.562252           0.001503 11.987064           0.001068 11.815471 0.000859  0.390390 0.002313  0.526517           0.002120  0.575188           0.001843           0.171594           0.001371  9.180087 10.606595  8.000206 0.014979 0.017028 0.015082 0.512168  0.000808  0.450203   0.003096 0.456745  0.016054
129.737044 18.858083 5.554474 0.050391 -36.873054 0.052088 -12.882803 0.035747 15.864371     8495.681637     7.651992 17.393362     1506.856752    15.091182 14.663837    10804.973482    26.057108 1.200535         NaN       NaN 0.000978 0.010874 0.002618 0.002795    G+U 13.887964 0.002143 13.449007 0.001753 12.937857           0.001802 12.397624           0.001355 11.961597 0.000916  0.438957 0.002769  0.511150           0.002514  0.540233           0.002254           0.436028           0.001635  9.587586 11.116577  8.387051 0.019724 0.022502 0.019873 0.468649  0.001211  0.395255   0.002319 0.401376  0.019665
129.678425 19.060650 4.920450 0.294673 -36.356424 0.297944 -13.437734 0.185489 18.851355      542.506312     1.447756 20.706413       71.260894     9.072676 17.527582      772.903671    10.037073 1.323772         NaN       NaN 0.002897 0.138232 0.014100 0.014394    G+U 16.648980 0.008812 16.086094 0.007126 15.436924           0.007772 14.906495           0.006360 14.627692 0.005518  0.562885 0.011332  0.649170           0.010544  0.530429           0.010042           0.278803           0.008420 12.311379 14.166437 10.987606 0.130076 0.189788 0.130806 0.208339  0.005339  0.156322   0.004162 0.151531  0.030446
129.568825 18.991252 5.440779 0.056492 -36.313374 0.058232 -12.727411 0.037863 16.147707     6544.305880     4.003857 17.526947     1332.409556    13.984941 14.980773     8069.547606    18.868315 1.166934         NaN       NaN 0.000664 0.011396 0.002539 0.002624    G+U 14.260647 0.002516 13.864356 0.002102 13.354666           0.002272 12.771151           0.001562 12.517776 0.001190  0.396291 0.003278  0.509690           0.003095  0.583515           0.002757           0.253375           0.001963  9.826013 11.205253  8.659079 0.022556 0.025263 0.022689 0.448333  0.001395  0.373741   0.001137 0.391915  0.018717
129.654968 19.021082 5.418897 0.061345 -33.984595 0.062962 -10.360931 0.041501 13.267087    92920.609918    35.707850 13.999805    34315.833099    67.023230 12.421906    85191.341643    78.882210 0.845181   34.594480  1.392708 0.000417 0.002121 0.001005 0.001088    G+U 11.922202 0.000850 11.739292 0.000793 11.347088           0.000837 11.202545           0.000722 10.708904 0.000488  0.182910 0.001162  0.392204           0.001152  0.144543           0.001105           0.493641           0.000871  6.936641  7.669359  6.091460 0.024586 0.024673 0.024603 0.732629  0.001412  0.709228   0.001615 0.731547  0.004300
128.917132 18.707824 5.331839 0.060607 -34.473241 0.062014 -11.508699 0.042635 16.188799     6301.261039     6.930513 17.757650     1077.349728    17.609110 14.963448     8199.342335    19.538103 1.225351         NaN       NaN 0.001194 0.017746 0.002587 0.002849    G+U 14.147243 0.002377 13.718642 0.001907 13.175914           0.002015 12.619276           0.001506 12.312965 0.001030  0.428600 0.003048  0.542728           0.002774  0.556638           0.002515           0.306311           0.001824  9.823184 11.392035  8.597833 0.024712 0.030400 0.024818 0.445049  0.001591  0.371939   0.001613 0.369879  0.025591
129.050114 18.735456 5.524963 0.095596 -35.614808 0.101620 -13.055412 0.073918 16.909399     3244.791974     3.512661 18.674637      462.979934     5.518471 15.639655     4398.415853    15.060730 1.269744         NaN       NaN 0.001175 0.012941 0.003718 0.003899    G+U 14.849428 0.003310 14.380491 0.002615 13.771465           0.002689 13.225123           0.002083 12.910773 0.001439  0.468937 0.004218  0.609026           0.003751  0.546342           0.003401           0.314350           0.002532 10.621046 12.386284  9.351302 0.037591 0.039738 0.037756 0.354793  0.002331  0.282363   0.002208 0.265574  0.020548
129.035833 18.747430 5.492142 0.023587 -36.173876 0.024622 -12.943997 0.018685 14.238120    37992.588957    16.255438 15.155485    11836.487583    28.878534 13.292022    38225.174583    45.190880 0.946098   37.820072  2.420742 0.000465 0.002649 0.001284 0.001365    G+U 12.721742 0.001201 12.500353 0.001066 12.061398           0.001179 11.511554           0.000852 11.314283 0.000612  0.221389 0.001606  0.438954           0.001590  0.549845           0.001455           0.197270           0.001049  7.936829  8.854194  6.990731 0.009337 0.009695 0.009414 0.635283  0.000504  0.601048   0.000600 0.632466  0.005220
129.225277 18.756807 5.497163 0.018969 -35.985936 0.018655 -11.768794 0.012683 12.414136   203841.383220    77.894870 12.913647    93316.486559   151.650960 11.762989   156301.262427   137.991550 0.651147   34.633812  1.205175 0.000415 0.001764 0.000959 0.001044    G+U 11.769873 0.000792 11.720284 0.000759 11.144685           0.000791 11.270026           0.000752 10.747022 0.000484  0.049589 0.001097  0.575599           0.001096 -0.125341           0.001091           0.523005           0.000894  6.114829  6.614340  5.463682 0.007504 0.007698 0.007554 0.829073  0.000569  0.813793   0.000531 0.821077  0.002850
129.214942 18.838634 5.602061 0.130838 -35.340003 0.133547 -12.753502 0.085783 17.443512     1984.001056     2.478239 19.220541      280.027354     8.749723 16.168331     2702.874872    13.862758 1.275181         NaN       NaN 0.001356 0.033925 0.005569 0.005731    G+U 15.371642 0.004342 14.863520 0.003396 14.293269           0.003609 13.748267           0.002825 13.464314 0.002189  0.508122 0.005513  0.570250           0.004955  0.545002           0.004583           0.283953           0.003574 11.185251 12.962280  9.910070 0.050734 0.061016 0.051020 0.298465  0.002557  0.231982   0.002663 0.218321  0.025678
129.087801 18.841006 5.057304 0.199266 -33.022752 0.199779 -12.076435 0.130589 18.299631      901.767353     1.499303 20.098510      124.742010     9.125230 17.018080     1235.738528     9.287214 1.281551         NaN       NaN 0.001805 0.079425 0.008160 0.008357    G+U 16.175667 0.006573 15.707046 0.005178 15.091048           0.005363 14.547448           0.004731 14.286633 0.003535  0.468621 0.008368  0.615997           0.007455  0.543600           0.007152           0.260816           0.005906 11.819226 13.618105 10.537675 0.085578 0.116742 0.085948 0.242861  0.003975  0.184707   0.003785 0.178371  0.029545
129.177731 18.895186 5.409087 0.020824 -35.716743 0.020671 -11.347070 0.014893 13.456867    78018.927035    18.092424 14.196793    28621.995933    27.659212 12.618774    71063.777847    41.757088 0.838093   35.693905  1.810412 0.000252 0.001049 0.000638 0.000686    G+U 12.147159 0.000920 11.953233 0.000834 11.542802           0.000929 11.053040           0.000680 10.840361 0.000498  0.193926 0.001242  0.410431           0.001249  0.489762           0.001151           0.212679           0.000843  7.122487  7.862413  6.284394 0.008364 0.008425 0.008384 0.713964  0.000487  0.688205   0.000529 0.715932  0.002740
129.234224 18.963273 5.983975 0.095960 -35.239897 0.085519 -11.906876 0.060548 14.222534    38541.881706    29.813660 15.303906    10324.155707    48.837510 13.180909    42344.255260    99.398910 1.041625   65.482230  5.521107 0.000840 0.005136 0.002549 0.002683    G+U 12.580467 0.001134 12.273205 0.000977 11.760226           0.001039 11.195094           0.000736 11.025928 0.000547  0.307262 0.001497  0.512979           0.001426  0.565132           0.001273           0.169167           0.000917  8.107483  9.188854  7.065858 0.034832 0.035199 0.034915 0.616910  0.001791  0.578930   0.002138 0.601971  0.009100
128.863026 18.814719 5.098349 0.087232 -33.884784 0.084342 -11.915906 0.059627 16.710072     3898.682203     4.312803 18.386470      603.710403    11.441284 15.448266     5246.285681    21.649820 1.261805         NaN       NaN 0.001201 0.020576 0.004481 0.004639    G+U 14.643458 0.002987 14.169129 0.002385 13.590487           0.002476 13.035770           0.001827 12.801508 0.001465  0.474329 0.003822  0.578643           0.003438  0.554716           0.003077           0.234262           0.002342 10.247220 11.923618  8.985414 0.037173 0.042471 0.037423 0.397024  0.002335  0.324827   0.003445 0.311116  0.028081
128.775796 18.823475 5.353754 0.080369 -34.947840 0.081821 -12.633565 0.060137 16.790026     3621.902676     3.608261 18.439926      574.706437    14.130111 15.561098     4728.450052    15.115328 1.228928         NaN       NaN 0.001082 0.026695 0.003471 0.003635    G+U 14.756659 0.003175 14.334784 0.002601 13.767160           0.002711 13.202071           0.002026 12.758024 0.001430  0.421875 0.004105  0.567624           0.003757  0.565089           0.003384           0.444047           0.002480 10.433318 12.083218  9.204390 0.032616 0.042133 0.032782 0.378690  0.002101  0.307902   0.002057 0.297304  0.030342
128.890957 18.929804 5.471796 0.025278 -35.834328 0.026577 -13.141516 0.018850 14.503793    29746.076062    12.390985 15.483910     8746.878679    14.383759 13.525738    30822.157560    23.555658 0.978055   36.252956  3.939153 0.000452 0.001785 0.000830 0.000945    G+U 12.910763 0.001323 12.666665 0.001176 12.228580           0.001309 11.667542           0.000895 11.339597 0.000655  0.244098 0.001770  0.438086           0.001760  0.561037           0.001586           0.327946           0.001109  8.194443  9.174560  7.216388 0.010042 0.010189 0.010066 0.611142  0.000600  0.572177   0.000939 0.604338  0.004699
129.079072 18.918980 5.531511 0.054833 -36.587598 0.051884 -13.449347 0.037286 15.913212     8121.982704     5.268125 17.266863     1693.058745    14.839722 14.756545     9920.649572    26.797468 1.156667         NaN       NaN 0.000704 0.009517 0.002933 0.003016    G+U 14.000884 0.002170 13.649757 0.001852 13.121502           0.001984 12.543251           0.001378 12.329456 0.001111  0.351127 0.002853  0.528255           0.002714  0.578251           0.002416           0.213795           0.001771  9.627431 10.981082  8.470764 0.021537 0.023535 0.021724 0.468879  0.001301  0.394769   0.002649 0.416640  0.016914
129.124202 18.965801 5.802505 0.456534 -36.807590 0.432658 -11.911721 0.307214  9.305221  3571566.080144   676.917400  9.528685  2108351.489060  1472.780600  8.928280  2127385.779511   814.404540 0.376941   34.841286  0.992341 0.000206 0.000758 0.000416 0.000464      G       NaN      NaN       NaN      NaN       NaN                NaN       NaN                NaN       NaN      NaN       NaN      NaN       NaN                NaN       NaN                NaN                NaN                NaN  3.123298  3.346762  2.746357 0.170849 0.170851 0.170849 1.414161  0.026567  1.391198   0.027194 1.371874  0.045861
128.935694 18.960585 5.742162 0.112580 -38.237189 0.121277 -13.375122 0.090863 17.485630     1908.509901     2.235503 19.290098      262.650085    10.166517 16.218845     2580.002476    12.306675 1.266785         NaN       NaN 0.001272 0.042026 0.005179 0.005333    G+U 15.402780 0.004392 14.930783 0.003554 14.345755           0.003778 13.803554           0.002916 13.618008 0.002509  0.471996 0.005650  0.585029           0.005187  0.542201           0.004773           0.185546           0.003847 11.281007 13.085475 10.014222 0.042592 0.059822 0.042887 0.289723  0.002609  0.225191   0.002345 0.210582  0.027170
128.898619 18.995669 5.373286 0.027197 -35.009378 0.028785 -11.959546 0.020315 14.694260    24959.913090     9.473124 15.704849     7136.369430    24.831740 13.694381    26387.953563    34.490450 0.999879   34.161926  3.705551 0.000412 0.003778 0.001419 0.001478    G+U 13.097017 0.001440 12.823693 0.001265 12.368951           0.001400 11.826654           0.000969 11.662184 0.000775  0.273324 0.001917  0.454742           0.001887  0.542297           0.001702           0.164470           0.001241  8.345460  9.356049  7.345581 0.010999 0.011622 0.011082 0.599809  0.000103  0.555348   0.000863 0.587403  0.007169
129.009875 19.073967 5.415560 0.220944 -35.894149 0.216598 -13.231762 0.147471 18.304369      897.840767     1.516768 20.243866      109.111425     7.900930 17.009540     1245.495485    10.808087 1.294828         NaN       NaN 0.001834 0.078620 0.009422 0.009599    G+U 16.165733 0.006551 15.659947 0.005277 15.061293           0.005663 14.507627           0.004644 14.187098 0.003795  0.505786 0.008412  0.598655           0.007740  0.553665           0.007323           0.320530           0.005997 11.972586 13.912083 10.677757 0.088611 0.118446 0.089091 0.229099  0.003990  0.172460   0.003477 0.163859  0.027013
129.384109 18.883925 5.319873 0.045112 -34.199134 0.046450 -12.648659 0.031222 15.454876    12387.856966     7.431074 16.686560     2889.303023    12.883619 14.357552    14326.415419    21.431974 1.097324   46.090680  6.539314 0.000651 0.004841 0.001624 0.001750    G+U 13.623985 0.001811 13.327560 0.001583 12.848509           0.001733 12.279046           0.001194 12.062282 0.000923  0.296425 0.002405  0.479052           0.002347  0.569463           0.002105           0.216764           0.001509  9.084382 10.316066  7.987058 0.018425 0.019040 0.018485 0.524628  0.001031  0.463188   0.001353 0.490478  0.010956
129.362566 18.976618 5.552023 0.062961 -35.776314 0.063797 -12.274444 0.043321 16.060843     7089.407944     5.358981 17.454418     1424.457533    13.809175 14.900679     8687.342270    20.048810 1.160164         NaN       NaN 0.000821 0.010525 0.002506 0.002637    G+U 14.145325 0.002333 13.791199 0.001986 13.292505           0.002157 12.740224           0.001530 12.525784 0.001190  0.354126 0.003064  0.498693           0.002932  0.552281           0.002644           0.214440           0.001938  9.783099 11.176674  8.622935 0.024639 0.026780 0.024752 0.451935  0.001489  0.377390   0.001807 0.395912  0.018102
129.502381 18.964638 5.109772 0.105835 -35.168595 0.111300 -12.450517 0.076187 16.205902     6202.770935    11.339886 17.798313     1037.747434    10.022895 14.941286     8368.423106    15.693759 1.264616         NaN       NaN 0.001985 0.010486 0.002036 0.002844    G+U 14.162811 0.002371 13.731595 0.001951 13.165836           0.002053 12.623393           0.001446 12.267648 0.001034  0.431216 0.003070  0.565759           0.002832  0.542443           0.002511           0.355745           0.001777  9.747910 11.340321  8.483294 0.045020 0.046183 0.045022 0.450968  0.002659  0.374694   0.002758 0.372157  0.020627
129.489665 18.973069 5.435246 0.203194 -34.219769 0.211931 -12.474361 0.134990 18.155752     1029.546017     1.843387 20.409760       93.651175     7.908640 16.828585     1471.379499    11.322393 1.327168         NaN       NaN 0.001944 0.091688 0.008355 0.008578    G+U 15.945831 0.005819 15.403322 0.004487 14.730463           0.004546 14.179918           0.003541 13.878821 0.002770  0.542509 0.007348  0.672859           0.006388  0.550545           0.005762           0.301097           0.004495 11.831848 14.085856 10.504681 0.081203 0.122462 0.081608 0.235170  0.003976  0.178818   0.003516 0.155437  0.029490
129.332786 19.053258 4.893918 0.096912 -33.403502 0.094135 -14.798573 0.076941 15.417643    12820.046276     9.759767 16.756270     2709.626754    19.806395 14.275617    15449.391985    27.503430 1.142026   30.061089  5.466447 0.000827 0.007936 0.001933 0.002102    G+U 13.563742 0.001836 13.218678 0.001557 12.652648           0.001603 12.063839           0.001131 11.925211 0.000865  0.345063 0.002408  0.566030           0.002235  0.588809           0.001962           0.138628           0.001424  8.865926 10.204553  7.723900 0.043009 0.043727 0.043044 0.543123  0.002426  0.480734   0.004214 0.501159  0.015310
129.379192 19.103900 5.511295 0.067319 -35.952870 0.067051 -12.913774 0.051908 13.367972    84675.497833    47.781166 14.075020    32019.087746    48.813560 12.532287    76956.207757    63.282852 0.835686   38.191960  1.513421 0.000613 0.001655 0.000893 0.001083    G+U 12.095959 0.000889 11.918566 0.000812 11.467483           0.000879 11.036486           0.000670 10.821277 0.000498  0.177393 0.001204  0.451083           0.001196  0.430997           0.001105           0.215209           0.000835  7.074240  7.781288  6.238555 0.026531 0.026576 0.026539 0.719889  0.001511  0.694871   0.001732 0.721625  0.003942
129.359802 19.132080 5.458825 0.021638 -35.943975 0.023004 -12.193077 0.016838 14.122580    42258.588905    19.897152 15.015838    13461.136860    33.028008 13.192012    41913.472789    48.238670 0.930568   35.706830  2.621212 0.000511 0.002664 0.001250 0.001350    G+U 12.646724 0.001144 12.453706 0.001041 11.969888           0.001110 11.427616           0.000810 11.208296 0.000602  0.193018 0.001546  0.483818           0.001521  0.542272           0.001374           0.219320           0.001009  7.808076  8.701334  6.877508 0.008623 0.009010 0.008698 0.647831  0.000468  0.614926   0.001028 0.645733  0.005057
129.555803 19.141570 5.413110 0.149851 -35.827642 0.137101 -12.195588 0.081950 17.599659     1718.238442     1.907951 19.378592      242.091703     9.021775 16.325083     2339.511887    12.036183 1.274576         NaN       NaN 0.001206 0.040461 0.005586 0.005714    G+U 15.483297 0.004597 15.012667 0.003648 14.432568           0.003768 13.879825           0.003056 13.566504 0.002282  0.470631 0.005868  0.580099           0.005244  0.552743           0.004851           0.313321           0.003814 11.266893 13.045826  9.992317 0.060125 0.072461 0.060372 0.291185  0.003416  0.225025   0.003138 0.212607  0.027034
129.447299 19.106818 5.382426 0.015035 -35.147706 0.015781 -12.752111 0.011858 12.019036   293313.735619   129.183620 12.475515   139704.551539   238.402200 11.405766   217196.034509   248.123260 0.613271   35.955410  0.643062 0.000478 0.001853 0.001240 0.001329    G+U 11.212901 0.000595 11.229949 0.000595 10.751724           0.000636 10.700151           0.000574 10.304165 0.000388 -0.017048 0.000841  0.478225           0.000871  0.051573           0.000856           0.395987           0.000693  5.673926  6.130405  5.060656 0.006084 0.006342 0.006191 0.893097  0.000558  0.872893   0.000542 0.867431  0.002965
129.424061 19.158507 5.313748 1.477463 -37.457759 1.541021 -12.040678 1.130792 20.648565      103.638418     0.960972 21.531511       33.328236     6.044262 19.160007      171.852104    10.312358 1.488558         NaN       NaN 0.010067 0.196904 0.065152 0.065925    G+U 18.192070 0.024366 17.394880 0.014497 16.616074           0.013869 16.028522           0.014481 15.638274 0.011025  0.797190 0.028353  0.778807           0.020063  0.587551           0.020051           0.390248           0.018200 14.275570 15.158516 12.787012 0.603852 0.635065 0.607273 0.145784  0.010916       NaN        NaN 0.117521  0.015702
129.426346 19.133718 5.382582 0.035369 -34.974247 0.036586 -12.040461 0.026267  9.691746  2501775.950427   545.809750  9.932220  1453880.002451   607.954470  9.296245  1515864.642652   384.732180 0.395501   34.333702  4.413084 0.000237 0.000454 0.000276 0.000363      G       NaN      NaN       NaN      NaN       NaN                NaN       NaN                NaN       NaN      NaN       NaN      NaN       NaN                NaN       NaN                NaN                NaN                NaN  3.346699  3.587173  2.951198 0.014271 0.014276 0.014272 1.354476  0.002114  1.330630   0.002383 1.310303  0.004330
129.445320 19.182132 5.110427 0.047444 -34.032960 0.045222 -12.506899 0.031377 15.771846     9251.420834     6.132015 17.006145     2152.577315    23.473373 14.651727    10926.158121    16.378740 1.120119         NaN       NaN 0.000720 0.011840 0.001628 0.001780    G+U 13.979771 0.002163 13.667456 0.001855 13.137668           0.001947 12.546838           0.001431 12.370501 0.001107  0.312315 0.002850  0.529788           0.002689  0.590830           0.002416           0.176337           0.001809  9.314132 10.548431  8.194013 0.020172 0.023379 0.020225 0.504373  0.001099  0.430038   0.003866 0.463804  0.017409
129.487478 19.236159 5.374647 0.018159 -35.385072 0.018182 -12.345973 0.012216 11.638589   416400.542504   225.152110 12.031762   210238.464246   428.406100 11.083295   292307.708811   433.117980 0.555294   35.312910  0.436514 0.000587 0.002212 0.001609 0.001713      G       NaN      NaN       NaN      NaN       NaN                NaN       NaN                NaN       NaN      NaN       NaN      NaN       NaN                NaN       NaN                NaN                NaN                NaN  5.290339  5.683512  4.735045 0.007360 0.007663 0.007511 0.955968  0.000782  0.931353   0.000624 0.914217  0.003329
129.214979 19.076343 5.399575 0.018816 -34.322264 0.018840 -13.131467 0.012801 13.329974    87691.391932    33.159290 14.004798    34158.421989    48.698437 12.540646    76365.995584    71.631454 0.789329   37.052345  1.905530 0.000411 0.001548 0.001018 0.001098    G+U 12.130657 0.000930 11.996023 0.000861 11.545165           0.000941 11.094893           0.000705 10.910726 0.000518  0.134634 0.001267  0.450858           0.001276  0.450273           0.001176           0.184167           0.000875  6.991772  7.666596  6.202444 0.007578 0.007724 0.007635 0.727977  0.000441  0.703624   0.000594 0.732101  0.003052
129.236476 19.091074 5.448314 0.197155 -32.865659 0.195440 -11.512543 0.133008 14.066304    44506.661452   105.661520 14.905082    14906.786867    31.243904 13.035784    48399.912958    83.684494 1.030520   36.836840  3.528241 0.002578 0.002276 0.001877 0.003189    G+U 12.502916 0.001111 12.272956 0.000985 11.804159           0.001064 11.255309           0.000763 11.115376 0.000573  0.229960 0.001484  0.468797           0.001450  0.548850           0.001309           0.139933           0.000954  7.747615  8.586393  6.717095 0.078620 0.078611 0.078600 0.657311  0.004016  0.626028   0.004643 0.648434  0.008227
129.151573 19.185153 5.435832 0.023410 -36.243970 0.023153 -12.776883 0.015434 14.067384    44462.416812    15.156801 14.935506    14494.871867    19.152208 13.150421    43550.150413    50.265736 0.916963   37.702194  3.258998 0.000370 0.001435 0.001253 0.001307    G+U 12.631739 0.001149 12.445974 0.001057 11.957078           0.001133 11.442873           0.000811 11.124041 0.000592  0.185764 0.001561  0.488896           0.001549  0.514205           0.001393           0.318832           0.001004  7.743714  8.611836  6.826751 0.009359 0.009461 0.009435 0.653823  0.000461  0.622180   0.000783 0.653304  0.003660
129.037134 19.158527 5.473467 0.061190 -35.926983 0.063402 -13.160160 0.042726 16.089172     6906.808760     5.388221 17.547924     1306.915041    15.811536 14.907248     8634.934645    27.217617 1.181925         NaN       NaN 0.000847 0.013136 0.003422 0.003526    G+U 14.118513 0.002313 13.744088 0.001922 13.227937           0.002049 12.630107           0.001522 12.473467 0.001200  0.374425 0.003007  0.516151           0.002809  0.597830           0.002552           0.156640           0.001938  9.780485 11.239237  8.598561 0.024290 0.027602 0.024516 0.450834  0.001504  0.376555   0.002602 0.388485  0.020862
129.094368 19.191429 5.525288 0.018734 -35.352418 0.018446 -12.253262 0.012200 12.118415   267658.247113   112.714010 12.583787   126445.169813   284.233060 11.495761   199918.862471   215.320340 0.622654   37.121662  1.078847 0.000457 0.002441 0.001169 0.001256    G+U 11.650791 0.000728 11.714030 0.000740 11.099355           0.000743 11.066200           0.000685 10.601221 0.000449 -0.063239 0.001038  0.614676           0.001048  0.033154           0.001011           0.464979           0.000819  5.830189  6.295561  5.207535 0.007377 0.007757 0.007455 0.869361  0.000652  0.851970   0.001004 0.850938  0.003352
129.201894 19.257354 5.445234 0.019302 -35.549991 0.019807 -13.427665 0.013976 13.364043    84982.477149    24.164380 14.070278    32159.216688    49.220856 12.548702    75801.438780    67.421555 0.815341   34.735218  1.583103 0.000309 0.001662 0.000966 0.001014      G       NaN      NaN       NaN      NaN       NaN                NaN       NaN                NaN       NaN      NaN       NaN      NaN       NaN                NaN       NaN                NaN                NaN                NaN  7.044126  7.750361  6.228785 0.007704 0.007875 0.007758 0.722332  0.000450  0.697886   0.000534 0.725124  0.003279
129.367311 19.162282 5.741233 0.251254 -36.074268 0.247491 -14.092231 0.180533  9.359429  3397620.222218   572.442300  9.565087  2038835.163798   789.997130  9.004401  1983342.201059   736.554800 0.355028   37.103200  1.269927 0.000183 0.000421 0.000403 0.000443      G       NaN      NaN       NaN      NaN       NaN                NaN       NaN                NaN       NaN      NaN       NaN      NaN       NaN                NaN       NaN                NaN                NaN                NaN  3.154455  3.360113  2.799427 0.095030 0.095031 0.095031 1.405243  0.014671  1.382049   0.015080 1.365878  0.025527
129.400844 19.265018 5.311052 0.016046 -34.613597 0.017170 -13.042842 0.011123 13.078225   110574.921268    53.721027 13.703674    45076.199235    79.965090 12.326109    93049.656961   124.937150 0.752116   35.519260  1.279420 0.000527 0.001926 0.001458 0.001550    G+U 11.933965 0.000838 11.801285 0.000777 11.428688           0.000871 11.044767           0.000682 10.822263 0.000499  0.132680 0.001143  0.372597           0.001167  0.383921           0.001106           0.222505           0.000845  6.704128  7.329577  5.952012 0.006582 0.006838 0.006721 0.757671  0.000404  0.737530   0.000722 0.760062  0.003197
129.444683 19.267162 5.469810 0.098291 -34.564419 0.105635 -12.996066 0.072188  6.699501 39368295.453425  9797.287000  6.786930 26341772.892976 24266.904000  6.510994 19713345.530106 15506.429000 0.188506         NaN       NaN 0.000270 0.001000 0.000854 0.000896    G+H       NaN      NaN       NaN      NaN       NaN                NaN       NaN                NaN       NaN      NaN       NaN      NaN       NaN                NaN       NaN                NaN                NaN                NaN  0.389362  0.476791  0.200856 0.039022 0.039034 0.039030 2.327463  0.002272  2.271101   0.000967      NaN       NaN
129.390309 19.310937 5.510939 0.049415 -36.242002 0.049181 -11.980284 0.032811 15.624946    10591.764736     8.430625 16.976599     2211.961111    14.489184 14.477839    12823.976698    22.760813 1.147107         NaN       NaN 0.000864 0.007112 0.001927 0.002112    G+U 13.891894 0.002276 13.389317 0.001692 12.865590           0.001654 12.292280           0.001236 12.004072 0.001250  0.502578 0.002836  0.523726           0.002366  0.573310           0.002065           0.288208           0.001758  9.331074 10.682727  8.183967 0.019490 0.020729 0.019566 0.499646  0.001110  0.430022   0.003872 0.449827  0.014472
129.261001 19.328414 5.211118 0.063455 -33.502929 0.065835 -11.508443 0.044885 15.773745     9235.252411     5.486598 17.140385     1902.230714    19.758272 14.620621    11243.714340    20.991907 1.153124         NaN       NaN 0.000645 0.011277 0.002027 0.002127    G+U 13.886755 0.002268 13.551444 0.001820 13.028790           0.001782 12.423505           0.001319 12.139092 0.001341  0.335311 0.002908  0.522654           0.002547  0.605286           0.002217           0.284412           0.001881  9.358400 10.725040  8.205276 0.026449 0.028746 0.026519 0.496741  0.001583  0.419035   0.003635 0.445056  0.018438
129.203805 19.316422 5.530747 0.045134 -37.119895 0.044976 -13.501372 0.031446 15.462210    12304.466077    11.385237 16.768456     2679.380524    17.643646 14.328660    14712.765398    36.823460 1.133550         NaN       NaN 0.001005 0.007150 0.002717 0.002897    G+U 13.667436 0.002009 13.737005 0.001953 12.782077           0.001589 12.220078           0.001173 11.952271 0.001194 -0.069570 0.002802  0.954928           0.002518  0.561999           0.001975           0.267806           0.001674  9.176129 10.482375  8.042579 0.017749 0.019109 0.017928 0.514602  0.000969  0.450544   0.002864 0.471544  0.014030
129.350659 19.416948 5.387156 0.031628 -35.028344 0.032431 -13.380919 0.020965 14.954064    19648.126449     8.470003 16.200684     4520.052348    15.128444 13.851150    22840.129092    27.892390 1.102915   40.437332  4.458114 0.000468 0.003634 0.001326 0.001406    G+U 13.162398 0.001603 12.802058 0.001271 12.338391           0.001274 11.858401           0.000989 11.489158 0.000916  0.360340 0.002046  0.463667           0.001800  0.479990           0.001613           0.369244           0.001348  8.610862  9.857482  7.507948 0.012757 0.013257 0.012818 0.573286  0.000874  0.515354   0.002681 0.538066  0.009050
132.295572 22.203655 5.046278 0.093938 -35.314195 0.107034 -12.701056 0.071247 17.364359     2134.043901     1.892817 18.806185      410.150505     9.321278 16.196678     2633.219402    11.922230 1.167681         NaN       NaN 0.000963 0.024675 0.004916 0.005009    G+U 15.502620 0.004927 15.080434 0.004082 14.553695           0.004220 14.022770           0.003816 13.778876 0.004386  0.422186 0.006399  0.526739           0.005871  0.530925           0.005689           0.243894           0.005814 10.879215 12.321041  9.711534 0.040434 0.047359 0.040720 0.335283  0.002693  0.265711   0.002459 0.275766  0.024952
132.179971 22.499647 5.652305 0.191922 -37.620700 0.193035 -14.394995 0.133619 18.483839      761.046198     1.088769 20.309910      102.672260     6.893275 17.180630     1063.913358     8.197369 1.303209         NaN       NaN 0.001553 0.072895 0.008366 0.008508    G+U 16.387770 0.007865 15.860302 0.006448 15.232952           0.005985 14.663980           0.005923 14.360588 0.003756  0.527468 0.010171  0.627350           0.008798  0.568973           0.008421           0.303391           0.007014 12.244967 14.071038 10.941758 0.073748 0.103682 0.074204 0.212573  0.003037  0.159350   0.002419 0.156121  0.022924